title|link|date|cosmo_link|contents|category|title_name|check|member|magazine|word_jenny
아이돌들의 '최애' 주얼리는?|http://v.media.daum.net/v/20201119121642288|2020.11.19|http://v.media.daum.net/v/20201119121642288?f=o|"[['「 Layered Pearl 」', '「 Layered Pearl 」', '', '', '', '', '', '', '', '중년 이상 여자용으로 여겨졌던 진주가 여돌, 남돌 할 것 없이 초강세. 과거처럼 큰 해수 진주가 아니라 쌀알 같은 담수진주나 인조 진주를 다른 소재와 레이어링하는 스타일.', '「 Ethnic & Antique 」', '「 Ethnic & Antique 」', '', '', '', '', '', '', '', '', '', '「 Simple Silver 」', '「 Simple Silver 」', '', '', '', '', '', '', '', '', '', '남돌들이 일상에서 가장 자주 착용하는 심플한 실버 주얼리가 여돌들 사이에서도 유행. 스테이씨 윤의 볼드한 실버 초커는 뱅 헤어와 어울리며 마치 클레오파트라 같은 느낌. 태연이 한 레이어드 실버 목걸이는 그가 일상에서도 즐겨 하는 스타일. 하얗고 가는 목에 찰떡같이 어울린다. 방탄소년단 제이홉은 길이가 다른 펜던트 두 개만 심플하게 하고 반지까지 생략했다. 올 네이비 컬러 룩에 작지만 강력한 액센트. NCT 루카스의 볼드한 실버 체인 목걸이와 심플한 귀걸이는 데님 재킷을 더 거칠게 드러낸다. 17일 미니 2집 〈웁스(Woops!)〉로 컴배한 우즈는 언제나 빛나는 패션 감각에 맞게 주얼리는 최소화. 이날 무대의상의 복잡한 컬러와 패턴에 딱 할 일만 하는 단순한 펜던트 하나만 했다.', '「 80’s Vibe 」', '「 80’s Vibe 」', '', '', '', '', '', '', '', '', '', ""지난 봄부터 꾸준히 유행인 강렬한 80년대 바이브가 겨울에도 쭉. 신곡 ‘마고(Mago)’로 컴백해 정상을 재확인한 여자친구 은하의 귀걸이는 디스코 룩 그 자체. 지난 달 컴백해 ‘스타(star)’로 활동을 이어 가는 이달의 소녀 희진의 드롭 이어링도 마치 그 위에 미러 볼이 반짝일 것 같은 ’80년대 감성이다. 스파게티 스트랩 톱과 찰떡. 지난 15일, 신곡 '이데아(IDEA:理想)'로 컴백한 태민의 화려한 골드 주얼리들은 레트로 풍 자카드 수트와 함께 치명적인 분위기를 연출한다. 일상에선 힙합 패션에 해도 좋다. 30일 데뷔를 앞둔 엔하이픈 희성이 한쪽에만 한 십자가 형태 드롭 이어링은 ’80년대 조지 마이클의 트레이드 마크. 최근 남돌들 사이에 다시 마이크로 트렌드로 떠올랐다. 스테이씨 재이는 커다란 골드 귀걸이를 레트로 풍 웨이브 단발과 매치했다. 다른 주얼리가 필요 없는 상태.""], ['', '', '', '', ""지난 17일 '블랙맘바(Black Mamba)'로 화려하게 데뷔한 에스파의 윈터는 온통 진주의 축복을 받은 것 같은 스타일. 두 번 감은 비즈 목걸이와 헤어 핀, 의상에까지 크고 작은 진주로 변화를 줬다. 23일 정규 2집 〈엔시티 더 세컨드 앨범 레조넌스 파트2(NCT The 2nd Album RESONANCE Pt.2)〉로 컴백을 예고한 NCT 태용은 초커부터 오페라까지 모든 길이 진주 비드 목걸이로 빛나는, 고 샤넬 여사가 칭찬할 만한 ‘진주 남신’으로 탄생했다. 12일 두 번째 싱글 ‘테디베어(Teddy Bear)’로 컴백한 상큼발랄 소녀 나띠는 깜찍한 초커를 진주로 선택했다. 수트와 리본까지 있어서 목걸이는 심플한 스타일로 굿 초이스. 지난 12일 화려하게 데뷔한 걸그룹 스테이씨의 세은은 진주 비즈와 다른 체인이 번갈아 등장하는 목걸이와 화려한 귀걸이로 명화 속 여인 느낌. 스테이씨의 첫 번째 싱글 앨범 〈스타 투 어 영 컬처(Star To A Young Culture)'의 '소 배드(SO BAD)' 뮤직비디오는 일주일 만에 유튜브 천만 뷰 돌파가 예상된다."", '', '', '', '', '', '원래 여름에 찾아오던 트렌드인데 올해는 겨울부터 에스닉 무드. 컬러풀한 구슬, 가죽, 삼 끈, 오래된 동전 같은 민속적이거나 고대 유물 같은 자연 소재 주얼리들이 아이돌 사이에 부쩍 눈에 띈다.', '블랙핑크 리사는 금속 장식으로 가죽 끈을 조이는 ‘볼라 타이’를 해 미 서부 카우보이 같은 느낌을 냈다. 작은 유리, 금속 소재 비즈 목걸이와 함께 레이어 해 체크 패턴 셔츠가 더 돋보인다. 다양한 비즈와 실버 목걸이, 귀걸이, 반지를 함께 한 비투비 민혁은 에스닉 룩의 정석. 지난 16일 발매한 미니 앨범 〈인사이드(Inside)〉가 아이튠스 16개 지역 앨범 차트 정상을 차지하며 유닛 비투비 포유의 막강한 가창력을 빛내는 중. 17일 싱글 앨범 〈레디올낫(Ready or Not)〉으로 컴백한 모모랜드 혜빈은 컬러풀한 비즈 목걸이를 중심으로 금속 체인과 오래된 초상화를 연상시키는 펜던트가 비비드한 의상과 잘 어울린다. 제인과 나윤의 가는 비즈 목걸이와 꽃 모양 귀걸이는 귀여우면서도 민속적인 느낌이 가득. NCT 윈윈의 긴 비즈, 금속, 술 목걸이는 자연에서 얻은 소재로 막 만든 것처럼 신선. 자칫 평범해 보일 수 있는 니트 풀오버를 단숨에 에스닉 룩으로 바꿨다.', '', '', '', '', '', '', '', '', '', '']]"|FASHION|0|0|L|C|['블랙핑크 리사는 금속 장식으로 가죽 끈을 조이는 ‘볼라 타이’를 해 미 서부 카우보이 같은 느낌을 냈다. 작은 유리, 금속 소재 비즈 목걸이와 함께 레이어 해 체크 패턴 셔츠가 더 돋보인다. 다양한 비즈와 실버 목걸이, 귀걸이, 반지를 함께 한 비투비 민혁은 에스닉 룩의 정석. 지난 16일 발매한 미니 앨범 〈인사이드(Inside)〉가 아이튠스 16개 지역 앨범 차트 정상을 차지하며 유닛 비투비 포유의 막강한 가창력을 빛내는 중. 17일 싱글 앨범 〈레디올낫(Ready or Not)〉으로 컴백한 모모랜드 혜빈은 컬러풀한 비즈 목걸이를 중심으로 금속 체인과 오래된 초상화를 연상시키는 펜던트가 비비드한 의상과 잘 어울린다. 제인과 나윤의 가는 비즈 목걸이와 꽃 모양 귀걸이는 귀여우면서도 민속적인 느낌이 가득. NCT 윈윈의 긴 비즈, 금속, 술 목걸이는 자연에서 얻은 소재로 막 만든 것처럼 신선. 자칫 평범해 보일 수 있는 니트 풀오버를 단숨에 에스닉 룩으로 바꿨다.']
블핑 과거 미공개 영상을 여기서 볼 수 있다고?|http://v.media.daum.net/v/20201015145934137|2020.10.15|http://v.media.daum.net/v/20201015145934137?f=o|[[], ['', '할리우드 감독이 만든 블핑 다큐 〈블랙핑크: 세상을 밝혀라〉', '넷플릭스에서는 어제(14일) 블랙핑크의 속내를 담은 다큐멘터리 〈블랙핑크: 세상을 밝혀라〉를 공개했다. 지수, 제니, 로제, 리사의 솔직 담백한 모습이 담긴 이번 다큐멘터리에서는 블랙핑크가 어떻게 세계적인 스타로 거듭날 수 있었는지 그 과정을 고스란히 보여준다. 각자 다른 나라에서 보냈던 유년 시절부터 지금까지, 여태 볼 수 없었던 미공개 비하인드 영상이 가득하다고! 흥미로운 건 할리우드 감독이 제작했다는 점이다. 한국인이 아닌 할리우드 감독이 바라본 블랙핑크와 K팝 문화는 어떨까?', '', '구글, 페이스북 사람들이 말하는 〈소셜딜레마〉', '구글, 페이스북, 핀터레스트 사람들이 말한다. “핸드폰을 멀리해야 합니다.” 소셜미디어를 만들어왔던 사람들이 이런 이야기를 하는 이유는 뭘까? 다큐멘터리 〈소셜딜레마〉에서는 우리가 몰랐던 핸드폰 뒤편의 세상을 적나라하게 보여준다. 소셜미디어의 고객은 사용자가 아닌 광고주라는 사실을 토대로 자본주의가 얼마나 소셜미디어를 좌지우지하는지를, 소셜미디어가 전 세계 인구를 얼마나 조종하는지를 실리콘밸리 사람들의 인터뷰를 통해 알려준다. 등골 오싹한 SNS의 실체를 알고 싶다면 지금 넷플릭스에서 검색해볼 것. 절로 핸드폰을 내려놓게 될 테니까.', '', '내 돈도 괜찮지 않을 수 있다 〈검은돈〉', '코로나19로 인해 경제가 흔들리면서 너도나도 주식 시장에 몰려들었다. 일명 ‘개미들’이 바글바글해진 이곳, 내 돈은 안전한 걸까? 넷플릭스 다큐멘터리 시리즈 〈검은돈〉에서는 아무 것도 맹신하지 말라는 메시지를 던지고 있다. 부패, 착취, 사기 등 부조리한 것들이 만연한 이 사회에서는 내 지갑과 생명이 안전하지 않다는 주장이다. 폭스바겐, HSBC은행, 트럼프, 웰스파고 등 미국 주요 회사와 인물들 사이에서 일어났던 사건을 시즌1, 2 총 12편에 걸쳐 보여준다. 내부고발자와 조력자의 이야기를 토대로 드러나는 무한한 금융 범죄, 오늘도 내 돈은 괜찮은 걸까?']]|LIFE|0|0|L|C|['넷플릭스에서는 어제(14일) 블랙핑크의 속내를 담은 다큐멘터리 〈블랙핑크: 세상을 밝혀라〉를 공개했다. 지수, 제니, 로제, 리사의 솔직 담백한 모습이 담긴 이번 다큐멘터리에서는 블랙핑크가 어떻게 세계적인 스타로 거듭날 수 있었는지 그 과정을 고스란히 보여준다. 각자 다른 나라에서 보냈던 유년 시절부터 지금까지, 여태 볼 수 없었던 미공개 비하인드 영상이 가득하다고! 흥미로운 건 할리우드 감독이 제작했다는 점이다. 한국인이 아닌 할리우드 감독이 바라본 블랙핑크와 K팝 문화는 어떨까?']
블랙핑크 멤버들의 실제 성격을 밝혀라|http://v.media.daum.net/v/20201014184113530|2020.10.14|http://v.media.daum.net/v/20201014184113530?f=o|[[], ['', '[블랙핑크: 세상을 밝혀라]는 레이디 가가, 테일러 스위프트 등 내로라하는 글로벌 아티스트를 중심으로 흥미로운 다큐멘터리를 선보여온 넷플릭스가 최초로 K-POP 그룹을 조명해 제작한 다큐멘터리다. 새로운 한류를 불러일으키고 있는 K-POP 그룹이 어떤 과정을 통해 발굴되고 성장하는 지를 전 세계 시청자들에게 소개한다. 이 글로벌한 프로젝트를 연출한 캐롤라인 서의 비하인드 인터뷰를 담았다.', '블랙핑크는 늘 진행 중인 프로젝트를 누설하지 않고 대중에게 신비감을 유지한다. 내부 관계자가 된 소감은 어땠는지? 다큐멘터리 제작에 대한 기밀 유지를 위해 어떤 식의 노력을 했는지?', '모든 다큐멘터리는 늘 기밀을 유지해야 하고 촬영 중인 내용을 외부에 유출하지 않기 때문에 그 부분은 평소와 다를 바 없으리라 생각했다. 그러다 블랙핑크의 일거수일투족에 사람들이 얼마나 관심이 많은지를 인지하게 됐다. 블랙핑크에 대해 공개되는 모든 정보는 매우 적지만, 멤버들은 언제나 무언가를 진행 중이었다. 그 부분이 매우 흥미로운 점이었는데, 대중에 공개하는 결과물 이외에도 블랙핑크는 끊임없이 달리고 있었다. 항상 새로운 노래를 시도해보고 최선의 선택을 위한 고민을 하느라 스튜디오를 떠나질 않는다는 인상을 받았다.', '촬영 당시 블랙핑크가 진행 중이던 작업은?', '당시에 블랙핑크는 지금 선보이는 곡들을 작업을 하는 중이었기 때문에 발매 훨씬 이전에 레이디 가가와 함께한 ‘사워캔디’를 듣는 과정을 촬영할 수 있었다. 올여름에 대히트한 그 곡을 공개되기 전에 먼저 들어볼 수 있었다는 사실이 정말 멋졌다.', '연습생 기간에 대해 깊이 얘기하는 부분에 대한 소감은?', '거부감 없이 얘기를 털어놔 줘서 놀랍고도 기뻤다. 어떻게 보면 [블랙핑크: 세상을 밝혀라]의 핵심이 바로 이것이다. 아주 어린 나이, 실제로는 소녀 시절부터 그 여정을 시작해 자신들의 의지 하나로 살아남고 이겨낸 것이니까. 데뷔할 당시 그들은 완벽하게 준비된 상태였다. 인터뷰 중 그 과정이 얼마나 힘들었는지에 대해 다들 얘길 했지만, 멤버 전원이 공통으로 한 말은 바로 ‘난 절대 그만두지 않을 거야’였다. 그들이 왜 특별한지 보여주는 부분이었다.', '', '지수는 맏언니로 멤버 중 유일하게 유년 시절을 한국에서 보낸 멤버인데.', '이번 다큐멘터리에서 본인이 말하듯이, 지수는 블랙핑크의 맏언니로서 그 역할을 충실히 해내며 모두를 챙기는 멤버다. 특히 지수에 대해 테디가 한 말이 정말 마음에 들었는데, “사람들은 지수가 book smart라고 생각하는데 사실 street smart다”라고 표현했다. 지수는 매우 차분하고, 조용한 강인함이 느껴진다. 누군가는 지수의 부드러움만 보고 내면의 힘을 과소평가할지 모르지만, 정말 강한 힘을 가진 사람이다.', '제니는 메인 래퍼로 비디오나 무대에서 카리스마를 내뿜는데, 무대 밖에서는 또 다르지 않나. 이번 작품에서 팬들에게 공개될 제니의 이면이 있다면?', '제니는 정말 솔직하다. 가식은 찾아볼 수가 없다. 있는 그대로를 말하는 점이 무척 인상 깊었다. 제니는 자신이 심하게 수줍어하는 성격이라고 얘기하는데 아마 많은 사람들이 듣고 놀랄 것 같다. 또 완벽주의자다. 촬영하는 내내 우리가 담을 이야기와 촬영할 장면들에 대해 많은 소통을 했다. 제니의 인터뷰 장면을 볼 때는 항상 즐거웠다. 단 한 순간도 계산적이지 않기 때문이다.', '', '한국계 호주인인 로제는 이번 다큐에서 상당한 성장을 보여주는데.', '로제는 의욕이 대단하다. 아티스트로서 성장하고자 하는 의지가 강하고 자신을 밀어붙이는 모습이 대단하다. 녹음 스튜디오에서 촬영한 부분이 있는데 그걸 다시 보면서 ‘와 정말 대단하다’ 소리가 나왔다. 우리가 촬영 중이었다는 걸 잊고 곡 작업에 완전히 몰입해있었다. 로제가 ‘항상 음악에 둘러싸여 있던 연습생 시절이 그립다’며 ‘이제는 다양한 시도를 해보려면 밤을 새워야만 한다’고 말하는 부분이 있는데, 그 한마디가 로제가 어떤 사람인지를 보여준다고 생각한다. 음악을 너무도 열렬히 사랑하는 사람이다.', '', '막내이자 팀의 분위기메이커인 리사에 대해 얘기한다면.', '리사는 성격이 정말 좋다. 멤버들 모두 리사에게 진심으로 고마운 마음을 가지고 있었고 리사 얘기를 할 때면 얼굴이 모두 환해졌다. 모두의 기분을 좋게 해주는 사람인 것 같고, 멤버들이 말하길 연습생 시절 모든 면에서 1등이었다고 한다. 뛰어난 유머 감각을 가지고 있고 자기 자신을 지나치게 심각하게 받아들이지 않는 성격이다. 스타가 된 지금도 편하게 농담을 던지는, 아주 편안한 성격의 소유자다.', '촬영할 당시, 블랙핑크는 폭발적인 인기를 끌게 될 2020년을 향해 기초를 다지는 중이었다. 당시 멤버들 스스로 커리어의 전환점을 맞게 될 거라는 예감이 들었는지?', '사실 다큐멘터리의 여러 질문이 “이제 성공을 이룬 상황에서…”로 시작했는데, 멤버들 모두 매우 진지하게 말하기를 ‘그렇게 생각하지 않는다’는 거였다. 아직도 성공을 향한 과정 중에 있다고 모두 생각했고, 아직 더 올라가고 싶고 더 경험하고 싶다고 했다. 제니의 말처럼, 그들은 아직 보여줄 게 많다. 대부분의 사람들은 ‘이만큼 성공했으니 그 이상을 해내야 해’라며 부담을 많이 느꼈을 텐데, 이들은 이 과정을 즐기고 있다는 생각이 들었다.', '멤버들 사이의 유대관계 또는 그 자매애에 대해 어떤 인상을 받았나.', '어떤 면에서 정말 자매 같았고, 사실상 거의 가족이었다. 멤버들 모두 그룹 내의 균형에 관해 얘기했다. 어떻게 보면 자신의 감정이나 기분, 사생활을 그룹에 맞춰가는 모습이 자기 자신을 비워내는 것과도 같았다. 멤버들은 모두 자신이 속해있는 이 작은 생태계를 민감하게 인지하고 있다. 모두 행복하고 건강하기를 원하고 서로에게 긍정적인 일들이 있기를 바라며, 이 그룹에 속한 이상 다른 멤버들에게 어떤 책임을 가지게 된 거라고 생각하고 있다.', '팬들이 이번 다큐멘터리를 통해 얻기 바라는 점은?', '사실 스토리는 단순하다. 어린 나이에 꿈을 향해 많은 노력과 가슴앓이를 하며 그 꿈을 이뤄가는 사람들의 이야기다. 모든 것을 쏟아붓고 이겨낸 사람들의 이야기는 늘 감동을 준다. 스타에 거는 기대는 늘 크기 마련이다. [블랙핑크: 세상을 밝혀라]를 통해 멤버들의 인간적인 모습이 전해졌으면 하고, 이들을 ‘다양한 면을 가진 사람들’로 봐주었으면 한다.']]|CELEBS|0|0|L|C|['막내이자 팀의 분위기메이커인 리사에 대해 얘기한다면.', '리사는 성격이 정말 좋다. 멤버들 모두 리사에게 진심으로 고마운 마음을 가지고 있었고 리사 얘기를 할 때면 얼굴이 모두 환해졌다. 모두의 기분을 좋게 해주는 사람인 것 같고, 멤버들이 말하길 연습생 시절 모든 면에서 1등이었다고 한다. 뛰어난 유머 감각을 가지고 있고 자기 자신을 지나치게 심각하게 받아들이지 않는 성격이다. 스타가 된 지금도 편하게 농담을 던지는, 아주 편안한 성격의 소유자다.']
가을엔 흑발을 하겠어요|http://v.media.daum.net/v/20200908192042673|2020.09.08|http://v.media.daum.net/v/20200908192042673?f=o|"[['「 블랙핑크 리사 」', '「 블랙핑크 리사 」', '무게감 있는 풀 뱅 헤어로 인스타를 찢어버린 블랙핑크 리사. 가까이서 찍어도 굴욕 없는 얼굴은 어디서 사죠? 블랙 헤어와 이국적인 컬러의 렌즈, 펄감이 빛나는 립스틱의 삼위일체!', '「 소녀시대 티파니 」', '「 소녀시대 티파니 」', ""블랙 컬러 슬립 드레스와 카디건, 긴 기장의 흑발로 진정한 '올블랙' 룩을 완성한 티파니. 버버리 선글라스와 두꺼운 체인 목걸이로 분위기는 업, 으른미도 낭낭~"", '「 레드벨벳 조이 」', '「 레드벨벳 조이 」', '화이트 노 카라 재킷에 롱 스트레이트 헤어를 액세서리처럼 늘어뜨린 레드벨벳 조이. 채도가 낮은 차분한 컬러의 메이크업과 아치형 눈썹으로 성숙하고 분위기있게 스타일링했다. 이게 바로 청순 섹시…?', '「 레드벨벳 예리 」', '「 레드벨벳 예리 」', '내가 하면 바로 청학동 훈장님 각! 턱 길이까지 절묘하게 떨어지는 더듬이로 로우 포니테일에 한 끗을 더한 레드벨벳 예리. 화이트 컬러의 로고 티셔츠와 매치하니 꾸안꾸의 정석.', '「 아이즈원 원영 」', '「 아이즈원 원영 」', '깔끔하게 가운데 가르마를 타 내려 연출한 아이즈원 원영. 투명하게 맑은 피부와 블러셔, 앵두빛 입술에 애교점까지 그림으로 그린 듯 청초한 매력!', '「 (여자)아이들 수진 」', '「 (여자)아이들 수진 」', '이상해, 귀여운데 카리스마 있어... 실로 총총 땋아 내린 옆머리가 깜찍하고 용맹한 인디언 소녀 같은 느낌을 완성한다.'], ['', '', '', '', '', '']]"|BEAUTY|0|0|L|C|"[""[['「 블랙핑크 리사 」"", '「 블랙핑크 리사 」', '무게감 있는 풀 뱅 헤어로 인스타를 찢어버린 블랙핑크 리사. 가까이서 찍어도 굴욕 없는 얼굴은 어디서 사죠? 블랙 헤어와 이국적인 컬러의 렌즈, 펄감이 빛나는 립스틱의 삼위일체!']"
아이돌로 본 가을 헤어 트렌드|http://v.media.daum.net/v/20200901100035944|2020.09.01|http://v.media.daum.net/v/20200901100035944?f=o|[['「 Men’s Waves 」', '「 Men’s Waves 」', '', '', '', '', '', '', '', '일자 앞머리로 이마를 덮는 투 블록과 ‘박새로이 머리’ 크롭 컷이 드디어 사라질 전망. 앞머리, 뒷머리가 모두 긴 중간 길이에 층을 내고 반 곱슬처럼 부드러운 웨이브를 넣은 스타일로 대세 전환. 살짝 드러낸 이마에 앞머리가 물결 치는 로맨틱한 8090 스타일. 머리가 일자로 뻗치는 사람은 가볍게 웨이브 펌을 해주고, 머리 감은 후 헤어 컬러로 앞머리, 뒷머리 끝을 원하는 방향으로 살짝 말아주면 좋다. 고정력이 강하지 않은 스타일링제를 추천한다.', '「 Super Straight 」', '「 Super Straight 」', '', '', '', '', '', '클레오파트라가 연상되는 슈퍼 스트레이트 헤어도 ’80년대에서 영감 받은 뉴트로 스타일. 층이 많지 않게 커트한 후 전기 헤어 스트레이트너로 쫙 펴 주기만 하면 되지만 볼륨감이 없어 두상, 얼굴형에 자신 있는 경우 더 빛을 발한다. 긴 머리 스트레이트일 경우 움직일 때마다 미묘한 컬러 변화를 즐길 수 있는 하이라이트 염색과 찰떡. 인조 헤어 피스를 붙여도 된다.', '「 Goddess’ Waves 」', '「 Goddess’ Waves 」', '', '', '', '', '', '물에 젖은 듯 늘어지는 자연스러운 웨이브 헤어. 원하는 굵기 아이언을 선택해 세로에 가깝게 웨이브를 만들고 끝으로 갈수록 서서히 풀어내면 된다. 드라이할 때 윗머리에 볼륨감을 주고 앞머리는 뒤로 넘기거나 자연스럽게 가르마가 생기게 한다. 층 있게 커트한 머리여야 웨이브가 무겁게 떨어지지 않는다.', '「 Violet & Blue 」', '「 Violet & Blue 」', '', '', '', '', '', '바이올렛과 블루 컬러 트렌드는 계속된다. 하지만 여름처럼 형광이 도는 코발트 블루가 아니라 한 톤 가라앉은 블루나 바이올렛. 그러데이션을 많이 넣어서 움직일 때마다 다른 색이 엿보이지만 전체적으로는 블루, 바이올렛이 도는 게 포인트. 물이 빠질 때마다 컬러 트리트먼트를 써도 효과적이다.'], ['', '', '', '', '', '', '', '', '', '', '', '', '']]|BEAUTY|0|2|L|C|[]
서예지 뺨치는 셀럽들의 칼단발 스타일링|http://v.media.daum.net/v/20200806175737477|2020.08.06|http://v.media.daum.net/v/20200806175737477?f=o|[['「 블랙핑크 리사 」', '「 블랙핑크 리사 」', '흑단같이 검은 헤어 컬러에 풍성한 일자 앞머리 픽! 살짝 더워 보이지만 스타일은 계절을 타지 않는다는 게 패셔니스타들의 마인드라고~ 오리엔탈 느낌의 볼드한 액세서리를 매치했더니 클레오파트라 같기도?!', '「 제이미 」', '「 제이미 」', '뿌리 쪽은 금발, 아래쪽은 바다를 닮은 하늘색을 섞은 그라데이션 염색으로 여름 느낌 물씬! 헤어 컬러에 네일 컬러를 맞춰 청량함을 업그레이드했다. 속이 훤히 보이는 시스루 톱까지 쿨하다 못해 춥다 추워!', '「 오마이걸 아린 」', '「 오마이걸 아린 」', '세상 단아한 얼굴에 그렇지 못한 헤어 스타일. 밖으로 뻗친 C컬 스타일링은 상큼하고 발랄한 느낌을 더한다. 매트한 브라운 헤어 컬러로 제복을 입었음에도 인상이 부드러워 보이는 킥. 눈썹과 헤어 컬러를 맞추는 기본적인 센스도 잊지 않았다.', '「 서민재 」', '「 서민재 」', '부스스하고 가벼운 질감이 느껴지는 중단발에 시스루 뱅을 더해 어려 보인다. 리넨 소재 원피스나 편안한 면 티셔츠가 잘 어울리는 자연스러운 헤어 스타일. 앞머리가 이마에 착 붙지 않도록 잘 살리는 게 키 포인트로, 드라이 샴푸나 루스 파우더를 잘 쓰면 유용하다!', '「 혜림 」', '「 혜림 」', '파리도 미끄러질 일자 스트레이트. 앞으로 올수록 살짝 길어지게 커트한 후, 아랫단은 뻗치지 않도록 가볍게 말아 넣어 정돈했다. 가르마는 6:4, 정수리 볼륨은 빵빵하게, 어디로 봐도 완벽한 커리어 우먼 스타일!', '「 아이즈원 권은비 」', '「 아이즈원 권은비 」', '턱 길이에서 끝나는 정직한 칼단발. 여기에 작은 얼굴이 더 작아 보이는 사이드뱅 추가요! 귀 뒤에 꽂아 넘기면 깔끔하게, 웨이브를 넣어 눈가로 늘어뜨리면 분위기 있게 연출할 수 있어 일석이조다.'], ['', '', '', '', '', '']]|BEAUTY|0|0|L|C|"[""[['「 블랙핑크 리사 」"", '「 블랙핑크 리사 」']"
무대를 씹어드셨다! 우먼 아티스트 5|http://v.media.daum.net/v/20200713144300007|2020.07.13|http://v.media.daum.net/v/20200713144300007?f=o|"[['「 블랙핑크 」', '「 블랙핑크 」', '', '', '', '글로벌 차트 올킬, 우리가 곧 전설이다', '「 아이린 슬기 」', '「 아이린 슬기 」', '', '', '', '여덕들 마음이 선덕선덕', '「 청하 」', '「 청하 」', '', '', '', '라틴댄스까지 섭렵한 댄싱퀸의 여름 축제', '「 화사 」', '「 화사 」', '', '', '', '상처받은 이들에게 보내는 절절한 위로', '「 선미 」', '「 선미 」', '', '', '', '4연타 히트 솔로 아티스트, 선미가 꿈꾸는 사랑'], ['코로나19란 재난 상황 속에서도 블랙핑크의 글로벌 파급력이 무서울 정도다. 싱글 ‘하우 유 라이크 댓(How You Like That)’이 7월 7일 기준 빌보드 핫 100 차트 33위에 등극, K팝 걸그룹 사상 최고 순위에 올랐다. 영국 오피셜 싱글 차트 톱 100에선 20위, 스포티파이 글로벌 톱 200 차트에서는 주간 4위를 기록했다. 뮤직비디오 역시 32시간만에 유튜브 1억 뷰 돌파라는 역대 최단기 기록, 공개 2주도 안 돼 2억4천만 뷰라는 대기록을 세웠다. 인기 급상승 동영상 1위임은 물론.', '', '감상 포인트 언뜻 단순한 듯한 비트 속에서 인도 전통악기 시타르가 깔리고 랩, 멜로디, 특히 ‘하우 유 라이크댓’이란 외침이 반복적으로 들리다 뚝 끊긴다. 〈빌보드〉는 “후크가 너무나 즉각적이어서 매력에 빠지지 않을 수 없다.”고 평론. 팔색조 같은 멤버 한 명, 한 명의 치명적 유혹 속에 허우적거리다 보면 어느덧 “하우 유 라이크 댓?”을 흥얼거리게 되고 절대 잊혀지지 않는다. 패션 면에선 이제 ‘인간 OO’가 아닌 디자이너 브랜드가 따라오는 스타일 아이콘이 됐다. 제니는 샤넬, 지수는 디올 뷰티, 리사는 셀린느, 로제는 생로랑의 앰배서더. 미국 NBC 〈지미 팰런 쇼〉에서는 한복에서 영감을 얻은 의상을 입어 ‘K-스타일’ 전파에도 공헌.', ""‘여덕’이 유독 많은 레드벨벳에서도 막강 팬덤을 자랑하는 아이린과 슬기가 첫 유닛 듀오로 출범. 세계에서 비명이 터져 나온 웅장한 공개였다. 6일 발매한 첫 미니앨범 '몬스터(Monster)'는 직후 국내 음반 차트 올킬, 동명 타이틀곡 역시 음원 차트 1위, 아이튠즈 앨범 차트 45개 지역 1위, 중국 QQ뮤직 및 쿠거우뮤직 디지털 앨범 차트 1위에 오르는 기염을 토했다."", '', '감상 포인트 R&B와 덥스텝이 절묘하게 어울린 타이틀곡 ‘몬스터’는 공식적으론 서로의 꿈 속에 침범한 불멸의 괴물을 의미한다. 그런데 선과 악을 오가는 아이린, 슬기 커플의 사랑, 그리고 결국 사랑을 위해 악을 선택한 느낌인 건 왜일까? 뮤직비디오는 ‘치명 치명 열매 먹은 듯’ 중독적 비주얼로 가득하다. 슬기의 신들린 듯한 파워 댄스와 아이린의 흑발, 몬스터 변신이 충격적. 퍼포먼스는 세계적 안무가 자넬 지네스트라, 리에 하타가 맡았고 데칼코마니 안무, 거미 대형 등으로 주제를 직관적으로 표현했다.', '지난 4월 첫 정규앨범 첫 번째 선공개 곡 ‘스테이 투나잇(Stay Tonight)’을, 지난 6일 두 번째 선공개곡 ‘플레이(PLAY)’를 공개한 청하. 차례로 선공개 곡을 내놓는 독특한 방식인데 그만큼 청하의 음악적, 퍼포먼스적 도전이 두드러지는 프로젝트다. 뮤직비디오는 공개 이틀이 안 돼 1백60만 조회수를 기록 중.', '', '감상 포인트 ‘플레이’는 각 구간마다 레게 톤 다양한 요소가 펼쳐지는 라틴 팝 장르. 창모가 피처링에 참여. 해외여행 못 가는 요즘 어쿠스틱 기타, 신시사이저, 브라스 등 악기와 청하의 개성 강한 목소리가 어울려 정열적인 라틴 태양 아래 축제 속에서 춤추는 기분이 든다. 퍼포먼스 면에서 ‘스테이 투나잇’ 때 보깅 댄스에 도전했다면 이번엔 라틴 댄스다. 2절에서는 마치 댄스 스포츠 선수처럼 화려한 스텝을 밟는 청하를 볼 수 있고 마지막은 모두가 참여하는 광란의 댄스파티.', '6월29일 데뷔 6년 만에 발표한 첫 솔로 앨범 〈마리아(Maria)〉의 반응이 뜨겁다. 발매 직후 아이튠즈 톱 앨범 차트 20개 지역 1위에 올라 국내 여자 솔로 아티스트 최초 미국 아이튠즈 앨범 차트 1위를 기록했고 발매 2주차인 현재 빌보드 월드 앨범 차트 7위, 타이틀 곡 ‘마리아’는 월드 디지털 송 세일즈 차트 6위에 올랐다. 화사는 이번 앨범의 작곡, 작사, 프로듀싱, 뮤직비디오, 스타일링에 모두 참여해 싱어송라이터를 넘어선 만능 아티스트로서의 존재감을 과시했다.', '', '감상 포인트 타이틀곡 ‘마리아’ 뮤직비디오는 첫 장면부터 강렬하다 못해 충격적. 사건 현상의 시신이 돼 버린 것 같은 화사가 과거를 회상하며 갓 도축된 무언가의 심장을 식탁으로 가져온다. 제목과 직접 작사한 가사를 보면 화사의 또다른 자아가 마리아이며, 상에서 철저하게 상처받은 사람도 사랑받을 가치가 있다는, 힘들지만 다시 일어나자는 위로의 메시지란 걸 알 수 있다. 그렇다고 퍼포먼스까지 마냥 따뜻하지 않다. 강렬한 댄스 본능을 일깨우는 불꽃 카리스마 화사.', '‘가시나’, ‘주인공’, ‘사이렌’ 3연타 흥행에 성공한 솔로 아티스트 선미가 ‘보라빛 밤(pporappippam)’으로 대세를 이어가는 중. 발매 즉시 멜론, 벅스, 지니 등 여러 음원 차트 상위권을 휩쓸었고 뮤직비디오는 2주차에 유튜브 두 계정 종합, 천만 뷰를 향해 가고 있다.', '', '감상 포인트 선미가 작사하고 프란츠와 공동 작곡한 ‘보라빛 밤’은 펑키한 사운드와 리드미컬한 비트 속에 적재의 기타 리프가 흐르는 트렌디한 시티 팝 장르. 선미가 꿈꾸는 사랑의 다양한 모습을 고혹적이고 몽환적으로 묘사했다. 보라색으로 물든 꿈속 같은 뮤직 비디오에서 이이정의 안무와 케빈 제르마니에의 의상을 입은 선미가 파워풀한 댄스를 보여준다. ’80년대로 시간 여행을 하는 듯한 레트로풍 무대와 효과도 시선을 빼앗는다.']]"|LIFE|0|0|L|C|"['감상 포인트 언뜻 단순한 듯한 비트 속에서 인도 전통악기 시타르가 깔리고 랩, 멜로디, 특히 ‘하우 유 라이크댓’이란 외침이 반복적으로 들리다 뚝 끊긴다. 〈빌보드〉는 “후크가 너무나 즉각적이어서 매력에 빠지지 않을 수 없다.”고 평론. 팔색조 같은 멤버 한 명, 한 명의 치명적 유혹 속에 허우적거리다 보면 어느덧 “하우 유 라이크 댓?”을 흥얼거리게 되고 절대 잊혀지지 않는다. 패션 면에선 이제 ‘인간 OO’가 아닌 디자이너 브랜드가 따라오는 스타일 아이콘이 됐다. 제니는 샤넬, 지수는 디올 뷰티, 리사는 셀린느, 로제는 생로랑의 앰배서더. 미국 NBC 〈지미 팰런 쇼〉에서는 한복에서 영감을 얻은 의상을 입어 ‘K-스타일’ 전파에도 공헌.\', ""‘여덕’이 유독 많은 레드벨벳에서도 막강 팬덤을 자랑하는 아이린과 슬기가 첫 유닛 듀오로 출범. 세계에서 비명이 터져 나온 웅장한 공개였다. 6일 발매한 첫 미니앨범 \'몬스터(Monster)\'는 직후 국내 음반 차트 올킬, 동명 타이틀곡 역시 음원 차트 1위, 아이튠즈 앨범 차트 45개 지역 1위, 중국 QQ뮤직 및 쿠거우뮤직 디지털 앨범 차트 1위에 오르는 기염을 토했다."", \'']"
모델이야? 아이돌이야? '갓 바디' 모델돌들|http://v.media.daum.net/v/20200609091037704|2020.06.09|http://v.media.daum.net/v/20200609091037704?f=o|[['「 트와이스 쯔위 」', '「 트와이스 쯔위 」', '', '', '', '트위터 @JYPETWICE', '「 NCT 127 쟈니 」', '「 NCT 127 쟈니 」', '', '', '', '', '', '', '', '인스타그램 @johnnyjsuh NCT 트위터 @NCTsmtown', '「 SF9 로운 」', '「 SF9 로운 」', '', '', '', '인스타그램 @sf9official ©MBC', '「 블랙핑크 리사 」', '「 블랙핑크 리사 」', '', '', '', '', '', '', '', '인스타그램@lalalalisa_m', '「 몬스타엑스 형원 」', '「 몬스타엑스 형원 」', '', '', '', '', '', '', '', '인스타그램 @official_monsta_x', '「 웨이션브이∙슈퍼엠 루카스 」', '「 웨이션브이∙슈퍼엠 루카스 」', '', '', '', '', '', '', '', '인스타그램 @wayvofficial'], ['', '', '피지컬 원래도 팀 내 최장신이었는데 최근 더 커서 173cm라고… 작은 얼굴에 팔다리는 길고 뼈대가 가늘어서 더욱 커 보이며 자세가 바르고 꼿꼿해 어떤 옷을 걸쳐도 다 소화하는 진정한 ‘모델돌’. 댄스 학원에서 올린 동영상 속 실루엣만으로 JYP에 일차 캐스팅이 됐다고 하며 ‘무결점 최강 비율’, ‘기럭지 막내’, ‘대만지광(台灣之光)’ 등 어울리는 별명들과 단독 화보집 보유. 최근 활동곡‘More & More’의 무대 의상 때문에 더 돋보이는 ‘기럭지’로 난이도 최강이라는 댄스를 무난히 소화.', '스타일 와이드 레그 팬츠, 미디스커트, 롱 코트 등 훤칠한 키에 잘 어울리는 아이템을 종종 입어준다.', 'TMI 바쁜 스케줄 때문에 중학교를 중퇴한 후 중졸 검정고시를 통해 고등학교 입학, 졸업한 노력파.', '', '', '', '', '피지컬 185cm로 NCT 127의 최장신. 당장 모델로 활동해도 어색하지 않을 만큼 균형 잡힌 프로포션에 주장 분명한 식스 팩을 장착해 ‘쟈니컬’, ‘시카고 핫 가이’라고도 불린다. 9명이 오르는 최근 활동 무대에서도 우뚝 선 듯 커다랗지만, 연습생 생활이 길었던 만큼 퍼포먼스 기본기도 탄탄.', '스타일 과하지 않은 스트리트 스타일, 댄디 룩을 두루 소화해 ‘남친 룩’의 정석으로 꼽힌다.', 'TMI피곤해도 아침 일찍 일어나 커피 한 잔의 여유를 즐기는 남자. 향초도 좋아한다.', '', '', '피지컬 공개할 때마다 키가 커지더니 마침내 192cm임을 인정한 독특한 케이스. 국내 최장신 아이돌로 꼽히며 평균 키인 사람이 옆에 서도 ‘꼬꼬마’가 돼버려 180도에 가까운 매너 다리를 수시로 선보인다. 큰 키 때문에 아이돌 무대엔 불리한 점을 커버하려고 각별히 노력해 춤도 꽉 차 보인다. 출연한 MBC 드라마 〈어쩌다 발견한 하루〉의 성공으로 한류 스타도 노리고 있으며 여자 주인공과의 키 차이에 설렌다는 팬이 많다.', '스타일 워낙 길고 늘씬한 체형이라 평범한 청바지를 입어도 스키니 진처럼 보이며 약간 짧을 때가 많다. 거기에 모노 톤 재킷, 코트 등을 걸친 댄디 룩이 찰떡.', 'TMI꼼꼼한 성격에 요리, 청소에 신경을 많이 써 팀 내 주부 역을 맡고 있다.', '', '', '', '', '피지컬 블랙핑크 멤버 모두가 ‘모델돌’이지만 키 166.5cm에 타고난 긴 팔다리와 댄스로 다져진 잔 근육 때문에 아무 옷이나 걸쳐도 유독 모델 느낌이 나는 멤버. 개인 유튜브 채널 ‘리리필름’에 공개한 댄스 퍼포먼스가 너무나 훌륭했던 나머지 세계 셀럽들까지 대거 동참, 리사의 다리와 자신의 상체를 합성하는 ‘Did It Work?’ 밈(meme) 챌린지가 벌어지기도… 올해 4월 20일 공개한 영상이 2천5백만 회 조회를 기록 중.', '스타일 평소 스타일마저 모델들이 쇼를 끝내고 평상복으로 돌아온 모습 같다. 편안한 티셔츠와 니트, 청바지 등을 즐겨 입어 오히려 더 돋보인다.', 'TMI인스타그램 팔로어가 3천3백5십만으로 한국 기반 연예인 중 1위.', '', '', '', '', '피지컬 얼마 전 네이버 브이라이브에서 183cm로 성장했다고 밝혔는데 180 후반으로 보일 만큼 ‘소두’에 광활한 어깨, 긴 팔다리가 마네킹 급. 완벽한 프로포션 덕에 서울 패션위크와 화보 모델 등을 두루 섭렵했고 2019년 MBC 에브리원 〈주간 아이돌〉에서도 런웨이를 선보인 검증된 ‘모델돌’. 늘 멤버들이 뽑은 비주얼 1위를 차지하지만, 본인은 쿨한 편. 몬스타엑스는 〈FANTASIA X〉로 컴백해 1위 행진 중이다.', '스타일 스웨트셔츠와 청바지처럼 이웃집 대학생 같은 스타일도 즐겨 입지만 가끔 롱 코트나 재킷을 입는데 그 핏이 대단.', 'TMI MBTI가 팀 내 유일한 INFP이다.', '', '', '', '', '피지컬 19세에 183cm, 1년 후 185cm라고 밝혔으며 계속 성장 중으로 추정. 게다가 어깨는 넓고 팔다리는 길어 일찌감치 ‘모델돌’로 낙점, 런던 패션위크, 서울 패션위크에 실제 모델로 섰고 패션 화보는 수시로 찍는 등 패션 브랜드들의 러브콜이 끊이지 않는 중. 피지컬을 활용한 춤 선 역시 굉장히 파워풀. NCT의 중국 유닛 그룹, 웨이션브이는 9일 첫 정규 앨범 〈어웨이큰 더 월드(Awaken The World)〉를 공개한다.', '스타일 버버리 앰배서더라 공항 패션 등에서 파격적 스타일을 자주 선보이지만 본인 사복은 모노 톤 스트리트, 스포츠웨어 쪽. 프로포션 때문에 프리한 옷차림도 강렬하게 다가온다.', 'TMI 십대 때 NCT 드림이 되고 싶었으나 덩치 크고 성숙해 보여 못 한 걸로 추정.']]|CELEBS|0|0|L|C|['「 블랙핑크 리사 」', '「 블랙핑크 리사 」', '피지컬 블랙핑크 멤버 모두가 ‘모델돌’이지만 키 166.5cm에 타고난 긴 팔다리와 댄스로 다져진 잔 근육 때문에 아무 옷이나 걸쳐도 유독 모델 느낌이 나는 멤버. 개인 유튜브 채널 ‘리리필름’에 공개한 댄스 퍼포먼스가 너무나 훌륭했던 나머지 세계 셀럽들까지 대거 동참, 리사의 다리와 자신의 상체를 합성하는 ‘Did It Work?’ 밈(meme) 챌린지가 벌어지기도… 올해 4월 20일 공개한 영상이 2천5백만 회 조회를 기록 중.']
FW20 컬렉션을 찾은 스타들|http://v.media.daum.net/v/20200330001032888|2020.03.30|http://v.media.daum.net/v/20200330001032888?f=o|[['', '', '', '', '', '', '', '', '', '한예슬 in 펜디', '', '', '', '', '', '로제 in 생 로랑', '', '', '', '', '', '조이 in 마이클 코어스', '', '', '', '', '', '박민영 in 토즈', '', '', '', '', '', '설현 in 코치', '', '', '', '', '', '송혜교 in 보테가 베네타', '', '', '', '', '', '리사 in 프라다', '', ''], ['', '', '', '', '', '', '', '']]|CELEBS|0|0|L|C|['리사 in 프라다']
아이돌계 못 말리는 냥 집사 VS 댕 집사|http://v.media.daum.net/v/20200327172523263|2020.03.27|http://v.media.daum.net/v/20200327172523263?f=o|"[['「 냥 집사 」\n강다니엘', '「 냥 집사 」', '', '', '', '강다니엘 반려묘 짱아. 트위터 @konnet_danielk', '', '', '', '', '', '주헌의 반려묘 요시와 구찌. 트위터 @officialmonstax', '', '', '', '', '', '리사 반려묘 루카. 인스타그램 @lalalalisa_m', '', '', '「 댕 집사 」\n방탄소년단 뷔', '「 댕 집사 」', '', '', '', '뷔 반려견 연탄이. 트위터 @BTS_twt', '', '', '', '', '', '태연의 반려견 제로. 인스타그램 @zero.taeyeon', '', '', '', '', '', '세훈의 반려견 비비. 인스타그램 @oohsehun', '', '', '', '', '', '찬열의 반려견 토벤이. 인스타그램 @real_pcy', '', ''], ['평소에도 고양이라면 함박웃음 터지는 어쩔 수 없는 냥 집사 강다니엘, 눈코 뜰 새 없는 스케줄 속에서도 루니, 피터, 오리, 짱아라는 네 마리를 키우고 있다. 고양이 콘텐츠에 수시로 ‘좋아요’를 누르고 반려묘와의 사진을 공유하며 혼자 있을 때도 고양이는 있어야 한다며 사랑을 여과 없이 드러낸다. 최근 엠넷 컴백 쇼에서 공개한 ‘다니엘 로그’ 코너에도 어김없이 반려묘 등장.', '', '몬스타엑스 주헌', '눈매가 고양이를 꼭 닮은주헌은 반려묘 요시와구찌에게 무한 애정을 드러내는 냥 집사. 재작년 공연 끝난 후 외로움을 달래기 위해 분양받았다는데 공식 트위터에서 종종 #바바요 란 해시태그로 고양이들 성장 과정을 자랑하고, 고양이 그림을 그리는 등 팔불출 집사 면모를 보이고 있다.', '', '블랙핑크 리사', '재작년 리오와, 이후 루카와 루카의 딸 릴리라는 반려묘와 가족이 돼 무려 세 마리의 냥 집사. 아이들과도 잘 놀아준다는 리사는 반려묘들과 적극적으로 놀아주는 모습을 종종 공개해 충실한 집사임을 증명. 고양이와 함께 하는 시간이 행복하며 야옹 소리를 들으면 스트레스가 완전히 풀린다고 밝히기도...', '', '아마도 세계적으로 가장 유명한 반려견 중 하나일 연탄이의 형이다. 연탄이는 동물훈련사 강형욱에게 자문까지 구하고 입양한 블랙 포메라니언. 연탄이 생일, 뷔의 연탄이 매니저 선언이 트위터 세계 실시간 트렌드에 오를 정도로 슈퍼스타 견. 뷔는 SNS에 연탄이와의일거수일투족을 올릴 뿐 아니라 화보까지 함께 촬영한 못 말리는 댕 집사.', '', '태연', '태연은 반려견 사랑이 지극하다 못해 20부작 네이버 브이라이브, 네이버 TV 예능 프로그램 ‘펫셔니스타탱구’에 반려견 제로와 함께 출연, 여행 가고, 일하고, 먹고, 자는 일상을 고스란히 담았다. 지난 2월 11일 공개분에선 반려동물 행동 전문가 설채현을 만나 제로에 대해 더 깊이 이해하고 ‘2020 제로와의 버킷 리스트’를 발표. 이런 사랑으로 제로는 인스타그램https://www.instagram.com/zero.taeyeon에서 32만 팔로어를 거느린 인플루언서 반려견으로 등극.', '', '엑소 세훈 & 찬열', ""평소 사이가 각별한 세훈과찬열은 모두 댕집사. 세훈의비숑프리제 비비와 찬열의 블랙 푸들 토벤이는 함께 MBC '마이 리틀 텔레비전 V2'에 출연하기도... 비비는 세훈과 함께 SNS, 방송에 등장할 때마다 거대해져 종종 대형견으로 오해받는다고... 어릴 때부터 페럿을 키우는 등 반려동물에 애정이 많았던 찬열은 아예 토벤이 인스타그램 계정https://www.instagram.com/tobenstagram을 별도로 운영 중. 엑소는 그 외에도 백현, 시우민, 디오 등 댕 집사가 많은 그룹이다."", '', '']]"|CELEBS|0|0|L|C|['리사 반려묘 루카. 인스타그램 @lalalalisa_m', '블랙핑크 리사', '재작년 리오와, 이후 루카와 루카의 딸 릴리라는 반려묘와 가족이 돼 무려 세 마리의 냥 집사. 아이들과도 잘 놀아준다는 리사는 반려묘들과 적극적으로 놀아주는 모습을 종종 공개해 충실한 집사임을 증명. 고양이와 함께 하는 시간이 행복하며 야옹 소리를 들으면 스트레스가 완전히 풀린다고 밝히기도...']
루이비통&불가리가 여는 파티 클라스|http://v.media.daum.net/v/20191129000113656|2019.11.29|http://v.media.daum.net/v/20191129000113656?f=o|[['「 NIGHT FEVER 」\n모든 힙스터와 패션 피플이 모인 루이 비통 파티! 인천공항의 항공기 격납고에서 펼쳐진 루이 비통 쇼가 끝난 후 애프터 파티가 열린 클럽 ‘크로마’는 걸그룹 ITZY의 퍼포먼스와 더불어 DJ이자 프로듀서인 마크 론슨과 페기 구의 멋진 디제잉에 뜨거운 열기로 가득 찼다. 이렇게 힙하고 스타일리시한 파티에 참석할 땐, 캐주얼 시크 룩이 정답이다. 바로 배두나와 송민호처럼. 특히 배두나의 룩은 데일리한 블라우스와 스커트도 롱부츠만 있다면 시크한 파티 룩이 될 수 있음을 보여준 최고의 스타일!', '「 NIGHT FEVER 」', '', '', '', '', '', '', '', '', '', '', '', '', '', '', '', '', '', '', '', '', '', '「 BRILLIANT WONDERLAND 」\n불가리의 뉴 아이코닉 워치, 세르펜티 세두토리의 론칭 파티는 콘서트장을 방불케 했다. 가수 크러쉬와 지코의 열정적인 공연이 펼쳐졌기 때문. 고막 남친으로 불리는 크러쉬의 감미로운 목소리에 에디터 또한 감탄! 주얼리 하우스가 주최하는 포멀한 파티엔 어떤 룩을 연출하면 좋을까? 블랙핑크 리사의 룩처럼 LBD가 안전한 선택이 될 수 있다. 그렇다면, 남성들은? 모던하게 변주된 블랙 턱시도 슈트를 추천! 여기에 티셔츠를 매치하면, 편하고도 격식 있는 슈트 룩을 완성할 수 있다.', '「 BRILLIANT WONDERLAND 」', '', '', '', '', '', '', '', '', '', '', '', '', '', '', '', '', '', '', '「 」', '「 」'], ['', '', '', '', '', '', '', '', '', '', '', '']]|FASHION|0|0|L|C|['「 BRILLIANT WONDERLAND 」\\n불가리의 뉴 아이코닉 워치, 세르펜티 세두토리의 론칭 파티는 콘서트장을 방불케 했다. 가수 크러쉬와 지코의 열정적인 공연이 펼쳐졌기 때문. 고막 남친으로 불리는 크러쉬의 감미로운 목소리에 에디터 또한 감탄! 주얼리 하우스가 주최하는 포멀한 파티엔 어떤 룩을 연출하면 좋을까? 블랙핑크 리사의 룩처럼 LBD가 안전한 선택이 될 수 있다. 그렇다면, 남성들은? 모던하게 변주된 블랙 턱시도 슈트를 추천! 여기에 티셔츠를 매치하면, 편하고도 격식 있는 슈트 룩을 완성할 수 있다.']
설리, 태연, 청하까지 아이돌의 컬러풀 헤어!|http://v.media.daum.net/v/20190802181354531|2019.08.02|http://v.media.daum.net/v/20190802181354531?f=o|[['', '', '', '설리', '', '', '', '', '', '태연', '', '', '', '', '', '청하', '', '', '', '', '', '블랙핑크 리사', '', '', '', '', '', '여자친구 신비', '', ''], ['', '네온 핑크빛 웨이브 헤어로 변신해 동화 속에서 갓 튀어나온 듯한 공주미 뿜뿜!', '', '물 빠진 연핑크 헤어 컬러로 몽환적인 자체 발광 비주얼 포스 뽐내는 중~.', '', '오묘한 핑크빛 헤어로 청순미 폭발 중인 대세 오브 대세!', '', '뽀얀 백옥 피부와 빛바랜 애시 그린 컬러가 만나 넘사벽 매력 발산 중~.', '', '파격적인 네온 그린 컬러가 신의 한 수로 작용해 분위기갑 변신에 성공.']]|BEAUTY|0|0|L|C|['블랙핑크 리사']
발에 팔찌를 찬다고? 바로, 앵클릿!|http://v.media.daum.net/v/20190801144705637|2019.08.01|http://v.media.daum.net/v/20190801144705637?f=o|[[], []]|0|0|2|L|C|[]
비율 퀸 아이돌 best 5!|http://v.media.daum.net/v/20190405174024415|2019.04.05|http://v.media.daum.net/v/20190405174024415?f=o|[[], ['키는 중요하지 않다! 이제는 비율이 좋아야 진정한 위너~. 날씬한 몸매만큼이나 부러운 넘사벽 비율을 자랑하는 이 구역 비율 끝판왕!', '', ' 1 블랙핑크 리사 “실물 몸매 갑!”이라는 수식어가 늘 따라붙는 비현실적인 다리 길이 소유자. ', ' 2 여자친구 소원 ', '여돌계 대표 슬랜더 몸매를 지닌 그녀는 다리 길이만 무려 105cm라는 사실!', ' 3 ITZY 유나 매력적인 미모에 날씬 몸매까지 갖춘 당신을 신흥 비율돌로 인정~. ', ' 4 위키미키 김도연 170cm가 넘는 큰 키에 얼굴까지 작아 9등신에 버금가는 비율 여신. ', ' 5 에이핑크 손나은 날씬한 몸매의 그녀는 여자들의 워너비 비율을 지닌 갑 오브 갑 비율 퀸! ', '에디터 정유진 포토 Getty Images, 뉴스엔(셀렙) 어시스턴트 김효정, 김하늘 디자인 조예슬', '<!--@ServiceURL:http://cosmopolitan.joins.com/article/RetArticleView.asp?strArtclCd=A000010553&strFCateCd=ABAA-->']]|BEAUTY|0|0|L|C|[' 1 블랙핑크 리사 “실물 몸매 갑!”이라는 수식어가 늘 따라붙는 비현실적인 다리 길이 소유자. ']
2019 S/S 패션위크에서는 무슨 일이? #4|http://v.media.daum.net/v/20181219095242160|2018.12.19|http://v.media.daum.net/v/20181219095242160?f=o|[[], ['SNS를 통해 실시간으로 전해지는 패션 위크 소식 중 가장 눈길을 끄는 건 쇼에 참석한 빅 셀렙들의 모습이다. 디자이너와의 친분으로 매 시즌 빠지지 않고 쇼에 참석하는 단골 셀렙부터 예상하지 못한 새로운 인맥까지, 패션 위크를 찾은 셀렙들의 출석표를 점검해봤다.', '', '1 블레이크 라이블리 in 디올  2 포피 델레바인, 알렉사 청 in 미우미우  3이자벨 위페르, 레아 세이두, 알리시아 비칸데르, 케이트 블란쳇 in 루이 비통  4 아이린, 리사 in 마이클 코어스 ', '', '1 니콜 키드먼 in 마이클 코어스  2 파멜라 앤더슨, 제니 in 샤넬  3 퍼렐 윌리엄스와 그의 아내 헬렌 라시찬 in 샤넬  4 로지 헌팅턴 휘틀리, 리타 오라, 니키 미나즈 in 베르사체 ', ' BIG CELEBS 브랜드의 신상 룩을 입고 카메라 세례를 독차지한 프런트 로의 빅 셀렙들!', '', '1 이종석 in 비욘드 클로젯  2 박신혜 in 제인송 3 유아인 in 노앙 ', '', '1 서현 in SJYP  2 차은우 in YCH  3 엄정화 in 푸시버튼  4 효연 in 카이 ', ' zoom-in 취재 열기가 뜨거웠던 2019 S/S 서울 패션 위크. 디자이너와의 인맥을 과시하며 쇼장을 찾은 셀렙들.', '', ' K-STARS IN FASHION WEEK  국내 톱스타들의 해외 패션쇼 참석이 점차 늘고 있다. 프런트 로에서 당당히 존재감을 드러낸 것은 물론, 인스타그램 속에서도 활약했다.  ', '에디터 전선영 사진 IMAXtree.com, Getty Images 디자인 이세미', '<!--@ServiceURL:http://cosmopolitan.joins.com/article/RetArticleView.asp?strArtclCd=A000010118&strFCateCd=AAAD-->']]|FASHION|0|0|L|C|['1 블레이크 라이블리 in 디올  2 포피 델레바인, 알렉사 청 in 미우미우  3이자벨 위페르, 레아 세이두, 알리시아 비칸데르, 케이트 블란쳇 in 루이 비통  4 아이린, 리사 in 마이클 코어스 ']
판타스틱 4, 블랙핑크|http://v.media.daum.net/v/20180717113204121|2018.07.17|http://v.media.daum.net/v/20180717113204121?f=o|[[], ['무대는 ‘관객의 주목’이라는 특권이 주어진 공간이다. 그러나 그 특권에 환호까지 담보돼 있진 않다. 대중의 가혹한 평가를 거쳐 선택받거나 사라지고, 선택받은 이들은 다시 각자만의 색깔을 만드는 과제를 부여받는다. 여기, 지금 가장 큰 환호를 받는 무대 위 주인공들이 있다. 이 ‘판타스틱 4’의 색깔은 이미 명백한 ‘블랙핑크’다.', '', '크롭 톱, 모자 모두 니나리치. 귀고리, 목걸이 모두 샤넬. ', '컴백하자마자 1위 행진에 미국 빌보드 차트에서 K팝 걸 그룹 사상 최고 성적을 거뒀어요. 빌보드와 함께 세계 3대 음악 차트로 꼽히는 영국의 ‘오피셜 차트’, 일본의 ‘오리콘’에 이름을 올리기도 했고요. 데뷔 3년 차에 ‘최초’와 ‘최고’라는 수식어가 붙는 주인공이 된 기분은 어때요?로제 굉장히 과분한 수식어죠. 그런 말은 쉽게 익숙해지지 않을 것 같아요. 제니 일 년 만의 컴백이었고, 음원 등 순위를 생각하면서 준비하지는 않았기 때문에 영광스러운 마음이 커요. 특히 이번에는 저희가 여태껏 안 했던, 좀 더 센 콘셉트라 걱정을 많이 했거든요. 다행히 좋아해주셔서 저희도 즐거워요. ‘다음에도 또 새로운 걸 해보자’라는 용기도 생기고요.  ', '이 일이 점점 더 재미있나요? 아니면 부담이 늘어가나요?제니 이번 활동을 시작하면서 부담감이나 긴장을 많이 내려놓을 수 있게 된 것 같아요. 멤버들도 “좀 내려놓고 즐겨보자”라는 분위기고요. 우리가 좋아하는 걸 잘할 때 보는 분들도 즐거울 테니까. 요즘은 저희 모두 진짜 즐기고 있다는 느낌이에요.', '예전에는 잘 출연하지 않았던 예능 프로그램에서도 요즘 많이 보이더라고요. 제니 이제는 저희를 있는 그대로 보여드리는 게 겁나지 않더라고요. 꾸밈없이 솔직한 모습이 제일 좋다는 것도 알았고요. 로제 시간이 지날수록 좀 더 즐기려고 하는 편이에요. 아직 많이 떨리기는 하지만요. 리사도 이제 한국말이 늘어서 예능에서 말도 더 많이 하고. 하하.', '', '드레스 루이 비통. 귀고리 스타일리스트 소장품.', '연습생 시절부터 지금까지 7년이라는 시간 동안 함께 합숙하며 지냈잖아요. 멤버들끼리 서로서로 좋은 자극을 받는 점이 있을 것 같아요.로제 최근 들어 제니 언니가 건강관리를 열심히 하는 걸 보고 저희도 옆에서 자극을 좀 받고 있어요. 아직 생각만 하고 실천은 못 하고 있지만. 하하. 제니 아, 제가 활동 안 할 때는 운동도 많이 하고, 먹는 것도 신경 쓰려고 하거든요. 특히 활동 직전에는 더 그래요. 제가 짠 음식을 많이 먹으면 잘 붓는 체질이라 저염식을 하기 때문에 애들이 맛있는 거 먹을 때도 전 옆에서 죽 먹고 있고. 하하. 뮤직비디오 찍기 전이나 오늘 같은 화보 촬영 전에는 더 신경을 많이 쓰니까 애들이 옆에서 안쓰러워하기도 해요. 리사 전 컴백 준비를 하면서 느꼈어요. 안무 연습을 정말 오랜 시간 해 다들 너무 피곤한 상태인데 채영(로제)이가 혼자 남아 연습을 더 하는 거예요. 그게 정말…. 로제 그건 제가 부족해서…. 하하. 리사 아니에요. 사실 저도 연습을 더 해야 되는데 ‘오늘은 좀 쉬고 내일 다시 하자’ 이런 마음이 들거든요. 하하. 근데 자기 일을 정말 열심히 하고, 끝까지 붙잡고 하는 채영이의 모습을 보면서 자극을 많이 받았어요.', '제니가 다른 멤버들에게 자극받는 점은 뭐가 있어요?제니 동생들이 참 좋은 게, 요즘처럼 바쁘게 스케줄을 다니다 보면 대기실에서 기다리거나 리허설을 준비하는 시간이 본무대보다 훨씬 길거든요. 그럴 때 지칠 법도 한데 항상 으샤으샤해주고, 거의 120%의 에너지를 쓰는 것 같아요. 가끔 처질 때마다 애들이 양옆에서 “언니! 힘내요!” 하면서 잡아주니까 그런 긍정적인 에너지가 저한테 아주 좋은 자극이 돼요. ', '각자 따로 하는 운동이나 식단 관리가 있어요?제니 전 운동을 꾸준히 해왔는데, 한 가지 운동을 오래 하면 좀 질려 하는 편이에요. 원래 플라잉 요가를 좀 오래 했는데 요즘은 필라테스도 병행하고 있어요. 그리고 운동이 끝나고 나면 건강식을 먹는 편이에요. 아보카도를 좋아해 아보카도 샐러드와 함께 디톡스 주스도 하루에 한 잔씩 마시고요. 한 끼는 맛있게 먹고, 저녁에는 덜 자극적인 음식으로 챙겨 먹으려고 노력하죠. 자신만의 패턴을 잘 찾으면 오랫동안 유지하면서 행복한 다이어트를 할 수 있답니다. 리사 전 사실 멤버들이 운동하는 걸 보면서 같이 해보려다 늘 실패를 했거든요. 그래도 요새는 디톡스 주스를 매일 챙겨 먹어요. 제니 언니 따라서. 하하. 로제 저도 올해부터 필라테스를 다니기 시작해 이틀에 한 번씩은 가려고 노력해요. 음식은 안 가리고 잘 먹는 편인데, 좋아하는 음식이 파프리카나 당근 같은 채소라 저절로 관리가 되지 않나 싶어요. 간식도 과자 같은 것보다 과일을 많이 챙겨 먹고요. 지수 전 원래 잘 찌는 스타일이었는데, 멤버들하고 지내면서 체질이 좀 바뀐 것 같아요. 안 찌는 체질로요. 운동은 따로 안 하고, 안무 연습으로 충분한 것 같습니다. 저희가 또 콘서트를 앞두고 있기 때문에 그 준비하느라 운동량은 이미 한계치를 넘지 않았나 싶은데…. 하하.', '', '드레스, 부츠 모두 생로랑. 귀고리 스타일리스트 소장품.', '각자에게 요즘의 ‘소확행’은 뭐예요?리사 전 엄마랑 매일 하는 전화 통화요! 요새 제가 열심히 활동하는 걸 보고 엄마가 늘 행복해하시니까. 그런 모습을 보면 제가 더 힘이 나고 행복해져요. 로제 전 유튜브 영상 찾아보는 걸 좋아해요. 연습생 때부터 제가 좋아하는 음악이나 아티스트의 인터뷰 영상을 찾아보는 걸 즐겼거든요. 그럴 때 힐링되는 것 같아요. 제니 요즘에는 숙소에서 강아지들이랑 시간 보내는 게 제일 좋아요. 지수 요즘 읽고 있는 오쿠다 히데오의 소설 <공중그네>요. 원래 책 읽는 걸 좋아하거든요. ', '요즘 특히 욕심나는 게 있다면요?제니 음… 다음 컴백? 하하. 이번이 첫 미니 앨범이거든요. 늘 싱글만 발표하다가 처음으로 4곡이 수록된 미니 앨범을 내보니까 누가 “수록곡 중에 이런 노래도 좋더라” 할 때 기분이 정말 좋더라고요. 앨범 재킷 사진도 처음 찍어보고, 심혈을 기울여 앨범이라는 걸 만들 때의 희열도 맛보니까 빨리 준비해 정규 앨범을 선보이고 싶다는 욕심이 저희 넷 다 생긴 것 같아요.', '아티스트는 대중의 반응과 스스로의 만족 사이에서 늘 줄타기하는 존재잖아요. 음악을 들려주고 퍼포먼스를 보여주는 아티스트로서 대중의 평가와 자기 만족 중 무엇이 우선인가요?제니 늘 딜레마인 것 같아요. 대중이나 팬들이 저희에게 원하는 건 각자 다 다르잖아요. 이번 콘셉트는 굉장히 강렬한 블랙에 가깝고, 센 모습이었기 때문에 이 모습이 대중을 얼마나 만족시킬 수 있을까에 대해서는 짐작조차 할 수 없었어요. 질문하신 것처럼 대중의 평가와 자기 만족 사이에서 고민을 많이 하고, 멤버들과 이야기도 많이 나누면서 내린 결론은 ‘우리가 하고 싶고, 우리가 즐기는 걸 하는 게 맞겠다’라는 거였어요. 누군가의 기준을 따라가려다 보면 저희 색깔을 잃어버릴 수 있고, 보는 분들이 ‘똑같은 것만 한다’라고 느낄 수도 있으니까요. 하고 싶은 걸 잘해내기 위해 노력할 때 좋은 시너지가 나오지 않을까 싶어요.', '', '재킷 알렉산더 맥퀸. 슬립 드레스 라펠라. 부츠 발렌티노 가라바니. 귀고리, 장갑 스타일리스트 소장품.', '블랙핑크는 자기만의 색깔이 확실한 그룹이에요. 각자 생각하는 ‘블랙핑크답다’는 건 어떤 모습인가요?제니 흠… 뻔할 수도 있겠지만, 뭘 해도 블랙핑크의 것으로 만드는 것? 가수는 무대 퍼포먼스 외에도 다른 활동을 많이 하잖아요. 예능에 나가거나 오늘같이 화보를 찍기도 하고요. 화보찍을 때는 멋진 모델이 되고, 예능할 때는 ‘되게 재미있고 귀여운 애들이구나’ 이렇게 생각해주면 좋겠어요. 뭘 하더라도 그 모습에 맞게 잘 소화할 때 전 ‘블랙핑크로서 잘하고 있구나’라고 느끼는 것 같아요. 로제 저희 한 명 한 명이 각자 하고 싶은 것들도 많고, 욕심도 많거든요. 하나 같이 스스로에게 굉장히 엄격한 편이에요. 그러다 보니까 어떤 걸 하더라도 늘 준비돼 있는 모습이 가장 블랙핑크다운 게 아닐까 생각해요. 지수 저희가 컴백할 때마다 얘기하는 것들이 있어요. “새로운 도전을 하고 싶다”, “두려워하지 않는다”라는 말들을 많이 하거든요. 그게 딱 저희를 설명하는 말이라고 생각해요. 블랙핑크답다는 건 두려움을 이겨내고 도전하는 모습 자체인 것 같아요.', '아직은 20대 초반이지만, 각자의 30대를 상상해본다면 어떤 모습인가요?로제 전 개인적으로 음악을 계속하고 있으면 좋겠어요. 그게 어떤 형태인지는 모르겠지만. 리사 전 뭔가 새로운 도전을 해보고 싶어요. 사진 찍는 것도 좋아하니까 전 세계를 여행하면서 사진을 찍고 있지 않을까? 제니 흠… 전 제가 행복에 가까워져 있었으면 좋겠네요. 그때쯤에는 제가 꿈꾸는 행복을 찾아 거기에 조금이라도 가까이 가 있으면 좋겠다는 소망이 있어요. 지수 건강하게 잘 있었으면 좋겠습니다. 일동 맞네, 그게 제일이네. 하하.', '밀레니얼 세대를 대표하는 아이콘이 돼가고 있어요. 동시대를 살아가는 20대 여성들에게 해주고 싶은 말이 있다면요?로제 꿈을 잃지 않았으면 좋겠어요. 각자 어렸을 때부터 가졌던 꿈이 있을 텐데, 살다 보면 조금 흐릿해질 때도 있고, 주변 상황 때문에 포기해야 할 때도 있을 테니까요. 그래도 끝까지 꿈을 잃지 말고, 좋아하는 것을 향해 열심히 나아가다 보면 그 과정 자체가 행복하지 않을까요? 파이팅! 우리 같이 커가는 거니까요.리사 맞아요. 많이 시도하고, 많이 도전해보면 좋을 것 같아요. 제니 자신을 믿는 법을 배웠으면 좋겠어요. 저도 사실 불확실할 때가 많거든요. 혼자 무대 모니터를 하면서 만족스럽지 못해 자책할 때도 있고요. 그런데 자책을 좀 줄이고, 스스로에게 만족할 줄 알아야 그다음 단계로 넘어갈 수 있는 것 같아요. 팬 사인회를 하면 많은 분이 제게 질문하는 게 “제가 이런 걸 하고 싶은데, 자신이 없어요. 어떻게 하면 좋을까요?”라는 거였어요. ‘어떻게 말해주면 좋을까’ 고민하다 보니, 일단 뭘 하고 싶다는 그 마음을 갖고 있는 것만으로도 시작이겠다는 생각이 들었어요. 거기서 자기가 잘하는 걸 찾고, 그 과정을 정말 즐긴다면 그걸로 충분하지 않을까요? 자책만 하지 말고, 스스로 위로도 좀 해주면서요. 지수 앞에서 한 얘기가 다 중요한 것 같아요. 어쨌든 자기 인생의 주인은 자신이니까, 다른 것들에 휘둘려 정작 중요한 걸 잃지 않았으면 좋겠어요. 무엇보다 자신에게 집중하기!', 'Photographer Kim Hee June Fashion Director Jeon Seon Young Feature Editor Sung Young Joo Celebrity Model 블랙핑크 Stylist 김예진 Hair 한지선 Makeup 이명선 Set Stylist 김민선 Assistant 김지영']]|CELEBS|0|0|L|C|['예전에는 잘 출연하지 않았던 예능 프로그램에서도 요즘 많이 보이더라고요. 제니 이제는 저희를 있는 그대로 보여드리는 게 겁나지 않더라고요. 꾸밈없이 솔직한 모습이 제일 좋다는 것도 알았고요. 로제 시간이 지날수록 좀 더 즐기려고 하는 편이에요. 아직 많이 떨리기는 하지만요. 리사도 이제 한국말이 늘어서 예능에서 말도 더 많이 하고. 하하.', '연습생 시절부터 지금까지 7년이라는 시간 동안 함께 합숙하며 지냈잖아요. 멤버들끼리 서로서로 좋은 자극을 받는 점이 있을 것 같아요.로제 최근 들어 제니 언니가 건강관리를 열심히 하는 걸 보고 저희도 옆에서 자극을 좀 받고 있어요. 아직 생각만 하고 실천은 못 하고 있지만. 하하. 제니 아, 제가 활동 안 할 때는 운동도 많이 하고, 먹는 것도 신경 쓰려고 하거든요. 특히 활동 직전에는 더 그래요. 제가 짠 음식을 많이 먹으면 잘 붓는 체질이라 저염식을 하기 때문에 애들이 맛있는 거 먹을 때도 전 옆에서 죽 먹고 있고. 하하. 뮤직비디오 찍기 전이나 오늘 같은 화보 촬영 전에는 더 신경을 많이 쓰니까 애들이 옆에서 안쓰러워하기도 해요. 리사 전 컴백 준비를 하면서 느꼈어요. 안무 연습을 정말 오랜 시간 해 다들 너무 피곤한 상태인데 채영(로제)이가 혼자 남아 연습을 더 하는 거예요. 그게 정말…. 로제 그건 제가 부족해서…. 하하. 리사 아니에요. 사실 저도 연습을 더 해야 되는데 ‘오늘은 좀 쉬고 내일 다시 하자’ 이런 마음이 들거든요. 하하. 근데 자기 일을 정말 열심히 하고, 끝까지 붙잡고 하는 채영이의 모습을 보면서 자극을 많이 받았어요.', '각자 따로 하는 운동이나 식단 관리가 있어요?제니 전 운동을 꾸준히 해왔는데, 한 가지 운동을 오래 하면 좀 질려 하는 편이에요. 원래 플라잉 요가를 좀 오래 했는데 요즘은 필라테스도 병행하고 있어요. 그리고 운동이 끝나고 나면 건강식을 먹는 편이에요. 아보카도를 좋아해 아보카도 샐러드와 함께 디톡스 주스도 하루에 한 잔씩 마시고요. 한 끼는 맛있게 먹고, 저녁에는 덜 자극적인 음식으로 챙겨 먹으려고 노력하죠. 자신만의 패턴을 잘 찾으면 오랫동안 유지하면서 행복한 다이어트를 할 수 있답니다. 리사 전 사실 멤버들이 운동하는 걸 보면서 같이 해보려다 늘 실패를 했거든요. 그래도 요새는 디톡스 주스를 매일 챙겨 먹어요. 제니 언니 따라서. 하하. 로제 저도 올해부터 필라테스를 다니기 시작해 이틀에 한 번씩은 가려고 노력해요. 음식은 안 가리고 잘 먹는 편인데, 좋아하는 음식이 파프리카나 당근 같은 채소라 저절로 관리가 되지 않나 싶어요. 간식도 과자 같은 것보다 과일을 많이 챙겨 먹고요. 지수 전 원래 잘 찌는 스타일이었는데, 멤버들하고 지내면서 체질이 좀 바뀐 것 같아요. 안 찌는 체질로요. 운동은 따로 안 하고, 안무 연습으로 충분한 것 같습니다. 저희가 또 콘서트를 앞두고 있기 때문에 그 준비하느라 운동량은 이미 한계치를 넘지 않았나 싶은데…. 하하.', '각자에게 요즘의 ‘소확행’은 뭐예요?리사 전 엄마랑 매일 하는 전화 통화요! 요새 제가 열심히 활동하는 걸 보고 엄마가 늘 행복해하시니까. 그런 모습을 보면 제가 더 힘이 나고 행복해져요. 로제 전 유튜브 영상 찾아보는 걸 좋아해요. 연습생 때부터 제가 좋아하는 음악이나 아티스트의 인터뷰 영상을 찾아보는 걸 즐겼거든요. 그럴 때 힐링되는 것 같아요. 제니 요즘에는 숙소에서 강아지들이랑 시간 보내는 게 제일 좋아요. 지수 요즘 읽고 있는 오쿠다 히데오의 소설 <공중그네>요. 원래 책 읽는 걸 좋아하거든요. ', '아직은 20대 초반이지만, 각자의 30대를 상상해본다면 어떤 모습인가요?로제 전 개인적으로 음악을 계속하고 있으면 좋겠어요. 그게 어떤 형태인지는 모르겠지만. 리사 전 뭔가 새로운 도전을 해보고 싶어요. 사진 찍는 것도 좋아하니까 전 세계를 여행하면서 사진을 찍고 있지 않을까? 제니 흠… 전 제가 행복에 가까워져 있었으면 좋겠네요. 그때쯤에는 제가 꿈꾸는 행복을 찾아 거기에 조금이라도 가까이 가 있으면 좋겠다는 소망이 있어요. 지수 건강하게 잘 있었으면 좋겠습니다. 일동 맞네, 그게 제일이네. 하하.', '밀레니얼 세대를 대표하는 아이콘이 돼가고 있어요. 동시대를 살아가는 20대 여성들에게 해주고 싶은 말이 있다면요?로제 꿈을 잃지 않았으면 좋겠어요. 각자 어렸을 때부터 가졌던 꿈이 있을 텐데, 살다 보면 조금 흐릿해질 때도 있고, 주변 상황 때문에 포기해야 할 때도 있을 테니까요. 그래도 끝까지 꿈을 잃지 말고, 좋아하는 것을 향해 열심히 나아가다 보면 그 과정 자체가 행복하지 않을까요? 파이팅! 우리 같이 커가는 거니까요.리사 맞아요. 많이 시도하고, 많이 도전해보면 좋을 것 같아요. 제니 자신을 믿는 법을 배웠으면 좋겠어요. 저도 사실 불확실할 때가 많거든요. 혼자 무대 모니터를 하면서 만족스럽지 못해 자책할 때도 있고요. 그런데 자책을 좀 줄이고, 스스로에게 만족할 줄 알아야 그다음 단계로 넘어갈 수 있는 것 같아요. 팬 사인회를 하면 많은 분이 제게 질문하는 게 “제가 이런 걸 하고 싶은데, 자신이 없어요. 어떻게 하면 좋을까요?”라는 거였어요. ‘어떻게 말해주면 좋을까’ 고민하다 보니, 일단 뭘 하고 싶다는 그 마음을 갖고 있는 것만으로도 시작이겠다는 생각이 들었어요. 거기서 자기가 잘하는 걸 찾고, 그 과정을 정말 즐긴다면 그걸로 충분하지 않을까요? 자책만 하지 말고, 스스로 위로도 좀 해주면서요. 지수 앞에서 한 얘기가 다 중요한 것 같아요. 어쨌든 자기 인생의 주인은 자신이니까, 다른 것들에 휘둘려 정작 중요한 걸 잃지 않았으면 좋겠어요. 무엇보다 자신에게 집중하기!']
스타가 찜콩한 그 립스틱!|http://v.media.daum.net/v/20160923175203560|2016.09.23|http://v.media.daum.net/v/20160923175203560?f=o|"[[], [""언니들의 레드 립 시크릿은? 스타가 찜콩한 '그' 립스틱!"", '', ' 샤넬 행사장에 ‘세젤예’ 한예슬이 떴다! 그녀는 핑크인 듯 레드인 듯 오묘한 립 컬러를 바르고 나타나 행사장에 참석한 모두의 시선을 한 몸에 받았다는 후문! 샤넬 루쥬 알뤼르 잉크 146 세뒤상 4만2천원.', '', '정려원이 제안한 올가을 트렌드 립 컬러는 코럴빛 레드! 루즈 디올 ‘080 레드 스마일’은 선명한 코럴 레드 컬러로 생기 넘치면서 에너제틱한 분위기를 완성한다. 디올 루즈 디올 080 레드 스마일 4만1천원. ', '', '블랙핑크의 입술을 강렬하게 피처링한 립스틱 중 리사가 택한 더 레드 컬러는 펑키한 무드의 메이크업에 딱일 듯! 문샷 립핏 립스틱 S112 더 레드 2만2천원. ', 'Editor 기지혜']]"|BEAUTY|0|0|L|C|['블랙핑크의 입술을 강렬하게 피처링한 립스틱 중 리사가 택한 더 레드 컬러는 펑키한 무드의 메이크업에 딱일 듯! 문샷 립핏 립스틱 S112 더 레드 2만2천원. ']
스타가 찜콩한 그 립스틱!|http://v.media.daum.net/v/20160923175203560|2016.09.23|http://v.media.daum.net/v/20160923175203560?f=o|"[[], [""언니들의 레드 립 시크릿은? 스타가 찜콩한 '그' 립스틱!"", '', ' 샤넬 행사장에 ‘세젤예’ 한예슬이 떴다! 그녀는 핑크인 듯 레드인 듯 오묘한 립 컬러를 바르고 나타나 행사장에 참석한 모두의 시선을 한 몸에 받았다는 후문! 샤넬 루쥬 알뤼르 잉크 146 세뒤상 4만2천원.', '', '정려원이 제안한 올가을 트렌드 립 컬러는 코럴빛 레드! 루즈 디올 ‘080 레드 스마일’은 선명한 코럴 레드 컬러로 생기 넘치면서 에너제틱한 분위기를 완성한다. 디올 루즈 디올 080 레드 스마일 4만1천원. ', '', '블랙핑크의 입술을 강렬하게 피처링한 립스틱 중 리사가 택한 더 레드 컬러는 펑키한 무드의 메이크업에 딱일 듯! 문샷 립핏 립스틱 S112 더 레드 2만2천원. ', 'Editor 기지혜']]"|BEAUTY|0|0|L|C|['블랙핑크의 입술을 강렬하게 피처링한 립스틱 중 리사가 택한 더 레드 컬러는 펑키한 무드의 메이크업에 딱일 듯! 문샷 립핏 립스틱 S112 더 레드 2만2천원. ']
스타가 찜콩한 그 립스틱!|http://v.media.daum.net/v/20160923175203560|2016.09.23|http://v.media.daum.net/v/20160923175203560?f=o|"[[], [""언니들의 레드 립 시크릿은? 스타가 찜콩한 '그' 립스틱!"", '', ' 샤넬 행사장에 ‘세젤예’ 한예슬이 떴다! 그녀는 핑크인 듯 레드인 듯 오묘한 립 컬러를 바르고 나타나 행사장에 참석한 모두의 시선을 한 몸에 받았다는 후문! 샤넬 루쥬 알뤼르 잉크 146 세뒤상 4만2천원.', '', '정려원이 제안한 올가을 트렌드 립 컬러는 코럴빛 레드! 루즈 디올 ‘080 레드 스마일’은 선명한 코럴 레드 컬러로 생기 넘치면서 에너제틱한 분위기를 완성한다. 디올 루즈 디올 080 레드 스마일 4만1천원. ', '', '블랙핑크의 입술을 강렬하게 피처링한 립스틱 중 리사가 택한 더 레드 컬러는 펑키한 무드의 메이크업에 딱일 듯! 문샷 립핏 립스틱 S112 더 레드 2만2천원. ', 'Editor 기지혜']]"|BEAUTY|0|0|L|C|['블랙핑크의 입술을 강렬하게 피처링한 립스틱 중 리사가 택한 더 레드 컬러는 펑키한 무드의 메이크업에 딱일 듯! 문샷 립핏 립스틱 S112 더 레드 2만2천원. ']
