title|link|date|cosmo_link|contents|category|title_name|check
요똥들의 희망 밀키트|http://v.media.daum.net/v/20201117000047941|2020.11.17|http://v.media.daum.net/v/20201117000047941?f=o|[['「 마켓컬리 샐러드판다 판다의 로제 베지누들 5천2백원 」\n면 러버 다이어터를 위한 밀키트. 밀가루나 곤약 면이 아닌 리얼 채소로 만든 면을 사용했는데, 오이와 식감이 비슷한 주키니 호박의 겉 부분을 얇게 저민 뒤 면처럼 길게 채 썰어 담아냈다. 로제, 토마토, 미트소스 등 8가지 맛을 선보인다.', '「 마켓컬리 샐러드판다 판다의 로제 베지누들 5천2백원 」', '「 CJ 쿡킷 부채살 찹스테이크 2만8백원 」\nCJ 제일제당에서 운영 중인 밀키트 브랜드 ‘쿡킷’은 국내외 특급 호텔 경력의 셰프 13인과 함께 개발한 밀키트를 선보인다. 타사보다 가격대가 있는 편이지만 일상적인 메뉴의 재료도 엄격하게 선별하고 외식으로 먹는 특별식도 간편하게 즐길 수 있도록 구성된 점이 특징. 메뉴에 들어가는 재료별로 특성에 맞는 포장재를 적용해 신선함이 남다르다는 것도 쿡킷만의 차별점이다.', '「 CJ 쿡킷 부채살 찹스테이크 2만8백원 」', '「 우주인피자 키트 페퍼로니 앤 파인애플 9천9백원 」\n소꿉장난하듯 만들어 먹는 밀키트 피자! 2개 분량의 얇은 도와 풍미 가득한 소스, 심플한 토핑까지 들어 있어 오븐이나 에어프라이어에 10분 정도만 구워내면 꽤 그럴듯한 피자가 완성된다. 재료를 급속 냉동 후 개별 진공 포장해서 그런지 반죽이 쫄깃하고 마치 화덕에서 구워낸 듯한 피자 맛을 경험할 수 있다.', '「 우주인피자 키트 페퍼로니 앤 파인애플 9천9백원 」', '「 마이셰프 감바스알아히요 1만3천9백원 」\n마이셰프에서는 볼케이노 나베, 육전, 족발덮밥 등 국적 불문, 다양한 개성으로 특화된 요리 메뉴를 고를 수 있다. 새벽 배송이 가능한 쿠팡이나 SSG닷컴 등에 입점해 있어 빠르게 배송 받아볼 수 있는 것도 장점이다.', '「 마이셰프 감바스알아히요 1만3천9백원 」', '「 피코크 시추안하우스 마라 소고기 전골 1만5천8백원 」\n혈중 마라 농도가 훅 떨어졌다면 주목! 이마트 피코크는 사천 요리 맛집인 ‘시추안하우스’와 협업해 마라 특유의 얼얼한 맛을 제대로 느낄 수 있는 마라 전골을 선보인다. 유명 맛집의 비법 레시피 덕에 맛 보장은 기본! 하지만 맵쫄보라면 마라 향미를 3분의 2만 넣어서 조리해도 중독성 강한 마라탕 맛을 즐길 수 있다.', '「 피코크 시추안하우스 마라 소고기 전골 1만5천8백원 」', '「 심쿡 슈페리어 연어 스테이크 1만5천9백원 」\n신선한 생연어와 갓 공수된 가니시용 채소까지 딱 1인분으로 소분한 메뉴가 주문한 지 하루 만에 도착했다. 다른 밀키트 브랜드와 달리 간소한 포장이 눈길을 끈다. 불필요한 플라스틱 용기, 종이 상자 등을 일절 사용하지 않고 아이스박스, 보냉 팩, 아이스 팩의 3중 포장으로 배송이 돼 쓰레기양도 적은 편.', '「 심쿡 슈페리어 연어 스테이크 1만5천9백원 」'], ['', '비건 에디터 SAY왜 채소도 탄수화물이라는 생각을 못 했을까? 게다가 단당류가 아닌 몸에 좋은 식이섬유 성분의 탄수화물이잖아. 탄수화물(주키니)과 지방(그라나파다노 치즈)의 조합이 실패할 리는 없다. 180kcal 로 가볍게 즐길 수 있지만 한 끼 식사로는 양이 살짝 아쉽다. 김예린(피처 에디터)', '', 'N년 차 혼사녀 SAY고기가 아무리 좋아도 소스가 맛없으면 다신 안 찾게 되는데 이 제품은 소스 풍미가 대박! 포장된 고기도 기대 이상으로 신선하고 두께도 두툼해 씹는 맛과 육즙까지 제대로다! 이영우(패션 에디터)', '', '요똥손 SAY야식이 당기는 날 초간편식으로 먹기 좋은 홈메이드 피자! 도에 토마토소스를 쓱쓱 펴 발라 집에 남아 있던 버섯을 추가해 구웠더니 한 판으론 아쉬울 정도로 맛있었다. 집콕러일 때도 좋지만 캠핑 갈 때 바비큐 메뉴 대신 가져가고 싶을 만큼 넘나 매력적! 정유진(뷰티 에디터)', '', '홈크닉족 SAY갑작스레 잡힌 친구들과의 홈 파티에서 제대로 빛을 발한 밀키트! 감바스는 간편하게 즐길 수 있지만 재료 구입이나 손질이 부담됐는데 문어와 새우, 건고추, 케이퍼, 올리브 등이 정량만큼만 들어 있어 조리도 쉬워 부담이 적었다. 다만 감칠맛이 부족한 바게트 빵이 살짝 아쉬웠을 뿐! 하예진(피처 에디터)', '', '마라 고수 SAY 실한 소고기, 각종 버섯, 양념까지 다 좋은데, 채소류가 아쉽다. 냉장고에서 조용히 썩어가는 채소가 있다면 다 때려 넣길. 매운맛으로 입술을 세게 때린 것 같은 마라의 알싸함은 훠궈의 홍탕과 매우 비슷하다. 전소영(피처 디렉터)', '', '요잘알 SAY 아니, 이런 셰프 갬성 충만한 밀키트를 봤나! 연어가 꽤 두꺼운 데다 상태도 좋았고, 채소도 신선해 우선 합격. 소스가 내 입맛에는 조금 달달한 감이 있었지만 따로 동봉돼 있어 취향껏 먹으면 될 듯. 송가혜(뷰티 에디터)']]|LIFE|0|0
판매왕 길만 걷는 뷰티템 모음|http://v.media.daum.net/v/20201112000053785|2020.11.12|http://v.media.daum.net/v/20201112000053785?f=o|[[], ['환절기와 미세먼지에도 끄떡없던 에디터의 슈퍼 피부(라고 자부했던)도 장기화된 마스크 착용 사태에 속수무책으로 무너졌다. 턱 밑에 난 트러블은 염증 주사를 맞은 그때만 잠시 가라앉을 뿐 위치를 바꿔가면서 계속 재발하는 중. 그러다 보니 립스틱홀리커인 에디터에게도 화장품 쇼핑에 변화가 생겼다. “마스크 착용으로 가장 큰 타격을 입은 건 립스틱 매출이에요. 색조 화장품이 매출 부진에서 벗어나지 못하는 반면 스타 프로덕트를 보유한 스킨케어 브랜드는 때아닌 호황을 누리는 곳도 적지 않아요.” 글로벌 브랜드 홍보 마케팅팀 A팀장의 설명처럼 소비자들은 요즘 마스크 착용으로 인해 떨어진 피부 면역력 케어에 집중하고 있는 중. 따라서 스킨케어 아이템이 판매 1위를 차지하는 브랜드에서는 큰 변화가 없지만 그렇지 않은 브랜드에서는 톤 업 베이스, 향수, 보송 베이스템 등이 왕의 자리에 새로이 안착했다. #피부면역력 #안묻는쿠션 #마스크메이크업 같은 해시태그가 큰 관심을 받은 것도 올해의 스페셜한 이슈인 듯.', '', '▶2019 #킹왕짱 랑콤 UV 엑스퍼트 밀키 브라이트 8만원대강력한 자외선과 초미세먼지 차단까지 한꺼번에 해결해주는 촉촉한 투명 선크림.', 'Why?무려 16년 동안 매출 1위를 갱신하고 있는 천상천하 유아독존 전설의 스펙 만렙 선크림이다.', '▶2020 #올해의판매왕 랑콤 UV 엑스퍼트 톤업 밀크 로지 블룸 8만2천원대 미세먼지는 물론 톤 업 효과까지 겸비한 장밋빛 선크림.', 'Why?단 한 번도 흔들림 없던 불변의 랭킹 1위가 코로나19로 인해 메이크업과 자외선 차단 효과까지 있는 톤 업 기능의 자외선 차단제로 순위가 뒤바뀌는 이변이 일어났다.', '', '▶싹쓰리 2관왕 조 말론 런던 블랙베리 앤 베이 100ml 19만원블랙베리, 월계수 잎, 시더우드 향으로 이어지는 프레시하면서도 모던한 무드의 향수.', 'Why? 코로나19 여파에도 향수 무대를 찢어놓은 무시무시한 아묻따 능력자! 작년도 매출 대비 35% 성장률을 기록했으며, 트렌디한 소비자들이 많이 찾는 G 백화점에서는 수많은 니치 향수를 제치고 영광의 슈퍼 리치템으로 다시 한번 자리매김했다.', '', '▶싹쓰리 2관왕 오휘 더 퍼스트 제너츄어 앰풀 어드밴스드 35만원브랜드의 독자적인 성분과 기술력이 집약된 앰풀. 지친 피부에 깊은보습감과 활력을 공급한다.', 'Why? 출시 이후 꾸준히 상위권에 머무르다 작년에 이어 올해까지 1위를 점령하는 데 성공한 스테디셀러! 역시 비싸도 좋은 건 모두가 다 안다는 진리가 이 제품에도 어김없이 적용됐다.', '', '▶2019 #킹왕짱 샤넬 르 블랑 브라이트닝 젠틀 터치 파운데이션 SPF 30 PA+++ 8만2천원블러 처리한 듯 뽀샤시한 보송한 피부로 마무리해주는 광채 쿠션.', 'Why? 작년 출시되자마자 주요 셰이드가 모두 완판 행진하면서 샤넬의 뉴 위너로 떠오른 무서운 괴물 라이징 스타!', '▶2020 #올해의판매왕 샤넬 르 블랑 코렉팅 브라이트닝 메이크업 베이스 로제 7만3천원 피부를 화사하게 보정해주는 진귀한 매화꽃 오일이 함유된 메이크업 베이스.', 'Why? 원래도 백화점 메이크업 베이스 부문 1위 제품이지만 코로나19로 라이트한 메이크업을 선호하는 마스크족에게 다시 한번 무한한 사랑을 받으며 1위를 탈환한 갓띵작!', '', '▶싹쓰리 2관왕 나스 아쿠아 글로우 쿠션 파운데이션 SPF 23 PA++ 6만3천원수분 가득 머금은 쿠션으로 피부에 자연스러운 촉광을 연출해준다.', 'Why?완벽한 재구매율의 승리! 이 쿠션을 한 번도 안 쓴 사람은 있어도 한 번만 산 사람은 없을 정도로 이 제품에 입덕하면 오덕이 되는 건 시간문제!', '', '▶2019 #킹왕짱 지방시 뷰티 르 루즈 N333 랑떼르디 4만8천원대 크리미하게 발리지만 마무리감은 매트한 고발색 립스틱.', 'Why? 작년 강다니엘이 모델로 발탁된 후 선보인 르 루즈 립스틱이 판매왕에 단숨에 안착! 그중 레드 립스틱은 품절대란템으로 큰 사랑을 받았다.', '▶2020 #올해의판매왕 지방시 뷰티 땡 꾸뛰르 쿠션 7만7천원대겉 보송보송 속 촉촉한 커버력 좋은 파운데이션 쿠션.', 'Why? 마스크 착용으로 매출이 저조해진 립스틱 자리를 파우더리한 쿠션 팩트가 대신했다. 마스크에 묻어나지 않는 벨벳 사용감이 입소문을 탄 인기작으로 돌풍을 일으켰기 때문.', '', '▶싹쓰리 2관왕 비오템 옴므 아쿠아파워 프레시 로션 인 젤 5만2천원대피부에 즉각적으로 수분감을 주는 젤 모이스처라이저.', 'Why?류준열을 모델로 기용한 뒤 폭발적인 매출 상승세를 기록하는 행복한 꽃길템! 작년 동기 대비 판매량이 약 150% 증가한 울트라 메가톤급 남성용 올인원 제품이다.', '', '▶싹쓰리 2관왕 빌리프 더 트루 크림-모이스춰라이징 밤 4만2천원 피부에 26시간 동안 마르지 않는 수분을 공급해준다.', 'Why?빌리프가 곧 #보습폭탄크림이라고 해도 과언이 아닐 정도로 브랜드 내 독보적인 톱 오브 톱! 2위 제품인 더 트루 크림-아쿠아 밤과 함께 브랜드 내 열일하는 황금 센터로 대활약 중이다.', '', '▶싹쓰리 2관왕 겐조 플라워바이겐조 100ml EDT 13만원대가상의 포피꽃을 향기로 표현한 파우더리한 플로럴 향수.', 'Why? 무려 20년 동안 원&온리 겐조 향수의 베스트셀러 1위를 고수하는 대체 불가 국민템! 올 하반기에는 코로나 블루 증세를 극복하고자 다양한 프로모션을 진행해 올리브영 채널 기준으로는 40%, 카카오톡 선물하기 채널 기준으로는 36% 성장세를 기록한 명실상부 국민 롱런템이다.', '', '▶싹쓰리 2관왕 프레쉬 콤부차 페이셜 트리트먼트 에센스 10만4천원대외부 유해 환경과 블루라이트 차단에 도움을 주는 안티폴루션 트리트먼트 에센스.', 'Why?올 9월 기준으로 작년 대비 18% 성장률을 기록한, 불황 속 빛나는템! 유해 물질, 피부 산화, 블루라이트로부터 피부를 보호해주는 것이 피부 면역력을 끌어올리고 싶은 마스크 착용자들의 마음을 명중시켰다.', '', '▶2019 #킹왕짱 스킨푸드 로열허니 프로폴리스 인리치 에센스 3만2천원진하게 숙성된 프로폴리스가 함유된 영양 가득한 꿀 밀도 에센스.', 'Why?찐 효자템! 스킨푸드 마니아들 사이에서 재구매율이 가장 높고 #내돈내산 후기가 좋은 부동의 1위 아이템이다.', '▶2020 #올해의판매왕 스킨푸드 블랙슈가 퍼펙트 에센셜 스크럽 2엑스 1만9천원기존 블랙슈가보다 텍스처가 고운 부드러운 식물성 오일 스크럽제.', 'Why? 마스크 착용으로 생긴 트러블 때문에 많은 사람이 원조 스크럽제인 이 제품을 찾게 된 것이 올해의 떡상템이 된 이유! 최근에는 올리브영에 입점하면서 매출이 급성장했다.', '', '▶싹쓰리 2관왕 이니스프리 그린티 씨드 세럼 2만4천원대피부 각질 10층까지 흡수되는 강력한 수분감을 자랑하는 퍼스트 세럼.', 'Why? 코로나19 여파로 미미한 타격을 받기는 했지만 현재 누적 판매 2500만 개를 기록한, 부인할 수 없는 퍼스트 세럼계의 대통령이다.', '', '▶싹쓰리 2관왕 맥 라이트풀 C+ 코랄 그라스 틴티드 프라이머 SPF 45 PA++++ 5만2천원대 매끈하고 빛나는 장밋빛 피부로 연출해주는 프라이머.', 'Why? 볼륨 면에서는 단연코 립스틱이지만 단일 매출로는 바로 이 로즈 톤 업 베이스가 톱이라고. 특히 립스틱 구매자들이 충동구매 플렉스로 샀다가 제품력에 반해 다시 찾는 재구매율 1위 아이템이다.', '', '▶싹쓰리 2관왕 헤라 블랙 쿠션 SPF 34 PA++ 5만5천원대(리필 포함)오랜 시간 화사하고 산뜻한 베이스 메이크업을 연출해주는 쿠션 팩트.', 'Why? 뛰어난 제품력과 시크한 패키지 덕에 헤라의 매출 원톱이 된 센터템! 브랜드 내 재구매율 1위에 빛나는 제품으로 작년에는 24% 성장을 기록하더니 급기야 올 9월에는 누적 판매 수량 460만 개를 돌파한 천하무적 쿠션 맛집으로 박제됐다. 특히 7월 LED 조명이 적용된 패키지 출시와 팝업 스토어가 인기 어그로에 성공.', '', '▶2019 #킹왕짱 디올 디올 어딕트 립 글로우 컬러 어웨이크닝 립 밤 #001 핑크 4만4천원대입술 본연의 컬러에 맞게 자연스럽게 발색되는 컬러 립밤.', 'Why?김연아 립밤으로 다이너마이트급 인기를 얻은 이후 매출 1위는 닥치고 글로우 립밤, 그중에서도 여리여리한 핑크 컬러가 차지했다.', '▶2020 #올해의판매왕 디올 미스 디올 퍼퓸 헤어 미스트 30ml 5만9천원대미스 디올 향수의 섬세하고 관능적인 잔향을 모발에 더해주는 헤어 미스트.', 'Why? 인기가 떨어질 줄 모르던 립 글로우가 코로나19로 주춤한 사이 헤어 미스트의 올 9월 기준 매출이 세 자릿수 증가해 향수 부문에 결정적인 기여를 했다.', '', '▶싹쓰리 2관왕 크리드 어벤투스 100ml 44만3천원 진저, 만다린의 상큼한 향에서 자작나무의 스모키한 향으로 마무리되는 유니섹스 향수.', 'Why?작년과 비교했을 때 매출 성장률 144%를 찍은 니치계의 아이돌이다. 올 3분기 분석 결과 42.3%의 상승세를 쭉쭉 이어가는 중.', '', '▶2019 #킹왕짱 헉슬리 마스크 오일 앤 익스트랙트 3장 2만7천원선인장 시드 오일과 선인장수가 함유돼 강력한 항산화 효과를 지닌 보습 마스크.', 'Why?중국에서 인기 많은 브랜드답게 만년 1위는 늘 마스크 시트가 차지!', '▶2020 #올해의판매왕 헉슬리 오일에센스 에센스라이크 오일라이크 4만3천원 선인장시드 오일과 에센스가 믹스된 제품.', 'Why?코로나19로 인해 중국 수출에 제동이 걸리고 관광객들이 줄어들면서 판매 1위가 자연스레 깊은 보습감을 가진 오일 에센스에게로 돌아갔다.', '', '▶싹쓰리 2관왕 베네피트 프리사이슬리 마이 브로우 펜슬 3만8천원내 눈썹인 양 자연스럽게 눈썹 연출이 가능한 초슬림하면서도 견고한 아이브로.', 'Why?2019년에도 2018년 대비 91% 성장했는데, 올해는 대부분의 제품이 매출 폭락으로 힘든 와중에도 작년 동기 대비 76% 성장을 기록해 국내 백화점과 스토어 아이브로 카테고리에서 판매 1위를 석권했다. 올해 모델로 기용한 하성운 효과 덕분에 3차 온라인 재입고까지 모두 완판 신화를 달성!', '', '▶싹쓰리 2관왕 키엘 울트라 훼이셜 크림 4만원대이전 제품보다 풍부한 보습감과 함께 피부 장벽을 튼튼하게 해주는 속건조 크림.', 'Why?국내 뷰티 어워드 39관왕이라는 타이틀을 고수하고 있는 명실상부 대한민국 넘버원 수분 크림! 코로나19가 가져온 불황 속에서도 역주행 행진을 거듭해 다시 한번 제2의 전성기를 누리는 중이다.', '', '▶싹쓰리 2관왕 에스티 로더 어드밴스드 나이트 리페어 싱크로나이즈드 멀티-리커버리 콤플렉스 19만원 강력해진 동안 에너지가 추가된 업그레이드 버전의 부스팅 에센스.', 'Why?에센스 부문에서 단 한 번도 1위를 놓친 적 없는 전설의 갈색병. 공교롭게도 상반기 원 플러스 원 프로모션을 진행해 원래 잘 팔리던 제품이 단시간 내 순삭됐다. 또한 뉴 갈색병 출시 2개월 만에 판매고가 56% 증가한 현존하는 최고의 슈퍼 핵인싸템.', '', '▶2019 #킹왕짱 입생로랑 베르니 아 레브르 워터 스테인 612 루주 멜루쥬 4만6천원대발색을 조절할 수 있는 워터리한 사용감의 촉촉한 틴트.', 'Why?작년 한 해 워터 틴트 대란을 일으킨 본좌! 수많은 미투 제품을 양산할 정도로 틴트계에 대혁명을 일으켰다.', '▶2020 #올해의판매왕 입생로랑 엉크르 드 뽀 쿠션 8만9천원더욱 강력해진 새틴 광채와 지속력으로 업그레이드된 국내 최초의 쿠튀르 쿠션.', 'Why?코로나19로 립 제품의 약세가 이어지면서 1위 자리는 5년 연속 백화점 내 쿠션 판매킹을 놓치지 않는 이 제품에게로! 특히 8월에는 리뉴얼된 제품으로 정주행 중이다.', '', '▶2019 #킹왕짱 쏘내추럴 레드 필 팅글 세럼 2만8천원피부 각질, 모공 속 노폐물, 피지 등을 제거해주는 워시오프 타입의 필링 세럼.', 'Why? 피부가 따끔거리지만 효과가 탁월해 일명 ‘욕세럼’으로 유명한 SNS 스타템! 특히 미세먼지가 많았던 작년에 대유잼을 본 베스트셀러 아이템이다.', '▶2020 #올해의판매왕 쏘내추럴 올데이 타이트 메이크업 세팅 픽서 1만8천원 메이크업의 밀착력과 지속력을 도와주는 착붙 픽서.', 'Why?코로나19 시대에 맞춰 ‘마스크 메이크업’으로 적극 홍보한 결과 작년 대비 5배 이상 팔리며 매출 정점을 찍었다. 다양한 용량으로 선택군을 넓힌 전략 역시 미션 석세스!', '', '▶싹쓰리 2관왕 프리메라 알파인 베리 워터리 크림 3만9천원대 피부 진정·회복 기능이 추가된 속촉겉산뜻한 수분 크림.', 'Why? 가성비 갑의 수분 천재템! 올해는 마스크 사용으로 인해 매출 고공 행진을 이어가 작년 대비 49% 성장률을 보였으며, 10월 진정·회복 기능이 추가된 리뉴얼 제품 선론칭 후 조기에 완판을 쌉파서블하게 하는 기염을 토했다.']]|BEAUTY|0|0
연말 핵인싸 만들어 줄 신상 술술술!|http://v.media.daum.net/v/20201112145057394|2020.11.12|http://v.media.daum.net/v/20201112145057394?f=o|[['「 전기차 말고 테킬라 사세요~ 」', '「 전기차 말고 테킬라 사세요~ 」', '', '', '', '2018년 10월 일론 머스크는 트위터에 이런 사진과 글을 올렸다. ‘테슬라킬라 커밍 쑨….’ 그리고 2년이 지난 2020년, ‘테킬라’가 곧 나온다는 트윗을 올리더니 실제로 테슬라 테킬라가 세상 밖으로 나왔다! ‘테킬라’라 불리는 이 술은 100% 아가베를 프렌치 오크 배럴에 숙성시킨 40도의 데킬라다. 드라이한 과일과 바닐라 향이 나고 계피와 후추 끝맛이 살아있다고! 지난 10월말에 출시되자마자 완판돼 맛보기는 힘들어졌지만, 번개 모양의 독특한 외관이 아직까지도 소장 욕구를 일으킨다.', '「 20만 원대 맥주라고? 맥주 맞아? 」', '「 20만 원대 맥주라고? 맥주 맞아? 」', '맥주일까? 위스키일까? 최초로 맥주를 배럴에서 숙성시킨 구스 아일랜드가 올해에도 배럴 에이징한 ‘버번 카운티 스타우트’를 선보인다. 기존 맥주와는 달리 블랙 컬러로 4년 이상 된 배럴에서 숙성된 만큼 묵직한 바디감을 갖는게 특징이다. 맛은 깊고 복합적인 편. 코코아, 바닐라, 캐러멜, 아몬드, 체리 등이 어우러진 맛에 가죽이나 시가 향까지 느껴진다. 재미있는 점은 숙성 기간에 따라 맛이 각각 다르다는 것! 이번에는 2017년, 2018년, 2019년부터 숙성한 3개년도 버번 카운티 스타우트가 나오니, 올해에는 숙성된 걸쭉한 맥주를 종류별로 들이켜보자.', '「 쇼미더머니가 술도 판다? 이거 하나면 불금 끝! 」', '「 쇼미더머니가 술도 판다? 이거 하나면 불금 끝! 」', '쇼미더머니 위스키라고?! 국힙팬들이여, 불금마다 본방사수를 함께할 이 친구에 주목하라! 우리가 즐겨 마셔왔던 스카치위스키 조니워커가 쇼미더머니9 패키지로 나오니까! 블랙 레이블과 레드 레이블로 나오는 이번 콜라보레이션이 특별한 이유는 나만의 하이볼을 만들어 먹어볼 수 있는 콘텐츠도 함께 제공하기 때문이다. 조니워커로 만드는 하이볼 레시피 카드를 함께 제공하고 패키지에 그려진 QR코드로도 레시피를 확인할 수 있다. 그뿐만 아니라, 엠넷 유튜브에서는 조니워커와 쇼미더머니9이 합작해 만든 영상도 공개된다고! 쇼미 팬이라면 이번 시즌은 조니워커와 함께 불금을 즐겨보자.', '「 골뱅이 무침이랑 먹으면 딱일까? 」', '「 골뱅이 무침이랑 먹으면 딱일까? 」', '골뱅이무침처럼 매운 안주에 딱인 맥주가 나왔다! 지난 5일 세븐일레븐이 유동골뱅이와 함께 출시한 유동 골뱅이 맥주! ‘통조림 골뱅이 국물 맛은 아닐까?’ 싶었지만, 고소한 맛이 강한 비엔나라거 스타일의 맥주로 은은한 카라멜향과 어우러져 매운 안주와 찰떡이라고! 하지만 후기를 보면 호불호가 명확히 갈린다. 끝에 쓴맛이 올라온다는 후기부터 라거만 좋아한다면 비추, 에일을 좋아한다면 추천한다는 후기까지 다양하다. 그래도 3500원에 특이한 맥주를 마셔보고 싶다면 도전해볼 것. 다만, 인싸템인 만큼 구하기 쉽지 않다는 사실을 명심하자. 퇴근길마다 세븐일레븐을 들락여야 할 테다.', '「 이름 적어서 선물하는 샴페인 」', '「 이름 적어서 선물하는 샴페인 」'], ['', '', '', '', '', '', '연말 선물을 고르고 있다면, 올해도 모엣&샹동의 리미티드 에디션을 눈여겨보자. 메탈릭한 골드와 핑크 컬러로 구성된 이번 패키지가 특별한 이유는 나만의 메시지를 박스에 새겨넣을 수 있기 때문! 나의 이름을 넣을 수도 있고 전하고 싶은 짧은 단어를 적을 수도 있다. 종류는 임페리얼과 로제 임페리얼 두 가지. 가격은 7~8만 원대다. 11월 19일부터 와이앤모어 청담점에서 ‘스페셜리 유어스’ 기프트 박스로 이용할 수 있니, 이번 연말에는 특별한 선물을 해보자. 물론 외롭지 않을 연말을 위해 내게 선물해도 좋겠다.']]|LIFE|0|0
블핑 과거 미공개 영상을 여기서 볼 수 있다고?|http://v.media.daum.net/v/20201015145934137|2020.10.15|http://v.media.daum.net/v/20201015145934137?f=o|[[], ['', '할리우드 감독이 만든 블핑 다큐 〈블랙핑크: 세상을 밝혀라〉', '넷플릭스에서는 어제(14일) 블랙핑크의 속내를 담은 다큐멘터리 〈블랙핑크: 세상을 밝혀라〉를 공개했다. 지수, 제니, 로제, 리사의 솔직 담백한 모습이 담긴 이번 다큐멘터리에서는 블랙핑크가 어떻게 세계적인 스타로 거듭날 수 있었는지 그 과정을 고스란히 보여준다. 각자 다른 나라에서 보냈던 유년 시절부터 지금까지, 여태 볼 수 없었던 미공개 비하인드 영상이 가득하다고! 흥미로운 건 할리우드 감독이 제작했다는 점이다. 한국인이 아닌 할리우드 감독이 바라본 블랙핑크와 K팝 문화는 어떨까?', '', '구글, 페이스북 사람들이 말하는 〈소셜딜레마〉', '구글, 페이스북, 핀터레스트 사람들이 말한다. “핸드폰을 멀리해야 합니다.” 소셜미디어를 만들어왔던 사람들이 이런 이야기를 하는 이유는 뭘까? 다큐멘터리 〈소셜딜레마〉에서는 우리가 몰랐던 핸드폰 뒤편의 세상을 적나라하게 보여준다. 소셜미디어의 고객은 사용자가 아닌 광고주라는 사실을 토대로 자본주의가 얼마나 소셜미디어를 좌지우지하는지를, 소셜미디어가 전 세계 인구를 얼마나 조종하는지를 실리콘밸리 사람들의 인터뷰를 통해 알려준다. 등골 오싹한 SNS의 실체를 알고 싶다면 지금 넷플릭스에서 검색해볼 것. 절로 핸드폰을 내려놓게 될 테니까.', '', '내 돈도 괜찮지 않을 수 있다 〈검은돈〉', '코로나19로 인해 경제가 흔들리면서 너도나도 주식 시장에 몰려들었다. 일명 ‘개미들’이 바글바글해진 이곳, 내 돈은 안전한 걸까? 넷플릭스 다큐멘터리 시리즈 〈검은돈〉에서는 아무 것도 맹신하지 말라는 메시지를 던지고 있다. 부패, 착취, 사기 등 부조리한 것들이 만연한 이 사회에서는 내 지갑과 생명이 안전하지 않다는 주장이다. 폭스바겐, HSBC은행, 트럼프, 웰스파고 등 미국 주요 회사와 인물들 사이에서 일어났던 사건을 시즌1, 2 총 12편에 걸쳐 보여준다. 내부고발자와 조력자의 이야기를 토대로 드러나는 무한한 금융 범죄, 오늘도 내 돈은 괜찮은 걸까?']]|LIFE|0|0
블랙핑크 멤버들의 실제 성격을 밝혀라|http://v.media.daum.net/v/20201014184113530|2020.10.14|http://v.media.daum.net/v/20201014184113530?f=o|[[], ['', '[블랙핑크: 세상을 밝혀라]는 레이디 가가, 테일러 스위프트 등 내로라하는 글로벌 아티스트를 중심으로 흥미로운 다큐멘터리를 선보여온 넷플릭스가 최초로 K-POP 그룹을 조명해 제작한 다큐멘터리다. 새로운 한류를 불러일으키고 있는 K-POP 그룹이 어떤 과정을 통해 발굴되고 성장하는 지를 전 세계 시청자들에게 소개한다. 이 글로벌한 프로젝트를 연출한 캐롤라인 서의 비하인드 인터뷰를 담았다.', '블랙핑크는 늘 진행 중인 프로젝트를 누설하지 않고 대중에게 신비감을 유지한다. 내부 관계자가 된 소감은 어땠는지? 다큐멘터리 제작에 대한 기밀 유지를 위해 어떤 식의 노력을 했는지?', '모든 다큐멘터리는 늘 기밀을 유지해야 하고 촬영 중인 내용을 외부에 유출하지 않기 때문에 그 부분은 평소와 다를 바 없으리라 생각했다. 그러다 블랙핑크의 일거수일투족에 사람들이 얼마나 관심이 많은지를 인지하게 됐다. 블랙핑크에 대해 공개되는 모든 정보는 매우 적지만, 멤버들은 언제나 무언가를 진행 중이었다. 그 부분이 매우 흥미로운 점이었는데, 대중에 공개하는 결과물 이외에도 블랙핑크는 끊임없이 달리고 있었다. 항상 새로운 노래를 시도해보고 최선의 선택을 위한 고민을 하느라 스튜디오를 떠나질 않는다는 인상을 받았다.', '촬영 당시 블랙핑크가 진행 중이던 작업은?', '당시에 블랙핑크는 지금 선보이는 곡들을 작업을 하는 중이었기 때문에 발매 훨씬 이전에 레이디 가가와 함께한 ‘사워캔디’를 듣는 과정을 촬영할 수 있었다. 올여름에 대히트한 그 곡을 공개되기 전에 먼저 들어볼 수 있었다는 사실이 정말 멋졌다.', '연습생 기간에 대해 깊이 얘기하는 부분에 대한 소감은?', '거부감 없이 얘기를 털어놔 줘서 놀랍고도 기뻤다. 어떻게 보면 [블랙핑크: 세상을 밝혀라]의 핵심이 바로 이것이다. 아주 어린 나이, 실제로는 소녀 시절부터 그 여정을 시작해 자신들의 의지 하나로 살아남고 이겨낸 것이니까. 데뷔할 당시 그들은 완벽하게 준비된 상태였다. 인터뷰 중 그 과정이 얼마나 힘들었는지에 대해 다들 얘길 했지만, 멤버 전원이 공통으로 한 말은 바로 ‘난 절대 그만두지 않을 거야’였다. 그들이 왜 특별한지 보여주는 부분이었다.', '', '지수는 맏언니로 멤버 중 유일하게 유년 시절을 한국에서 보낸 멤버인데.', '이번 다큐멘터리에서 본인이 말하듯이, 지수는 블랙핑크의 맏언니로서 그 역할을 충실히 해내며 모두를 챙기는 멤버다. 특히 지수에 대해 테디가 한 말이 정말 마음에 들었는데, “사람들은 지수가 book smart라고 생각하는데 사실 street smart다”라고 표현했다. 지수는 매우 차분하고, 조용한 강인함이 느껴진다. 누군가는 지수의 부드러움만 보고 내면의 힘을 과소평가할지 모르지만, 정말 강한 힘을 가진 사람이다.', '제니는 메인 래퍼로 비디오나 무대에서 카리스마를 내뿜는데, 무대 밖에서는 또 다르지 않나. 이번 작품에서 팬들에게 공개될 제니의 이면이 있다면?', '제니는 정말 솔직하다. 가식은 찾아볼 수가 없다. 있는 그대로를 말하는 점이 무척 인상 깊었다. 제니는 자신이 심하게 수줍어하는 성격이라고 얘기하는데 아마 많은 사람들이 듣고 놀랄 것 같다. 또 완벽주의자다. 촬영하는 내내 우리가 담을 이야기와 촬영할 장면들에 대해 많은 소통을 했다. 제니의 인터뷰 장면을 볼 때는 항상 즐거웠다. 단 한 순간도 계산적이지 않기 때문이다.', '', '한국계 호주인인 로제는 이번 다큐에서 상당한 성장을 보여주는데.', '로제는 의욕이 대단하다. 아티스트로서 성장하고자 하는 의지가 강하고 자신을 밀어붙이는 모습이 대단하다. 녹음 스튜디오에서 촬영한 부분이 있는데 그걸 다시 보면서 ‘와 정말 대단하다’ 소리가 나왔다. 우리가 촬영 중이었다는 걸 잊고 곡 작업에 완전히 몰입해있었다. 로제가 ‘항상 음악에 둘러싸여 있던 연습생 시절이 그립다’며 ‘이제는 다양한 시도를 해보려면 밤을 새워야만 한다’고 말하는 부분이 있는데, 그 한마디가 로제가 어떤 사람인지를 보여준다고 생각한다. 음악을 너무도 열렬히 사랑하는 사람이다.', '', '막내이자 팀의 분위기메이커인 리사에 대해 얘기한다면.', '리사는 성격이 정말 좋다. 멤버들 모두 리사에게 진심으로 고마운 마음을 가지고 있었고 리사 얘기를 할 때면 얼굴이 모두 환해졌다. 모두의 기분을 좋게 해주는 사람인 것 같고, 멤버들이 말하길 연습생 시절 모든 면에서 1등이었다고 한다. 뛰어난 유머 감각을 가지고 있고 자기 자신을 지나치게 심각하게 받아들이지 않는 성격이다. 스타가 된 지금도 편하게 농담을 던지는, 아주 편안한 성격의 소유자다.', '촬영할 당시, 블랙핑크는 폭발적인 인기를 끌게 될 2020년을 향해 기초를 다지는 중이었다. 당시 멤버들 스스로 커리어의 전환점을 맞게 될 거라는 예감이 들었는지?', '사실 다큐멘터리의 여러 질문이 “이제 성공을 이룬 상황에서…”로 시작했는데, 멤버들 모두 매우 진지하게 말하기를 ‘그렇게 생각하지 않는다’는 거였다. 아직도 성공을 향한 과정 중에 있다고 모두 생각했고, 아직 더 올라가고 싶고 더 경험하고 싶다고 했다. 제니의 말처럼, 그들은 아직 보여줄 게 많다. 대부분의 사람들은 ‘이만큼 성공했으니 그 이상을 해내야 해’라며 부담을 많이 느꼈을 텐데, 이들은 이 과정을 즐기고 있다는 생각이 들었다.', '멤버들 사이의 유대관계 또는 그 자매애에 대해 어떤 인상을 받았나.', '어떤 면에서 정말 자매 같았고, 사실상 거의 가족이었다. 멤버들 모두 그룹 내의 균형에 관해 얘기했다. 어떻게 보면 자신의 감정이나 기분, 사생활을 그룹에 맞춰가는 모습이 자기 자신을 비워내는 것과도 같았다. 멤버들은 모두 자신이 속해있는 이 작은 생태계를 민감하게 인지하고 있다. 모두 행복하고 건강하기를 원하고 서로에게 긍정적인 일들이 있기를 바라며, 이 그룹에 속한 이상 다른 멤버들에게 어떤 책임을 가지게 된 거라고 생각하고 있다.', '팬들이 이번 다큐멘터리를 통해 얻기 바라는 점은?', '사실 스토리는 단순하다. 어린 나이에 꿈을 향해 많은 노력과 가슴앓이를 하며 그 꿈을 이뤄가는 사람들의 이야기다. 모든 것을 쏟아붓고 이겨낸 사람들의 이야기는 늘 감동을 준다. 스타에 거는 기대는 늘 크기 마련이다. [블랙핑크: 세상을 밝혀라]를 통해 멤버들의 인간적인 모습이 전해졌으면 하고, 이들을 ‘다양한 면을 가진 사람들’로 봐주었으면 한다.']]|CELEBS|0|0
외국인이었어? 아이돌 의외의 국적|http://v.media.daum.net/v/20201005111743409|2020.10.05|http://v.media.daum.net/v/20201005111743409?f=o|[['「 블랙핑크 로제 - 뉴질랜드 & 한국 」', '「 블랙핑크 로제 - 뉴질랜드 & 한국 」', '본명로젠느 박 (Roseanne Park)', '「 (여자)아이들 민니 - 태국 」', '「 (여자)아이들 민니 - 태국 」', '본명니차 욘따라락 (ณิชา ยนตรรักษ์ )', '「 웨이션브이 헨드리 - 중국 마카오 」', '「 웨이션브이 헨드리 - 중국 마카오 」', '본명웡군항 (黄冠亨)', '「 스트레이키즈 필릭스 - 호주 」', '「 스트레이키즈 필릭스 - 호주 」', '본명필릭스 용복 리 (Felix Yongbok Lee)', '「 NCT 마크 - 캐나다 」', '「 NCT 마크 - 캐나다 」', '본명마크 리 (Mark Lee)', '「 블랙스완 레아 - 브라질 & 일본 」', '「 블랙스완 레아 - 브라질 & 일본 」', '본명라리사 아유미 (Larissa Ayumi)'], ['', '한국과 미국을 오가는 활동에도 최적화된 글로벌 걸그룹 블랙핑크의 메인 보컬이자 리드 댄서. 뉴질랜드에서 태어나 7세에 호주로 이민 가 15세까지 자랐다. 오디션조차 호주에서 보고 YG 연습생이 돼 한국 거주 목적으로 처음 발 디딘 게 2012년. 당연히 영어 원어민이고 즐겨 부르는 곡이며 그루비한 분위기도 팝 가수 느낌. 미국, 캐나다 교포 아이돌이 많은 가운데 영국 영어에 가까운 호주 악센트가 돋보이며 인터뷰에선 조곤조곤하게 의견을 잘 표현하는 모습을 보인다.', '', '5년 이상 한국 생활로 한국어 발음까지 유창해 한국인으로 오인하기 딱 좋지만 화교 3세인 방콕 출신 태국인. 태국인들 본명은 길어서 별명이지만 공식 이름처럼 ‘츠렌’을 쓰는데 그게 곧 예명인 민니. 팀의 메인 보컬이자 여러 곡을 만든 작곡가며 무대 장악력까지 뛰어난 능력캐다. 언뜻 외꺼풀처럼 보이는 가늘고 긴 눈에 갸름한 얼굴선이 돋보이는 신비로운 마스크라 메이크업에 따라 완전히 이미지가 달라진다.', '', 'SM 엔터테인먼트에 중국 출신 아이돌은 여럿이지만 마카오는 처음이자 유일. 중국 표준어, 광동어, 영어에 능통하고 한국어도 수준급. 베이징에 연기 유학을 갔다가 SM에 스트리트 캐스팅돼 2018년 SM 루키즈로 공개됐다. 2019년 소위 〈중육대〉에서 양궁 은메달을 땄고 서브 래퍼지만 댄스 실력도 출중한데 영춘권을 가르치는 아버지의 운동신경이 다분한 걸로 추정.', '', '같은 호주 국적인 방찬이 서울에서 태어났고 한국 고등학교에도 적을 둔 데 반해 필릭스는 시드니에서 태어나 고등학교까지 다닌 완전한 교포 2세다. 호주에서 태권도 공인 2단을 땄고 케이팝을 접하며 춤을 배우게 돼 DNA가 부모님의 나라로 이끈 케이스. 막 한국에 왔을 땐 한국어가 서툴렀지만 멤버들과 말 배우기 게임까지 하며 빠르게 배웠다. 영어는 전형적인 호주 시드니 액센트와 슬랭을 구사하며 한층 목소리와 제스처가 묵직해지는 특징이 있다.', '', '캐나다 토론토에서 태어나 7세까지, 7세부터 12세까지는 미국 뉴욕, 13세부터 15세까지 캐나다 밴쿠버에서 살다 2012년 SM 글로벌 오디션에 합격해 한국으로 왔다. 처음엔 방학마다 혼자 한국으로 와 연습했지만 곧 2013년 가족이 서울로 재이민. 아버지는 성악 전공, 어머니는 피아노와 재즈를 한 음악 가족. 랩을 할 때면 북미 특유의 제스처와 스웨그가 엿보인다. 데뷔 이래 쉼 없이 활동을 계속한 NCT 주력 멤버면서 지독한 연습벌레.', '', '케이팝 최초 브라질 출신 아이돌. 라니아 멤버였다가 올해 다국적 걸그룹 블랙 스완으로 재데뷔. 브라질과 일본인 혼혈로 이중 국적이지만 이를 허용하지 않는 일본 법에 따라 22세에는 하나를 선택해야 하는 상황. 포르투갈어, 영어, 일본어, 한국어를 구사하며 동서양의 매력을 반씩 지닌 신비로운 마스크에 댄스에서도 청순함과 섹시함을 동시에 볼 수 있다.']]|CELEBS|0|0
갓니엘의 품절각 뷰티 아이템|http://v.media.daum.net/v/20200930000124137|2020.09.30|http://v.media.daum.net/v/20200930000124137?f=o|[['', '', '', ''], ['', '코로나19 시대를 맞아 가장 필요한 메이크업은 단연코 마스크에 묻어나지 않는 베이스 스킬! 바로 #프리즘리브르와 #땡꾸뛰르쿠션이 그것. 촉촉함, 커버력, 롱래스팅 효과 모든 걸 다 갖췄는데 마무리감이 파우더리해 베이스 메이크업 후 마스크를 써도 묻어나지 않는다.', '', '', '', '시즌마다 유행하는 립 제품 말고 TPO에 구애받지 않고 매일 사용해도 질리지 않는 인생 립스틱이 필요하다면? 지방시 뷰티의 N12 누드 로제가 찰떡! MLBB 컬러지만 로즈빛이 많이 감돌아 칙칙하고 탁한 피부에 매치해도 화사한 인간 마른 장미로 만들어준다. 평소 메이크업을 하지 않는 강다니엘이 반했으면 말 다했지 뭐!', '', '', '올가을 어떤 립스틱을 사야 할지 고민이라면 코스모는 강다니엘이 바른 N37 립스틱에 소중한 한 표를 투척! 루즈 그레네는 모든 피부에 착붙인 퓨어한 레드 컬러가 특징으로', '바르는 즉시 니엘이 못지 않은 국보급 상큼미가 대폭발한다.', '']]|BEAUTY|0|0
카디건 센스 있게 입는 셀럽들의 노하우!|http://v.media.daum.net/v/20200918164045849|2020.09.18|http://v.media.daum.net/v/20200918164045849?f=o|[['「 강미나(@_happiness_o) 」', '「 강미나(@_happiness_o) 」', '떠오르는 사복 강자 강미나. 블랙 컬러의 카디건을 어깨 위에 둘렀다. 프린팅이 시크한 티셔츠가 룩에 포인트를 준다. 블랙 앤 화이트 카디건 스타일링!', '「 지수(@sooyaaa_) 」', '「 지수(@sooyaaa_) 」', '부드러운 이미지의 그녀와 잘 어울리는 베이지 컬러 카디건을 픽한 지수. 넥 라인이 깊이 파여 한쪽 어깨가 드러나게 스타일링 했다. 이렇게 어깨가 드러나는 루즈한 카디건은 여리 여리한 이미지를 연출할 때 제격.', '「 손나은(@marcellasne_) 」', '「 손나은(@marcellasne_) 」', '볼레로 스타일의 카디건은 지금 가장 핫한 패션 아이템 중 하나. 손나은은 기장의 볼레로 카디건에 데님을 매치해 캐주얼하면서 스타일리시하게 연출했다. 그녀처럼 민소매 탑을 이너로 입어주면 깔끔하게 잘 어울린다.', '「 제니(@jennierubyjane) 」', '「 제니(@jennierubyjane) 」', '화이트 카디건의 단추를 모두 잠가 입은 제니. 여기에 롱 네크리스로 포인트를 줬다. 룩이 심심하다 싶을 땐 제니처럼 액세서리를 활용해 보는 것도 좋을 듯.', '「 이성경(@heybiblee) 」', '「 이성경(@heybiblee) 」', '러블리함의 끝판왕 이성경은 몸에 핏되는 스타일의 에메랄드 컬러 카디건을 골랐다. 사랑스러운 파스텔톤 컬러 탑에 이번 시즌 핫한 헤어 밴드까지! 그녀는 인간 마카롱?', '「 로제(@roses_are_rosie) 」', '「 로제(@roses_are_rosie) 」', '크롭 카디건의 인기는 작년에 이어 올해도 이어진다. 로제는 크롭 카디건을 가장 힙하게 입는 정석 스타일을 보여줬다. 바로 핏되는 크롭 카디건을 입고 하의로는 와이드 데님팬츠를 매치하는 것!'], ['일교차 큰 요즘 카디건 없이 외출하기란 불가능에 가깝다. 카디건 매년 사는 것 같은데, 어떻게 활용할지 모르겠다면? 여기 이 6명의 셀럽에게서 스타일링 팁을 얻어보자.', '', '', '', '', '', '']]|FASHION|0|0
강다니엘의 컬러|http://v.media.daum.net/v/20200915100916013|2020.09.15|http://v.media.daum.net/v/20200915100916013?f=o|[['', '', '', '', '', '', '요즘 뷰티업계는 성별을 뛰어넘는 젠더리스 모델이 큰 인기예요. 지방시 뷰티의 강다니엘도 그중 한 명인데, 처음에는 이런 현상이 낯설지 않았어요?'], ['', '', '', '', '젠더의 경계를 허무는 데 제가 특별한 역할을 한다고 생각한 적은 없어요. 너무나 당연하게 다양함을 존중받아야 하는 시대니까요. 우리 가족만 해도 그래요. 뷰티 모델이 됐다고 하니 외할아버지는 “다니엘이 광고하는 ‘루즈’를 나도 사야겠다”라며 기뻐하실 정도예요. 하하.', '지방시 뷰티 모델로 오늘 촬영한 신제품 ‘르 루즈 딥 벨벳’의 매력을 꼽자면요?', '우선 패키지 디자인이 고급스럽고 세련됐어요. 무엇보다도 발색이 너무 예쁘고요. 색조 제품도 좋지만 지방시 뷰티는 스킨도 정말 좋아요. 지방시 리소스 수분 라인은 저처럼 건성 피부지만 피곤하면 지성이 되는 사람에게 강추해요. 특히 남성분들요. 다 쓰면 사비로 주문하는 ‘내돈내산’ 추천이에요.', '', '평소에 진한 무대 메이크업을 종종 하잖아요. 일상 메이크업과 달리 무대 메이크업에서 가장 중요한 포인트는 뭐예요?', '눈 화장에 신경을 많이 쓰게 돼요. 음악 방송은 카메라 조명이 엄청 센데 제가 눈이 좀 작은 편이라 화장을 진하게 안 하면 피곤하거나 부은 사람처럼 보이거든요. 립을 안 바르고 무대에 올랐다가 화면에 아파 보이게 나온 이후 립의 중요성도 알게 됐어요. 립밤 중에서 약간 색이 있는 제품은 주변 친구들도 즐겨 쓰는 아이템이에요. 남자들도 건강해 보이면 좋잖아요. 지방시 뷰티 립밤은 입술을 건조하지 않고 촉촉하게 유지시켜줘 좋아요.', '건강해 보이는 것만큼, 진짜 건강한 라이프스타일도 중요하죠. 팬데믹 시국에 어떻게 여가를 보내고 있어요?', '워낙 집돌이라 달라진 게 없어요. 저는 진짜 집에만 있으라고 하면 5년까지도 칩거할 수 있을 것 같아요. 예전에 컴퓨터가 있고 음식을 마음대로 먹을 수 있는 원룸에서 사람이 몇 개월 동안 지낼 수 있는지 테스트하는 실험이 있다기에, 한번 지원해볼까 생각한 적도 있다니까요. 하하. 코로나19 시국이 안정되면 스카이다이빙을 하고 싶어요. 한창 관심을 갖던 중에 코로나19가 터져 못 하게 돼 아쉬웠거든요.', '', '자칭 ‘집돌이’치고는 에피소드가 많아 보여요. 지난 8월에 발표한 두 번째 미니 앨범 〈MAGENTA〉의 수록곡 대부분을 직접 작사해 많은 이야기를 들려줬는데, 뮤지션들은 가사에 자전적 경험을 담곤 하잖아요.', '보기보다 집돌이라 그렇게 다양한 경험을 해보지는 않았어요. 만약 인생이 힘들고 녹록지 않다는 걸 표현하는 음악 장르가 있다면 자신 있게 내 이야기를 할 수 있지만, 내가 겪은 일을 추상적으로는 잘 표현하지 못할 것 같아요. 그래서 내 경험을 투영하기보다는 영화나 애니메이션 같은 걸 많이 찾아보고 묘사해요. 세상을 보는 최고의 창구는 넷플릭스인 것 같아요. 세상에는 이렇게나 다양한 관계가 존재한다는 걸 무겁지 않게 즐기면서 볼 수 있는 게 영화니까요. 저는 판타지나 호러같이 기괴한 장르를 즐겨 봐요. 〈아메리칸 호러 스토리〉를 좋아하고, 기예르모 델 토로 감독의 팬인데 〈판의 미로–오필리아와 세 개의 열쇠〉를 특히 좋아해요. 크툴루 신화에서 영감을 받은 러브크래프트 장르에 관심이 많아요.', '주위에서 “강다니엘은 춤밖에 모른다”라는 평이 많은 것과는 달리, 실제로는 관심사가 넓은 것 같아요.', '춤 말고도 좋아하는 게 정말 다양해요. 요즘은 노래가 정말 재밌고, 영화뿐 아니라 드라마도 많이 봐요. 평소에 웹툰을 즐겨 보는데 최근에는 만화책에 꽂혀 있기도 하고요. 건축 디자인 보는 것도 좋아하고 혼자 그림 공부도 하고 있어요. 대학 생활도 병행하다 보니 외국어 공부도 해요. 게임을 정말 좋아하는데, 전 세계적으로 클리어율이 2%밖에 안 되는 마이너하고 어려운 게임을 즐겨요.', '', '타인이 보는 가수 강다니엘과 나 자신이 아는 강다니엘, 둘 중 어떤 모습이 본캐와 부캐예요?', '사람 강다니엘을 부캐로 생각하고 있어요. 이 부캐를 잘 키워 나중에 본캐로 만든 다음 갈아타려고요. 하하. 제 꿈은 귀농이거든요. 부캐에게 이름을 붙인다면 조금은 평범한 이름이었으면 좋겠네요. 하지만 ‘다니엘’이라는 이름이 정말 소중해 그냥 계속 ‘농사짓는 강다니엘’로 살고 싶어요.가끔은 ‘가명으로 활동했으면 어땠을까’ 하는 생각이 들 때도 있어요. 어딜 가든 카드 하나를 쓰더라도 본명이 알려져 있으니 부담스러울 때가 많아요. 제가 은근히 소심하거든요.', '남의 관점이 아니라 스스로 강다니엘을 정의하는 수식을 붙인다면 뭐예요?', '태양이나 달이오. 실은 나를 특정한 말로 정해놓고 표현하고 싶지 않아요. 낮이 있고 밤이 있듯, 어떤 순간에는 제 노래를 들어주시는 분이 많은 반면 어떤 순간에는 제 노래를 기억하시는 분이 없을 수도 있잖아요. 어떤 상황에서도 저만의 평정심을 유지하며 한결같은 모습을 보여드리려 해요. 그게 지금 저에게 제일 중요한 모토 같아요.']]|CELEBS|0|2
아이돌로 본 가을 헤어 트렌드|http://v.media.daum.net/v/20200901100035944|2020.09.01|http://v.media.daum.net/v/20200901100035944?f=o|[['「 Men’s Waves 」', '「 Men’s Waves 」', '', '', '', '', '', '', '', '일자 앞머리로 이마를 덮는 투 블록과 ‘박새로이 머리’ 크롭 컷이 드디어 사라질 전망. 앞머리, 뒷머리가 모두 긴 중간 길이에 층을 내고 반 곱슬처럼 부드러운 웨이브를 넣은 스타일로 대세 전환. 살짝 드러낸 이마에 앞머리가 물결 치는 로맨틱한 8090 스타일. 머리가 일자로 뻗치는 사람은 가볍게 웨이브 펌을 해주고, 머리 감은 후 헤어 컬러로 앞머리, 뒷머리 끝을 원하는 방향으로 살짝 말아주면 좋다. 고정력이 강하지 않은 스타일링제를 추천한다.', '「 Super Straight 」', '「 Super Straight 」', '', '', '', '', '', '클레오파트라가 연상되는 슈퍼 스트레이트 헤어도 ’80년대에서 영감 받은 뉴트로 스타일. 층이 많지 않게 커트한 후 전기 헤어 스트레이트너로 쫙 펴 주기만 하면 되지만 볼륨감이 없어 두상, 얼굴형에 자신 있는 경우 더 빛을 발한다. 긴 머리 스트레이트일 경우 움직일 때마다 미묘한 컬러 변화를 즐길 수 있는 하이라이트 염색과 찰떡. 인조 헤어 피스를 붙여도 된다.', '「 Goddess’ Waves 」', '「 Goddess’ Waves 」', '', '', '', '', '', '물에 젖은 듯 늘어지는 자연스러운 웨이브 헤어. 원하는 굵기 아이언을 선택해 세로에 가깝게 웨이브를 만들고 끝으로 갈수록 서서히 풀어내면 된다. 드라이할 때 윗머리에 볼륨감을 주고 앞머리는 뒤로 넘기거나 자연스럽게 가르마가 생기게 한다. 층 있게 커트한 머리여야 웨이브가 무겁게 떨어지지 않는다.', '「 Violet & Blue 」', '「 Violet & Blue 」', '', '', '', '', '', '바이올렛과 블루 컬러 트렌드는 계속된다. 하지만 여름처럼 형광이 도는 코발트 블루가 아니라 한 톤 가라앉은 블루나 바이올렛. 그러데이션을 많이 넣어서 움직일 때마다 다른 색이 엿보이지만 전체적으로는 블루, 바이올렛이 도는 게 포인트. 물이 빠질 때마다 컬러 트리트먼트를 써도 효과적이다.'], ['', '', '', '', '', '', '', '', '', '', '', '', '']]|BEAUTY|0|2
재택근무 점심으로 딱! 밀키트 브랜드 모음|http://v.media.daum.net/v/20200901133750211|2020.09.01|http://v.media.daum.net/v/20200901133750211?f=o|[[], ['', '밀키트 업체 1위의 위엄, 가성비 갑 프레시지', '프레시지는 밀키트 시장점유율 1위를 점유하고 있는 기업이다. 지난해 매출은 711억, 올해 매출은 1700억 원으로 빠르게 성장 중이다. 식품 산업에서의 지속 가능성을 인정받아 중소 벤처기업부로부터 예비 유니콘 기업으로 선정되기도 했다. 전도 유망한 프레시지의 베스트셀링 메뉴는 ‘블랙 라벨 스테이크’. 소고기 부챗살과 채소로 구성된 이 상품은 현재까지 4만5000개가 팔리고 구매 후기가 5000개나 달렸다. 이 정도면 믿고 먹어봐도 되겠지?', '문의smartstore.naver.com/fresheasy', '', '다양한 레시피, 다양한 구매 채널, 마이셰프', '밀키트 업계 최초로 HACCP 인증, ISO 22000인증을 받은 공장에서 제품을 생산해 안전성을 인정받았다. 새벽 배송이 가능한 쿠팡, 마켓컬리, SSG, 헬로네이처에 입점해 있어 쉽고 빠르게 받아볼 수 있으며 자사 온라인 몰을 포함해 40여 개의 온라인 채널에서도 구매가 가능하다. 450여 개의 다양한 레시피를 지닌 마이셰프의 제품 중 가장 인기 있는 메뉴는 ‘소고기 밀푀유 나베’. 올해 1월부터 7월까지 약 5만 개가 판매되었다고 하니 어서 장바구니에 담아 두도록 하자.', '문의mychef.kr', '', '요구르트 매니저가 직접 배달해 주는 잇츠온', '한국 야쿠르트는 일명 ‘요구르트 아줌마’로 불리는 프레시 매니저 배송 시스템을 적극 활용해 ‘잇츠온’이라는 이름의 밀키트를 배송하고 있다. 잇츠온은 ‘양갈비 스테이크’, ’징기스칸 양고기 구이’, ‘차돌박이 메밀소바’처럼 특색있는 메뉴를 선보이는 것이 특징. 다른 밀키트 브랜드와 달리 프레시 매니저가 제품을 냉장상태로 배송해주기 때문에 제품이 상하지 않을까 염려할 필요 없다.', '문의www.hyfresh.co.kr', '', '편의점에서 픽업하는 밀키트, 심플리쿡', 'GS프레시에서 운영 중인 밀키트 브랜드 심플리쿡은 온라인 또는 집에서 가까운 GS 슈퍼를 통해 제품을 판매하고 있다. GS25 전용 어플리케이션인 ‘나만의 냉장고’ 앱을 통해 심플리쿡 밀키트(조리용)를 예약하면 GS 25 편의점에서도 픽업이 가능하다. 물론 전 제품에 해당하는 것은 아니고 편의점 판매에 맞춰 1인분으로 소분한 일부 밀키트만 구매 가능하다. 8월 한 달 동안 가장 많이 팔린 심플리쿡의 메뉴는 ‘낙곱새’와 ‘우삼겹 짬뽕수제비’라 하니 메뉴 선택 시 참고하면 좋을 듯 하다.', '문의 www.gsfresh.com', '', '셰프 13인이 만드는 밀키트, CJ제일제당 쿡킷', 'CJ제일제당은 국내 및 글로벌 특급 호텔 경력을 가진 한식, 양식 셰프 13인이 모여 만든 메뉴에 ‘쿡킷’이라는 이름을 달아 밀키트로 판매하고 있다. 쿡킷의 베스트셀링 메뉴는 태국식 요리인 ‘쿵팟퐁커리’. 이처럼 집에서 맛보기 힘든 메뉴를 간편하게 요리하고 맛볼 수 있다는 게 이 브랜드의 장점이다. 가격대가 조금 높은 편이지만 첫 주문 시 1만 원 할인과 무료배송의 혜택이 있고 매일 오전 10시, 30% 할인된 가격으로 100개 한정 판매하는 핫딜 이벤트를 진행하고 있어 득템의 기회가 남아 있다.', '문의 www.cjcookit.com', '', 'SNS 인기 메뉴가 우리 집 식탁에, 쿠캣', '쿠캣은 레시피 동영상을 공유하는 SNS 푸드 커뮤니티 ‘오늘 뭐 먹지’ 에서 출발해 레시피 동영상 채널 쿠캣, 온라인 마켓 쿠캣마켓을 운영하는 기업이다. 쿠캣은 MZ 세대들의 취향에 맞춰 식재료의 조합, 잘 어울릴까 싶은 것들 조합해 신 메뉴를 선보이는데 ‘매콤 크림 닭갈비’, ‘로제 찜닭’, ‘곱도리탕’ 등이 대표적이다. 이름만 듣고 어떤 음식인지 감이 오지 않는다고? 그럴 땐 서울 잠실과 삼성에 위치한 쿠캣마켓 오프라인 매장으로 향하자. ‘그로서란트(grocery + restaurant)’형태라 제품을 구입한 뒤 현장에서 직접 요리해 맛보는 것이 가능하다.', '문의cookatmarket.com']]|LIFE|0|0
무대를 씹어드셨다! 우먼 아티스트 5|http://v.media.daum.net/v/20200713144300007|2020.07.13|http://v.media.daum.net/v/20200713144300007?f=o|"[['「 블랙핑크 」', '「 블랙핑크 」', '', '', '', '글로벌 차트 올킬, 우리가 곧 전설이다', '「 아이린 슬기 」', '「 아이린 슬기 」', '', '', '', '여덕들 마음이 선덕선덕', '「 청하 」', '「 청하 」', '', '', '', '라틴댄스까지 섭렵한 댄싱퀸의 여름 축제', '「 화사 」', '「 화사 」', '', '', '', '상처받은 이들에게 보내는 절절한 위로', '「 선미 」', '「 선미 」', '', '', '', '4연타 히트 솔로 아티스트, 선미가 꿈꾸는 사랑'], ['코로나19란 재난 상황 속에서도 블랙핑크의 글로벌 파급력이 무서울 정도다. 싱글 ‘하우 유 라이크 댓(How You Like That)’이 7월 7일 기준 빌보드 핫 100 차트 33위에 등극, K팝 걸그룹 사상 최고 순위에 올랐다. 영국 오피셜 싱글 차트 톱 100에선 20위, 스포티파이 글로벌 톱 200 차트에서는 주간 4위를 기록했다. 뮤직비디오 역시 32시간만에 유튜브 1억 뷰 돌파라는 역대 최단기 기록, 공개 2주도 안 돼 2억4천만 뷰라는 대기록을 세웠다. 인기 급상승 동영상 1위임은 물론.', '', '감상 포인트 언뜻 단순한 듯한 비트 속에서 인도 전통악기 시타르가 깔리고 랩, 멜로디, 특히 ‘하우 유 라이크댓’이란 외침이 반복적으로 들리다 뚝 끊긴다. 〈빌보드〉는 “후크가 너무나 즉각적이어서 매력에 빠지지 않을 수 없다.”고 평론. 팔색조 같은 멤버 한 명, 한 명의 치명적 유혹 속에 허우적거리다 보면 어느덧 “하우 유 라이크 댓?”을 흥얼거리게 되고 절대 잊혀지지 않는다. 패션 면에선 이제 ‘인간 OO’가 아닌 디자이너 브랜드가 따라오는 스타일 아이콘이 됐다. 제니는 샤넬, 지수는 디올 뷰티, 리사는 셀린느, 로제는 생로랑의 앰배서더. 미국 NBC 〈지미 팰런 쇼〉에서는 한복에서 영감을 얻은 의상을 입어 ‘K-스타일’ 전파에도 공헌.', ""‘여덕’이 유독 많은 레드벨벳에서도 막강 팬덤을 자랑하는 아이린과 슬기가 첫 유닛 듀오로 출범. 세계에서 비명이 터져 나온 웅장한 공개였다. 6일 발매한 첫 미니앨범 '몬스터(Monster)'는 직후 국내 음반 차트 올킬, 동명 타이틀곡 역시 음원 차트 1위, 아이튠즈 앨범 차트 45개 지역 1위, 중국 QQ뮤직 및 쿠거우뮤직 디지털 앨범 차트 1위에 오르는 기염을 토했다."", '', '감상 포인트 R&B와 덥스텝이 절묘하게 어울린 타이틀곡 ‘몬스터’는 공식적으론 서로의 꿈 속에 침범한 불멸의 괴물을 의미한다. 그런데 선과 악을 오가는 아이린, 슬기 커플의 사랑, 그리고 결국 사랑을 위해 악을 선택한 느낌인 건 왜일까? 뮤직비디오는 ‘치명 치명 열매 먹은 듯’ 중독적 비주얼로 가득하다. 슬기의 신들린 듯한 파워 댄스와 아이린의 흑발, 몬스터 변신이 충격적. 퍼포먼스는 세계적 안무가 자넬 지네스트라, 리에 하타가 맡았고 데칼코마니 안무, 거미 대형 등으로 주제를 직관적으로 표현했다.', '지난 4월 첫 정규앨범 첫 번째 선공개 곡 ‘스테이 투나잇(Stay Tonight)’을, 지난 6일 두 번째 선공개곡 ‘플레이(PLAY)’를 공개한 청하. 차례로 선공개 곡을 내놓는 독특한 방식인데 그만큼 청하의 음악적, 퍼포먼스적 도전이 두드러지는 프로젝트다. 뮤직비디오는 공개 이틀이 안 돼 1백60만 조회수를 기록 중.', '', '감상 포인트 ‘플레이’는 각 구간마다 레게 톤 다양한 요소가 펼쳐지는 라틴 팝 장르. 창모가 피처링에 참여. 해외여행 못 가는 요즘 어쿠스틱 기타, 신시사이저, 브라스 등 악기와 청하의 개성 강한 목소리가 어울려 정열적인 라틴 태양 아래 축제 속에서 춤추는 기분이 든다. 퍼포먼스 면에서 ‘스테이 투나잇’ 때 보깅 댄스에 도전했다면 이번엔 라틴 댄스다. 2절에서는 마치 댄스 스포츠 선수처럼 화려한 스텝을 밟는 청하를 볼 수 있고 마지막은 모두가 참여하는 광란의 댄스파티.', '6월29일 데뷔 6년 만에 발표한 첫 솔로 앨범 〈마리아(Maria)〉의 반응이 뜨겁다. 발매 직후 아이튠즈 톱 앨범 차트 20개 지역 1위에 올라 국내 여자 솔로 아티스트 최초 미국 아이튠즈 앨범 차트 1위를 기록했고 발매 2주차인 현재 빌보드 월드 앨범 차트 7위, 타이틀 곡 ‘마리아’는 월드 디지털 송 세일즈 차트 6위에 올랐다. 화사는 이번 앨범의 작곡, 작사, 프로듀싱, 뮤직비디오, 스타일링에 모두 참여해 싱어송라이터를 넘어선 만능 아티스트로서의 존재감을 과시했다.', '', '감상 포인트 타이틀곡 ‘마리아’ 뮤직비디오는 첫 장면부터 강렬하다 못해 충격적. 사건 현상의 시신이 돼 버린 것 같은 화사가 과거를 회상하며 갓 도축된 무언가의 심장을 식탁으로 가져온다. 제목과 직접 작사한 가사를 보면 화사의 또다른 자아가 마리아이며, 상에서 철저하게 상처받은 사람도 사랑받을 가치가 있다는, 힘들지만 다시 일어나자는 위로의 메시지란 걸 알 수 있다. 그렇다고 퍼포먼스까지 마냥 따뜻하지 않다. 강렬한 댄스 본능을 일깨우는 불꽃 카리스마 화사.', '‘가시나’, ‘주인공’, ‘사이렌’ 3연타 흥행에 성공한 솔로 아티스트 선미가 ‘보라빛 밤(pporappippam)’으로 대세를 이어가는 중. 발매 즉시 멜론, 벅스, 지니 등 여러 음원 차트 상위권을 휩쓸었고 뮤직비디오는 2주차에 유튜브 두 계정 종합, 천만 뷰를 향해 가고 있다.', '', '감상 포인트 선미가 작사하고 프란츠와 공동 작곡한 ‘보라빛 밤’은 펑키한 사운드와 리드미컬한 비트 속에 적재의 기타 리프가 흐르는 트렌디한 시티 팝 장르. 선미가 꿈꾸는 사랑의 다양한 모습을 고혹적이고 몽환적으로 묘사했다. 보라색으로 물든 꿈속 같은 뮤직 비디오에서 이이정의 안무와 케빈 제르마니에의 의상을 입은 선미가 파워풀한 댄스를 보여준다. ’80년대로 시간 여행을 하는 듯한 레트로풍 무대와 효과도 시선을 빼앗는다.']]"|LIFE|0|0
아이돌 한복 대결!|http://v.media.daum.net/v/20200630172917911|2020.06.30|http://v.media.daum.net/v/20200630172917911?f=o|[['「 블랙핑크 」', '「 블랙핑크 」', '', '', '', '', '', '', '', '', '', '신곡 ‘하우 유 라이크 댓’ 뮤직비디오에서 한복을 입고 등장한 블랙핑크. 첫 컴백 무대였던 미국 NBC 지미 팰런의 ‘더 투나잇 쇼’에서도 한복을 입고 나왔다. 블랙 핑크는 크롭탑처럼 디자인된 한복, 견장이 달린 한복 등 각 맴버의 개성에 맞도록 다채롭게 한복을 변형해 화제를 모았다.', '', '', '', '', '뮤직비디오 속 제니와 로제가 입은 한복은 ‘단하 주단’ 제품이다.', '「 방탄소년단 슈가 」', '「 방탄소년단 슈가 」', '', '', '', '', '', '빌보드 메인 앨범 차트 ‘빌보드 200’ 11위에 오른 방탄소년단 슈가의 ‘대취타’. 한국 솔로 가수 앨범 최고 신기록이다. 그의 이번 곡은 조선 시대 임금의 거동과 군례에 연주되던 ‘대취타’를 샘플링해 만들었다. 뮤직비디오에서 슈가는 검정 곤룡포를 입고 등장한다.', '「 강다니엘 X 지코 」', '「 강다니엘 X 지코 」', '', '', '', '펩시콜라와 스타쉽 엔터테인먼트의 콜라보레이션을 위해 뭉쳤던 두 사람. 쉽게 볼 수 없는 그들의 조합은 이 사진을 남겼다. 마치 동서양의 조화를 의미하듯 블루 계열의 수트와 부츠 위에 도포를 매치한 그들. 도포 이렇게 잘 어울릴 일이야?'], ['', '', '', '', '', '', '', '', '', '', '', '']]|CELEBS|0|0
사회 초년생 첫 명품 백 추천|http://v.media.daum.net/v/20200521154032042|2020.05.21|http://v.media.daum.net/v/20200521154032042?f=o|[['', '', '', '', '얼마 전 블랙핑크 로제가 메고 나와 완판을 일으켰던 카이아 사첼백. 언뜻 투박해 보여도 생로랑 특유의 시크한 느낌이 잘 살아 있다. 평일과 주말 모두 커버 가능할 실용적인 디자인.', '', '', '', '', '', '', '메탈 잠금장치가 빈티지한 느낌의 질샌더 숄더백. 미니멀하고 클래식한 옷차림을 좋아한다면 질리지 않고 오래 들 수 있을 가방.'], ['나의 첫 ‘내 돈 내산’ 백은 마르니의 트렁크 백이었다. 덴마크 모델 Amalie Moosgaard의 착용 사진을 보고 ‘이건 사야 해’라는 생각을 했고, 당시 대학생이던 나는 알바비를 모아 결국 미디엄 사이즈의 트렁크 백을 손에 넣었다. 그 백을 산지 7년이 넘었지만 다른 어떤 가방보다 유용하게 잘 메고 있다. 잘 고른 명품 백은 꽤 오랫동안 들 수 있다. 그게 바로 많은 이들이 적지 않은 비용을 지불하고 명품을 사는 이유 중 하나이지 않을까.', '사회 초년생으로서 첫 명품 백을 고를 때 중요한 건 뭐니뭐니 해도 실용성. 명품이지만 휘뚜루마뚜루 들 수 있는 아이템을 고르는 것이 중요하다. 레몬 컬러의 미니 백이 눈에 들어온다고? 마침 세일도 한다고? 안다. 미니 백 예쁜 거. 그런데 먼저 생각해보길. 간단한 소지품도 잘 들어가면서 격식 차린 자리에 들고나가도 손색없을 만한 가방이 있는지. 없다면 잘 만들어진 기본 가방 하나쯤은 먼저 갖추길 추천한다.', '발렌시아가(Balenciaga) - 에브리데이 백', '', '지난해 셀프 선물로 구입한 가방. 체구가 작은 에디터는 xxs 사이즈를 구입했다. 오래 사용해 본 결과 가장 마음에 드는 점은 송아지 가죽이 정말 부드럽다는 것! 다만 부드러운 만큼 각이 흐트러질 수 있으니 백인 백을 착용하는 것을 추천한다.', '프라다(prada) - 사피아노 레더 버킷 백', '', '프라다의 베스트셀링 아이템 중 하나인 나일론 버킷 백의 사피아노 가죽 버전. 나일론 백의 캐주얼한 느낌이 아쉬웠던 사람에게 딱인 아이템. 사피아노는 스크래치에 강하고 견고해 데일리 백으로도 손색없다.', '보테가 베네타(Bottega Veneta) – 카세트 백', '', '다니엘 리의 히트작인 보테가 베네타의 카세트 백. 미니멀한 디자인 덕에 여기저기 다 어울릴 가방이다. 특유의 위빙 디테일이 보테가 베네타의 아이덴티티를 제대로 드러내 큰맘 먹고 질러도 돈이 아깝지 않을 아이템.', '로에베(Loewe) – 해먹 백', '', '로에베 백 중 직장인들의 사랑을 가장 많이 받는 것 같아 보이는 해먹 백. 여러 가지 방법으로 맬 수 있다는 게 장점이다. 과하지 않고 고급스러운 디자인으로 한번 사면 오래 들 수 있을 스타일.', '생로랑(Saint Laurent) – 카이아 사첼백', '', '', '질샌더(Jil sander) – 숄더백', '', '', '', '셀린느(celine) – 상글 버킷 백', '', '실용적이고 깔끔한 디자인. 다양한 컬러와 소재로 출시된다. 특히 사방이 주머니로 되어 있어 우월한 수납력을 자랑한다. 스몰 사이즈는 바깥 주머니가 없고 미디엄 사이즈엔 있다는 점 주의하시길.', '구찌(gucci) – 1955 홀스빗 스몰 탑 핸들 백', '', '승마에서 영감을 받은 구찌의 홀스빗 버클이 달린 백. 무려 60년 넘게 이어오는 디자인이다. 오랜 시간 동안 사랑받는 데엔 이유가 있는 법. 커다란 로고 없이도 구찌의 아이덴티티를 드러내는 디자인이 인상적이다. 레더뿐 아니라 캔버스 소재로 된 제품도 있다.']]|FASHION|0|0
백 투 베이식, 진주 주얼리|http://v.media.daum.net/v/20200510000035474|2020.05.10|http://v.media.daum.net/v/20200510000035474?f=o|[['「 New Classic 」', '「 New Classic 」', '', '', '', '클래식하면서도 가장 현대적인 주얼리를 꼽자면 바로 진주가 아닐까? 기본에 충실한 진주 목걸이는 여전히 스트리트에서 인기를 끌고 있다. 초커 형태의 진주 목걸이를 여러 개 레이어드해도 좋고, 어두운 톱에 진주 목걸이 하나만으로 포인트를 줘도 좋다. 구조적인 실루엣의 이어 커프와 귀고리, 펜던트 목걸이 등 진주를 활용한 매력적인 주얼리가 이번 시즌 대거 선보였으니 지금이 진주에 도전할 최적의 시기!'], ['', '', '', '', '', '', '', '', '', '', '', '', '']]|FASHION|0|2
신민아가 보여주는 뷰티 믿보템|http://v.media.daum.net/v/20200506000046451|2020.05.06|http://v.media.daum.net/v/20200506000046451?f=o|[['「 #밝은로즈우드 」', '「 #밝은로즈우드 」', '', '', '마른 장밋빛 립스틱의 인기는 여전히 떡상 중! 입술에 내추럴 생기를 더해주는 것이 가장 큰 이유인데, 그중 샤넬 루쥬 코코 플래쉬 #90쥬르는 체리빛이 묘하게 믹스된 밝은 무드의 로즈 셰이드라 그 어떤 립스틱 취향을 지닌 사람도 부담 없이 즐길 수 있다. 놀라울 정도로 촉촉하고 가지고 다니면서 수시로 바를 수 있어 립밤 대신 사용하기에도 굿. 평소 신민아의 애정 컬러라면 말 다했지 뭐!', '', '', '', '', '', '샤넬 루쥬 코코 플래쉬 90 쥬르 4만5천원', '', '', '', '', '', '', '', '', '「 #쨍한네온오렌지 」', '「 #쨍한네온오렌지 」', '', '', '잘 바른 립스틱 하나가 피부 톤을 확 밝혀준다! 바로 샤넬의 루쥬 코코 플래쉬 #60비트가 대표적인 예. 쨍한 오렌지 컬러지만 네온빛이 한 스푼 정도 가미돼 포인트 메이크업을 과하지 않고 웨어러블하게 연출할 수 있다. 특히 왠지 안색이 칙칙하다 싶을 때 바르면 마치 반사판을 댄 듯 얼굴이 환해지는 효과를 볼 수 있다.', '', '', '', '', '', '샤넬 루쥬 코코 플래쉬 60 비트 4만5천원', '', '', '', '', '', '', '', '', '「 #달콤한석류핑크 」', '「 #달콤한석류핑크 」', '', '', '신민아의 꽃미모까지는 아니더라도 사랑스러운 과즙 미모를 카피하고 싶다면 샤넬 루쥬 코코 플래쉬 #92아무르에 손이 갈 수밖에! 레드 반 핑크 반 믹스된 석류 핑크 컬러라 어떤 피부에 매치해도 상큼 포텐이 터지며, 여기에 장밋빛 블러셔까지 매치하는 순간 인간 과일의 지름길로 향할 수 있다.', '', '', '', '', '', '샤넬 루쥬 코코 플래쉬 92 아무르 4만5천원', '', '', '', '', '', '', '', '', '「 #짜릿한라즈베리핑크 」', '「 #짜릿한라즈베리핑크 」', '', '', '샤넬 루쥬 코코 플래쉬 #91보헴은 신민아의 원픽이자 현재 브랜드에서 가장 잘나가는 핫템. 샤이니한 질감의 핫 핑크 컬러라 입술에 풀로 바르기에도, 틴트처럼 물들여연출하기에도 손색없다. 무엇보다 러블리뽀짝 무드를 더해줘 어려 보이는 효과까지 탑재했다. 신민아의 베이비 립 메이크업, 이 컬러만 있으면 “야, 너도 할 수 있어”!', '', '', '', '', '', '샤넬 루쥬 코코 플래쉬 91 보헴 4만5천원', '', '', '', '', '', ''], ['', '', '보기보다 밝게 연출되는 강렬한 로즈 컬러 립스틱. 우리가 원하는 본 투 비 내추럴 핑크빛 입술이 이 제품만 있으면 가능하다.', '', '', '', '상큼 발랄한 오렌지 컬러 립스틱. 쨍한 발색력을 자랑하지만 무른 타입이라 입술에 발랐을 때 촉촉하고 빛나게 표현된다.', '', '', '', '레드와 핑크 컬러의 장점을 모두 가진 크리미한 립스틱. 보기에는 톤 다운된 벽돌색이지만 입술에 바르자마자 사랑스러운 석류 핑크로 발색된다.', '', '', '', '입술에 생기와 발랄함, 상큼함을 선사하는 라즈베리 핑크 컬러 립스틱. 샤이니한 푸크시아 핑크로 발색돼 톡 쏘는 분위기를 웨어러블하게 연출할 수 있다.', '']]|BEAUTY|0|2
룩에 생기를 불어 넣는 컬러풀 주얼리|http://v.media.daum.net/v/20200430000109285|2020.04.30|http://v.media.daum.net/v/20200430000109285?f=o|[['', '', '', '', '', '', '', '', '화사한 날씨엔 통통 튀는 주얼리가 룩에 생기를 불어넣는다. 올해는 컬러풀한 구슬 목걸이와 팔찌, 선명한 단색 컬러의 볼드한 귀고리가 인기다. 아미와 아야 쌍둥이 자매처럼 레인보 초커로 포인트를 주거나 상의의 포인트 컬러와 귀고리 컬러를 통일하는 것도 좋은 예.', '', ''], ['', '', '', '', '', '', '', '', '', '']]|FASHION|0|2
신민아 플래쉬|http://v.media.daum.net/v/20200417160024057|2020.04.17|http://v.media.daum.net/v/20200417160024057?f=o|[['', '', '', '내일모레(4월 5일)가 생일이에요. 미리 축하해요!', '', '', '', '', '', '영화〈휴가〉의 마지막 촬영을 마치고 찍은 영상이 SNS에 올라왔어요. 김해숙 배우와 모녀로 호흡을 맞춘 만큼 서로를 바라보는 눈빛이 무척 애틋해 보이더군요.', '', '', '', '', '', '많은 딸이 엄마를 친구처럼 느끼면서도 한편으론 “엄마처럼 살지 않겠다”라고 말하기도 해요.', '', '', '', '', '', '', '', '', '', '', '데뷔한 지 20년이 넘었어요. 한 가지 일을 오래 하다 보면 타성에 젖기 쉽죠. 지금까지 연기하면서 변하지 않은 점과 변한 점이 있다면요?', '', '', '', '', '', '모두에게 항상 좋은 사람이고 싶다는 바람을 말한 적이 있어요. 그런 마음으로 살다 보면 스트레스를 많이 받을 것 같아요.', '', ''], ['', '예전에는 식목일이 공휴일이었잖아요. 그래서 학교 다닐 때는 크리스마스이브처럼 생일 전날에 친구들이랑 놀고, 당일에는 가족과 시간을 보내곤 했어요. 지금도 그때와 크게 다르진 않아요.', '〈코스모폴리탄〉과 작업을 많이 했지만 그럼에도 각오랄까, 마음의 준비 같은 걸 했는지요?', '아무래도 코스모의 표지는 자신감 넘치고 당당한 여성을 콘셉트로 하잖아요. 그래서 이번에도 그런 무드로 촬영할 거라 생각했는데, 오늘은 클로즈업이 많아서 조금 새로웠어요.', '', '강원도 정선에서 정말 추울 때 촬영했어요. 촬영 중반 코로나19가 확산돼 체력적·정신적으로 힘들었죠. 하지만 현장 분위기는 무척 좋았어요. 특히 김해숙 선생님과는 “우리 너무 비슷해!”라는 말을 할 만큼 음식 취향, 성격 등 비슷한 게 많았죠. 그래서 촬영 종료되고 더 애틋하고 서운한 감정이 들었던 것 같아요. ‘무사히 끝났다!’라는 감사함을 느꼈고요.', '모녀 관계를 소재로 한 작품이 많아요. 아무래도 가족 영화라고 하면 서로에 대한 애증과 애틋함이 떠오르기 마련이죠. 배우로서 이 영화에 끌렸던 이유는 뭔가요?', '최근엔 모녀 사이를 다룬 영화가 없었고, ‘이런 따뜻한 감성의 작품을 관객들도 보고 싶어 하지 않을까’란 생각을 했어요. 그리고 제가 전형적인 이야기를 다룬 작품을 해본 적이 없어요. 그래서 이왕이면 감정에 충실한 영화를 하는 게 맞겠다고 생각했죠. 무엇보다 시나리오를 읽었는데 내용이 계속 생각나더라고요.〈휴가〉는 보편적인 엄마와 딸 이야기지만 가슴 아픈 부분이 있어요. 그 슬픈 지점을 담담하게 그려서 더 가슴이 뭉클해요. 사실 엄마와 딸이라는 관계는 서로 툭 건드리기만 해도 눈물이 나기도 하잖아요.', '', '일을 일찍 시작해 그런지 어렸을 때부터 저는 엄마를 같은 여자로 봤던 것 같아요. 저희는 삼남매인데, 엄마는 지금의 저보다 어린 나이에 애를 셋이나 낳아 키운 거잖아요. 그래서 엄마한테 섭섭한 게 있어도 이해하는 편이에요. 요즘엔 엄마가 친구 같아 뭘 해도 귀엽게 느껴져요.', '평소 존경하던 김해숙 배우와 함께 연기 호흡을 맞춰 촬영 내내 기분이 남달랐을 것 같은데… 후배 입장에서 어땠나요?', '김해숙 선생님과 촬영하기 전까지는 왠지 긴장되고 어려웠어요. 그런데 생각 이상으로 무척 편하게 대해주셨죠. 가장 존경스러웠던 점은 배우로서의 프로 정신이 투철하면서도 소녀 같은 감성을 여전히 지니고 있다는 거였어요. 선생님과의 촬영은 “좋았다”라는 말로 표현하기 어려울 정도예요.', '', '', '여전히 일이 재미있어요. 이렇게 화보나 광고를 찍는 것도 즐거워요. 시간에 따라 변하는 모습이나 콘셉트에 따라 변하는 나, 생각과 달리 잘 안 될 때의 나를 보는 것도 다 재미있어요. 잘하고 싶은 욕심도 늘 있고요. 예전엔 너무 바빴고, 나 자신이 아닌 나를 둘러싼 주변을 의식하는 일이 많았죠. 그래서 정작 저 자신을 돌보는 시간을 가지지 못했던 것 같아요. 지금은 행복하고 일이 재미있다는 것을 충분히 느끼고 있어요. 그래서 주변 사람들이 저한테 “왜 이렇게 기운이 넘치냐”면서 무서울 정도라고 해요. 하하.', '예전보다 더 자유로워진 걸까요?', '10~20대 때는 목표가 있잖아요. 30대가 되니 내 것과 내 것이 아닌 걸 구분할 수 있어 마음이 편안해진 것 같아요. 놓을 건 놓고, 가지고 갈 건 가지고 가는 거죠. 너무 많은 꿈과 목표를 가졌을 때보다 마음이 가벼워요. 그래서 더 여유로워지고, 감사하고 기쁘고 재미있어요. 물론 힘들 때도 있고 누군가가 미워질 때도 있죠. 하지만 경험을 통해 버려야 할 것은 버리고 채우고 싶은 건 채울 수 있는 요령이 생긴 것 같아요. 20대 때는 욕심 때문에 정말 힘들었던 것 같거든요.', '타임머신이 있다면 과거로 돌아가고 싶어요?', '10~20대 때론 돌아가고 싶지 않아요. 충분히 열심히 살기도 했고, 힘들었어요. 많은 걸 느끼기도 하지만, 또 많은 걸 계획해야 하는 나이인데 그걸 한 번 더 하긴 힘들 것 같아요. 하하. 대신 아기였을 때로는 가보고 싶어요. 그때 어땠는지 궁금해요.', '', '예전에 힘들었던 이유 중 하나가 정말 좋은 사람이 돼야겠다는 생각 때문이었어요. 요즘엔 나 자신을 많이 좋아해야겠다는 생각을 해요. 스스로에게 좀 더 관대해지고 욕심을 버리는 게 결국 나를 좋아하는 거라고 봐요.', '다음 작품 들어가기 전까지 휴식 시간이 주어졌어요. 뭘 하면서 보낼 계획이에요?', '몇 년 동안 작품을 연달아 해서 휴식 시간이 당황스러워요. 창의적인 뭔가를 배워보고 싶은데, 아직 정하지 못했어요. 그래서 지금 살짝 흥분돼 있죠. 하하.']]|CELEBS|0|2
FW20 컬렉션을 찾은 스타들|http://v.media.daum.net/v/20200330001032888|2020.03.30|http://v.media.daum.net/v/20200330001032888?f=o|[['', '', '', '', '', '', '', '', '', '한예슬 in 펜디', '', '', '', '', '', '로제 in 생 로랑', '', '', '', '', '', '조이 in 마이클 코어스', '', '', '', '', '', '박민영 in 토즈', '', '', '', '', '', '설현 in 코치', '', '', '', '', '', '송혜교 in 보테가 베네타', '', '', '', '', '', '리사 in 프라다', '', ''], ['', '', '', '', '', '', '', '']]|CELEBS|0|0
생각보다 쉽고 시크하다! 란제리 룩|http://v.media.daum.net/v/20200325000059665|2020.03.25|http://v.media.daum.net/v/20200325000059665?f=o|[['', '', '', '', '', '', '', '', '디자이너들은 이번 시즌 은밀하고도 매혹적인 성적 판타지에 빠져든 듯 보인다. 슬립 드레스와 속살이 비치는 오간자·시폰 소재의 실크 피스, 브라톱, 코르셋과 같은 란제리 룩을 모델들에게 입혀 런웨이로 내보냈기 때문. 이 파격적인 아이템들을 현실에서는 어떻게 즐길 수 있을까? 에디터는 자크뮈스 컬렉션에서 그 해답을 얻으라 조언하고 싶다. 레이스 슬립 드레스를 매니시한 슈트에 매치한 디자이너 시몽 포르테 자크뮈스는 오피스 우먼들도 이 화끈하고 섹시한 트렌드를 즐길 수 있다는 희망을 선사했다.', '', ''], ['', '', '', '', '', '', '', '', '', '', '', '', '', '', '', '', '', '', '', '', '']]|FASHION|0|2
반바지 슈트 입어봤어?|http://v.media.daum.net/v/20200229000133400|2020.02.29|http://v.media.daum.net/v/20200229000133400?f=o|[['「 Shorts Suit Story 」', '「 Shorts Suit Story 」', '', '', '몇 년째 트렌드 선상에서 좀처럼 내려오지 않고 있는 팬츠 슈트가 이번 시즌엔 오히려 한 단계 더 진화했다. 슈트 팬츠를 싹둑 자른 듯한 쇼트 팬츠가 재킷의 짝이 돼 쿨한 매력까지 장착하게 된 것. 클래식의 상징인 슈트에 더해진 이러한 변화와 파격은 여성들에게 자유로움을 선사한다. 다양한 컬러의 쇼츠 슈트를 선보인 막스마라를 필두로 보테가 베네타, 지방시, 토즈, 디온 리 등 모던한 컬렉션을 선보여온 하우스들이 앞다퉈 이 쇼츠 슈트를 런웨이에 올렸으니, 이번 시즌 꼭 도전해보길!', '', ''], ['', '', '', '', '', '', '', '', '', '', '', '', '', '', '', '', '', '', '', '', '']]|FASHION|0|2
전시 데이트 갈 때는 이렇게 입어봐!|http://v.media.daum.net/v/20200220000056836|2020.02.20|http://v.media.daum.net/v/20200220000056836?f=o|[['「 Pandora Sykes 」', '「 Pandora Sykes 」', '', '', '미술관이나 전시회 데이트가 있다면 영국에서 활동하는 저널리스트이자 인플루언서인 판도라 사이크스의 스타일을 참고하면 어떨까? 미니멀한 드레스와 재킷의 조합으로 도시적인 세련미와 우아함을 어필했다. 펌프스가 아니라 롱부츠를 매치한 덕분에 스타일리시한 분위기가 한층 업됐다.', '', ''], ['', '', '', '', '', '', '', '', '']]|FASHION|0|2
겨울 속 여름 즐기는 언니들|http://v.media.daum.net/v/20200117154856448|2020.01.17|http://v.media.daum.net/v/20200117154856448?f=o|[['', '', '', '이 사랑스러운 웃음 뭐야? 로컬 마켓에서 파인애플을 들고 포즈를 취하고 있는 #현아! 상큼한 레드 컬러 이너웨어에 레이스 민소매 원피스를 레이어드 해 그녀만의 톡톡 튀는 룩을 완성했다.', '', '', '', '', '', '발리에서 한줌 허리를 뽐내고 있는 블랙핑크 #로제. 테라스에 있는 해먹에서 여유로운 시간을 보내고 있다. 블랙 브라탑에 데님 팬츠를 매치해 편안하면서 세상 힙한 써머 스타일을 보여주고 있다. 휴양지에서 캡 모자는 필수!', '', '', '', '', '', '발리에서 같이 힐링 휴가를 보내고 있는 AOA #설현과 #지민. 꽃 같은 미소로 따스한 햇살을 즐기고 있는 모습에 보는 사람도 행복지수가 상승한다. 귀여운 플라워 패턴의 노란 원피스를 입고 러블리함의 정수를 보여주고 있는 갓설현!', '', '', '', '', '', '', '지민은 땡땡이 원피스 수영복에 깜찍한 헤어스타일을 하고 밤 수영 중~ 한 손에는 바틀을 한 손에는 술잔을 들고 카메라를 쳐다보며 수영장 플렉스를 보여주고 있다. 낮에는 요가, 밤에는 수영으로 몸과 마음도 힐링하는 이런 휴가 완벽해!', '', '', '', '', '태국 방콕에 가있는 #오연서 . 원래 휴양지 여행은 호텔 안에서 먹고 자고 쉬는 거 아니겠어? 그녀는 민소매 탑에 블랙 스트랩 슈즈를 신고 풀사이드에서 휴가를 즐기고 있다. 휴가 내내 곳곳에서 보이는 화려한 패턴의 로브는 이번 여행 시그니처템인 듯.', '', '', '', '이 매혹적인 눈빛의 소유자는 누구? 하와이에서 핫한 시간을 보내고 있는 걸크러쉬 언니 #김희정. 캐러멜 컬러의 미니 드레스 안에 수영복을 입은 이 모습이 진정한 휴양지 룩. 자연스럽게 한쪽으로 넘긴 헤어스타일도 포인트!', '', ''], ['', '', '', '', '', '', '', '']]|CELEBS|0|0
연말에는 호캉스지, 더 늦기 전에 빨리 예약해!|http://v.media.daum.net/v/20191213160001281|2019.12.13|http://v.media.daum.net/v/20191213160001281?f=o|[['「 먹고 배부르고 사랑하라 」', '「 먹고 배부르고 사랑하라 」', '', '', '', '', '', '그랜드 힐튼 서울 ‘윈터 원더랜드’ 패키지', '「 푸짐한 선물에 심쿵 」', '「 푸짐한 선물에 심쿵 」', '', '', '', '', '', '', '', 'JW 메리어트 서울 ‘헬로우 2020’ 겨울 패키지', '「 여기가 바로 파티인증샷 맛집 」', '「 여기가 바로 파티인증샷 맛집 」', '', '', '', '글래드 여의도 ‘Hello 2020’ 패키지', '「 로맨틱한 하루 캐리할게 」', '「 로맨틱한 하루 캐리할게 」', '', '', '', '', '', '그랜드 하얏트 서울 ‘메리 페스티브’ 패키지', '「 여기야, 인싸 파티! 」', '「 여기야, 인싸 파티! 」', '', '', '', '', '', '서울 신라 ‘홀리데이 레이디스’ 패키지'], ['', '', '', '맛있는 겨울 호캉스 어때? 그랜드 힐튼의 윈터 원더랜드 패키지는 디럭스 룸이나 이그제큐티브 룸 예약 시 취향에 맞게 즐기는 윈터 테이스티 바우처가 제공된다. 조식 이용권, 한식과 양식 메뉴가 준비되어 있는 에이트리움 또는 와인과 스낵을 오붓하게 즐길 수 있는 테라스 라운지 5만 원권 중 선택해서 이용할 수 있다. 저녁에는 호텔 베이커리에서 만든 귀욤귀욤 크리스마스 스페셜 케이크로 연말 분위기 업! 통나무 장작 모양을 본뜬 뷔슈 드 노엘, 동화 속 과자집 같은 진저 브레드 하우스 또는 슈가 파우더를 솔솔 뿌린 슈톨렌으로 크리스마스 준비는 이미 완료다. 연말에는 배부르게 먹어도 살 안 쪄! 기간은 2020.2.29까지.', '', '', '', '', '이보다 풍성한 선물 패키지는 없다. 도심과 한강이 내려다보이는 전망의 디럭스 룸 숙박을 기본으로, 호텔에서 특별 제작한 2020년 다이어리와 시어버터 핸드크림 세트, 그리고 서초 야외 아이스링크 입장권 2매까지 준비했다. JW 메리어트 브랜드 컬러인 핑크와 토프 중 랜덤으로 증정되는 다이어리는 깔끔하고 세련된 디자인으로 취향 저격. 호텔 안에서 심심하다면 마르퀴스 피트니스클럽 이용도 가능하니 수영복도 잊지 말고 챙길 것. 더 라운지에서는 크리스마스를 테마로 한 ‘스파클링 메모리즈 애프터눈 티 세트’를 선보인다. 심쿵하게 깜찍한 비주얼의 디저트도 만나보기를! 기간은 2020.2.29까지.', '', '', '홈 파티 분위기를 내고 싶은데 준비할 시간이 없었다고? 그렇다면 여의도 공원 앞에 위치한 글래드 호텔의 ‘Hello 2020’ 패키지가 안성맞춤. 연말 파티에 필요한 실용적인 구성으로 골드와 실버 레터링 풍선, 12인치 메탈 풍선과 볼륨 리본 등이 양껏 준비되어 있어 맥시멀~하게 꾸밀 수 있다. 여기서 끝이 아니다. 파티에서 빠질 수 없는 레드 와인과 딸기 생크림 케이크까지. (케이크는 최소 이틀 전 사전 예약 필수) 우리만의 특별한 공간에서 마음에 들 때까지 인증샷 퍼레이드 가능하다. 소중한 가족 또는 친구들과 의미 있는 연말연시를 프라이빗하게 즐겨보자. 기간은 2020.02.29까지.', '', '', '', '용산에 위치한 그랜드 하얏트 서울은 아름다운 도심의 야경 명소이다. 사랑하는 연인 또는 친구와 이태원 골목에 위치한 바에서 즐기다가 룸으로 들어와 연말 야경 실컷 담아갈 것. 웰컴 셋업이 포함된 이번 패키지는 특히 연말 최고의 로맨틱한 분위기를 선사해줄 거다. 스탠다드 룸을 기본으로, 아이스링크 2인 입장권, 스케이트 대여와 수영장 무료 이용 혜택도 있다. 올해 홀리데이 시즌에는 빛나는 도심 속에서 소중한 사람과 설렘 가득한 밤을 보내길 추천한다. 기간은 2019.12.20-2019.12.30까지.', '', '', '', '누구보다 화려하고 럭셔리한 연말을 보내고 싶다면? 신라호텔 최고 층 라운지에서 펼쳐지는 ‘윈터 원더랜드 파티’ 입장권이 포함된 패키지를 추천한다. 화려하게 꾸며진 공간에서 로맨틱한 라이브 음악을 들으며 겨울에 어울리는 와인 10종과 다채로운 안주 메뉴를 즐길 수 있다. 31일에 파티를 이용한다면 칵테일이 무료로 제공되고 그 외에 모엣 샹동 로제 샴페인 하프 보틀 1병 또한 포함되어 있다! 연말에 술이 빠질 수 없지! 맘껏 취해보자. 낮에는 더 이그제큐티브 라운지에서 아름다운 도심 뷰를 바라보며 애프터눈 티를 여유롭게 즐겨도 좋다. 기간은 2019.12.20-12.31까지.']]|LIFE|0|0
잘 때 입는 옷을 파티에서도 입는 법|http://v.media.daum.net/v/20191206000106859|2019.12.06|http://v.media.daum.net/v/20191206000106859?f=o|[['「 Slip into the Party 」', '「 Slip into the Party 」', '', '', '에디터는 슬립 드레스가 르 스모킹 못지않은 여성의 당당함을 보여줄 수 있는 아이템이라 생각한다. 침실에서 입던 속옷을 집 밖에서도 입을 수 있는 용기와 자신감이란! 슬립 드레스의 시대라 할 수 있는 1990년대의 케이트 모스나 다이애나 왕세자비의 룩에서 영감을 얻길 추천한다. 편안하면서도 당당한 그들의 애티튜드를 반드시 기억하자.', '', ''], ['', '', '', '', '', '', '', '', '', '', '', '', '', '', '', '']]|FASHION|0|2
언니, 그건 지난 학기고 지금은 오가닉 와인이에요|http://v.media.daum.net/v/20190927105335875|2019.09.27|http://v.media.daum.net/v/20190927105335875?f=o|[['', '', '', '상큼함이 남달라! ‘오카리나’', '', '', '', '', '', '회에 소주? 이제 그만. ‘엘라니옹’', '', '', '', '', '', '이제 다른 로제는 못 마실걸? ‘아라릭 로제’', '', '', '', '', '', '나 오늘 집에 안 갈래! ‘피에스 노블’', '', '', '', '', '', '', '', ''], ['왜 질리지가 않죠? ‘요헤 오가닉’', '이탈리아에서 무려 4대째 이어져 내려오고 있는 와이너리 ‘테누타 뷔리오네’에서 만들어진 ‘요헤 오가닉’. 이탈리아의 공식 유기농 인증을 받은 곳이다. 와인 특유의 단맛이 슬슬 물리기 시작한 이들에게 추천한다. 설탕에 절인 꽃 향이 사랑스러운 이 레드 와인은 달달한 향과는 달리 맛은 아주 담백하다. 한 번도 안 마셔본 사람은 있어도 한 번만 마셔본 사람은 없다는, 여성 고객에게 특히나 인기가 좋은 와인. 3만 원대.', '', '콤부차를 좋아한다면 100% 반하게 될 내추럴 로제 와인. 런던의 유명 여성 소믈리에인 사스키아가 프랑스 남부 지방에 정착하여 만든 와인이다. 짧은 역사에 비해 마니아층이 두껍게 형성될 정도로 독특한 오가닉 와인들로 주목을 받고 있는 곳이기도 하다. 특히 ‘오카리나’는 상큼발랄한 산미와 방금 포도를 막 으깬 듯한 신선함이 일품이다. 영국 와인 매거진 ‘Pull The Corks’에서 극찬을 받기도 한 명품 와인. 7만 원대.', '', '해산물 요리에 소주만 먹어온 이들이여, 이제 오가닉 와인 ‘엘라니옹’을 곁들여 마셔보자. 지중해 연안에 인접한 곳에서 재배된 화이트 와인인 만큼 향미가 매우 풍부하다. 마실수록 깔끔해서 해산물의 비릿함은 어느새 잊은 채 즐길 수 있게 될 거다. 너무 술술 들어가서 마신 날 기억도 잊을 수 있다는 게 함정. 절묘한 블렌딩 덕에 치즈나 각종 애피타이저 요리에 곁들여 마시는 것도 좋다. 8만 원대.', '', '“로제 와인은 좀 달잖아, 여자들이나 마시는 술 아니야?” 응, 완전 아니야. 아직도 그런 말을 하는 남자들이 있을 땐 말없이 이 와인을 건네 보자. 로제 와인도 이렇게 깔끔하고, 텁텁함 없이 먹을 수 있다는 걸 보여줄 수 있을 테니까. 핑크빛이 감도는 이 사랑스러운 와인은 50년 수령의 포도나무에서 손으로 직접 수확하고, 품질을 위해 소량 생산으로만 만들어지는 프랑스 남부 와이너리 ‘샤또 아장티스’의 로제 와인이다. 3만 원대.', '', '유기농 공법뿐 아니라 달과 천체의 흐름에 맞춰 생산하는 깐깐한 바이오 다이내믹 공법으로 만들어졌다. 바이오 다이내믹 와인이라고 해서 마셨다가 산미와 쿰쿰한 냄새에 에퉤퉤 하고, 가격에 두 번 놀라 또 에퉤퉤 했던 이들. ‘피에스 노블’은 착한 가격은 물론 잘 숙성된 과일향과 부드러운 식감에 먹자마자 손뼉 치게 만드는 와인이다. 진한 레드 컬러와 짙은 풍미 덕에 와인 마시는 분위기를 제대로 낼 수 있다. 5만 원대.', '', 'LIST BY. 무디타 와인 & 스페이스 : 와인을 사랑하는 사람들이 합리적인 가격으로 고품질 와인을 즐길 수 있는 한남동의 공간이자 와인숍이다. 위 와인은 모두 이곳에서 구매 가능한 것은 물론 와인 상담도 가능하다. 문의 070 4383 5521']]|LIFE|0|0
블핑부터 트와이스까지 금발 박제 각 여돌 6|http://v.media.daum.net/v/20190822103502871|2019.08.22|http://v.media.daum.net/v/20190822103502871?f=o|"[['', '', '', '1번 타자는 블랙핑크 로제. 허리까지 늘어뜨린 긴 생머리에 금발을 가미해 별다른 액세서리 없이도 신비로운 분위기가 물씬 풍긴다.', '', '', '', '', '', ""다음 주자는 레드벨벳의 막내 예리. 신곡 '음파음파'로 컴백을 준비하며 금발로 변신했다. 컬러 마스카라로 속눈썹을 물들이고 컬러 렌즈까지 장착하니, 아니 이게 사람이야 인형이야?"", '', '', '', '', '', ""'카리스마'를 사람으로 만들면 바로 청하 아닐까? 청순한 메이크업으로 밸런스를 맞춘 다른 여돌들과는 달리, 청하는 머리끝부터 발끝까지 힘을 줬다. 블링블링한 아이 메이크업에 볼드한 귀걸이, 레드 립스틱까지 매치하니 화려함 뿜뿜! 언니미 폭발~"", '', '', '', '', '', '멤버들 모두 대체로 화려한 스타일을 즐기는 있지의 막내, 유나는 탐스러운 웨이브를 더한 금발을 선보였다. 흰 티 한장 걸쳤을 뿐인데, 시원시원한 이목구비와 금발이 어우러져 존재감 넘치는 스타일 완성.', '', '', '', '', '', '', '', '', '', '', '마지막으로, 트와이스에선 무려 두 명의 멤버가 금발로 염색했어! 다현과 사나가 그 주인공. 하지만 금발이라고 다 같은 금발이 아니란 건 알지? 사나는 흰색이 많이 섞인 플래티넘 블론드로 새침한 느낌을 살렸고, 다현은 그레이빛이 도는 애쉬 블론드를 선택해 발랄하게 연출했어.', '', ''], ['', '', '', '', '', '']]"|BEAUTY|0|0
여름철 무결점 피부 만드는 팁 2가지|http://v.media.daum.net/v/20190717094437987|2019.07.17|http://v.media.daum.net/v/20190717094437987?f=o|[[], ['고온 다습한 계절을 맞아 무결점 베이스를 꿈꾼다면 알아둬야 할 뷰티 팁.', ' Step 1 착붙 베이스의 조건얼굴 부위별로 드러나는 피부 밑색과 채도를 먼저 파악할 것. 자신의 피부 톤이 옐로, 핑크, 로즈, 아이보리, 베이지 중 어디에 가까운지 알아야 그에 맞는 최적화된 파운데이션 컬러를 찾을 수 있기 때문이다. 컬러를 찾았다면 바르는 양 줄이기에 돌입! 특히 여름에 사용하는 매트 파데는 최소한의 양으로 발라야 텁텁함 없이 산뜻하게 바를 수 있다. 평소보다 적게 발라 피부 표현이 2% 부족하다면? 메이크업 베이스의 도움을 받아볼 것. 칙칙한 피부에는 로제, 노란 톤에는 연보랏빛 오키드, 잡티가 많다면 복숭앗빛 피치 컬러를 추천한다.', ' Step 2 브러시 도구를 활용커버력이 높고 매트한 파운데이션은 브러시와의 케미를 잘 살려 바르는 게 포인트다. 무엇보다 텁텁함을 줄이려면 먼저 파운데이션을 손등에 덜어낸 뒤 브러시를 세워 소량만 묻힌 다음 브러시 단면에 내용물이 골고루 묻도록 양 조절을 한다. 바르는 방법도 중요한데, 얼굴 전체를 커버하듯 많이 바르지 말 것! 브러시는 눕히지 말고 세워서 커버가 필요한 부위 위주로 두드리듯 바르고 남은 양으로 얼굴 안쪽부터 외곽으로 퍼트리듯 발라준다.', '', '샤넬 르 블랑 코렉팅 브라이트닝 메이크업 베이스 오키드 7만3천원. ', '', '샤넬 울트라 르 뗑 파운데이션 7만6천원.', '', '샤넬 레 뺑소 드 샤넬 2-IN-1 파운데이션 브러쉬 플루이드 앤 파우더 8만4천원.', 'editor 정유진 photo by 최성욱 assistant 김효정, 김하늘 web design 조예슬', '<!--@ServiceURL:http://cosmopolitan.joins.com/article/RetArticleView.asp?strArtclCd=A000011013&strFCateCd=ABAC-->']]|BEAUTY|0|0
여름 스타일을 책임질 펜던트 목걸이|http://v.media.daum.net/v/20190627104908123|2019.06.27|http://v.media.daum.net/v/20190627104908123?f=o|[[], ['그 어느 때보다 알록달록하고 화려해진 서머 액세서리의 세계! 런웨이는 물론 스트리트 위의 옷 잘 입는 그녀들의 파파라치 컷에서 올여름 액세서리 트렌드를 점쳐볼 것.', '', '벨라 하디드의 90년대 패션을 더욱 돋보이게 하는 코인 펜던트 목걸이의 힘이란! ', 'All Eyes on Me치렁치렁한 주얼리는 싫지만 밋밋한 옷차림에 한 가지 확실한 포인트를 줘 시선을 집중시키고 싶다면 펜던트 목걸이가 정답이다. 작년부터 많은 패션 피플이 활용하는 동전 펜던트부터 사랑스러운 하트, 유색 주얼리가 박힌 별 모양 펜던트 등 그 어느 때보다 다양해진 펜던트 디자인이 그날 당신의 스타일링을 책임질 테니 말이다.', '', '1 6만원 더고보. 2 6만3천원 모어쥬드. 3 8만9천원 러브미몬스터.', '', '1 25만원 뚜아후아. 2 31만8천원 스톤헨지. 3 33만원 젬앤페블스.', '', '1 27만9천원 로제도르. 2 4만4천원 헤이 쥬얼리. 3 81만원 골든듀. 4 39만8천원 에스실.', 'freelance editor 노경언 photo by 최성욱(제품), IMAXtree.com(백스테이지, 스트리트), Getty Images(하디드) web Design 조예슬', '<!--@ServiceURL:http://cosmopolitan.joins.com/article/RetArticleView.asp?strArtclCd=A000010917&strFCateCd=AAAC-->']]|FASHION|0|0
볼드 링이 대세!|http://v.media.daum.net/v/20190529093147439|2019.05.29|http://v.media.daum.net/v/20190529093147439?f=o|[[], ['그 어느 때보다 알록달록하고 화려해진 서머 액세서리의 세계! 런웨이는 물론 스트리트 위의 옷 잘 입는 그녀들의 파파라치 컷에서 올여름 액세서리 트렌드를 점쳐볼 것.', '', '매끈한 가죽 미니스커트와 볼드 링의 훌륭한 조화.   The Bold World ', '얇고 가느다란 반지는 잠시 넣어두고 큼직한 볼드 링에 눈을 돌려라. 알렉산더 왕, 지방시 등 이미 수많은 패션 하우스에서 한 손가락도 모자라 여러 손가락에 볼드 링을 주르르 착용한 파워풀한 스타일링을 선보였으니까! 조금씩 다른 디자인에 펜던트 크기가 다양한 반지를 활용한다면 더욱 멋스럽다.', '', '', '가격미정 디올.', '', '15만원 뚜아후아.', '', '1백만원대 골든듀.', '', '26만8천원 에스실.', '', '24만1천원 드와떼.', '', '35만9천원 로제도르.', '', '62만원 루이 비통.', 'freelance editor 노경언 photo by 최성욱(제품), IMAXtree.com(백스테이지, 스트리트), Getty Images(하디드) web Design 조예슬', '<!--@ServiceURL:http://cosmopolitan.joins.com/article/RetArticleView.asp?strArtclCd=A000010800&strFCateCd=AAAC-->']]|FASHION|0|0
내 얼굴색에 착붙 파데!|http://v.media.daum.net/v/20190502134811803|2019.05.02|http://v.media.daum.net/v/20190502134811803?f=o|[[], ['커버력 못지않게 파데 선택의 중요한 기준이 된 ‘컬러’. 21호와 23호만 있던 예전과 달리 요즘에는 컬러가 천차만별로 구성됐는데, 그 차이점은 무엇일까?', '', '', '헤라 블랙 파운데이션 6만원국내 브랜드 역시 파운데이션의 트렌드 키워드인 ‘톤’에 집중해 13·21·23호로 나뉘던 단조로운 셰이드 대신 13호와 21호 사이에 17호를 추가하고, 21호와 23호는 로제, 핑크, 바닐라 등 미묘한 색의 차이를 둬 선택의 폭을 넓혔다. 해외 브랜드와 달리 어떤 컬러를 발라도 아시아 여성의 피부색에 착 붙는 건 헤라만의 장점.', '', '메이크업 포에버 UHD 파운데이션 6만원대옐로 기가 적고 전반적으로 화사한 톤의 14개 셰이드로 구성된다. 핑크 베이스는 R, 옐로 베이스는 Y로 구분했다. 밝은 아이보리 컬러부터 반 톤 베이지, 내추럴 핑크 등은 여성들의 최대 고민인 홍조기와 얼룩덜룩한 피부 톤을 부담스럽지 않은 적당히 밝은 톤으로 예쁘게 보정해준다.', '', '에스티 로더 더블 웨어 파운데이션 6만9천원화장 전의 피부 밝기를 5단계로 세분화한 뒤 핑크 톤에 속하는 쿨 톤과 중간 톤의 뉴트럴, 옐로 기가 도는 웜 톤으로 크게 나눈 카테고리 안에서 미묘하게 다른 25가지 컬러를 만들었다. 홍조가 있는 쿨 톤 피부라면 1C1 쿨본을, 노란 기가 도는 까무잡잡 피부 소유자라면 중간 밝기의 2W0 웜바닐라를 강추!', '', '디올 백스테이지 페이스 & 바디 파운데이션 6만원6가지의 베이스 톤과 10가지로 세분화된 커버 단계를 포함해 총 21개의 컬러를 선보인다. 기존 셰이드에 없었던 CR에 속하는 ‘Cool Rosy’ 톤을 추가해 모든 셰이드가 노란 기 없이 자연스러우면서도 화사해 보이는 데 주력했다. 평소 밝은 21호를 선호하면 1 Cool Rosy나 0.5N을,  자연스러운 21호는 1.5N 컬러가 잘 맞는다.', 'editor 정유진 photo Getty Images, 뉴스엔(셀렙), IMAXtree.com(백스테이지) 최성욱(제품) assistant 김효정, 김하늘 web Design 조예슬', '<!--@ServiceURL:http://cosmopolitan.joins.com/article/RetArticleView.asp?strArtclCd=A000010676&strFCateCd=ABAE-->']]|BEAUTY|0|0
블러셔 완벽 가이드 #3 햇살에 상기된 인디언 치크|http://v.media.daum.net/v/20190429094201652|2019.04.29|http://v.media.daum.net/v/20190429094201652?f=o|[[], ['블러셔 천재도 알못도 모두 주목! 볼 한가운데를 중심으로 펴 바르는 것이 정석이었던 블러셔의 사용법이 점차 진화하는 중. 텍스처가 다양해지는 것은 물론 바르는 영역까지 확대됐다. 지금 알아둬야 할 블러셔 완벽 가이드!', '', '햇살에 상기된 인디언 치크한때 눈 밑을 붉게 물들이던 숙취 메이크업이 유행이었다면 지금은 볼 중앙부터 콧등까지 블러셔를 펴 바르는 것이 유행. 자연 홍조처럼 상기된 느낌을 연출하고, 얼굴을 귀엽고 어려 보이게 만드는 효과가 제대로다. 바캉스에서 막 돌아온 소녀의 얼굴처럼 햇볕에 그을린 듯한 치크는 이번 백스테이지를 점령하기도 했다는 사실. 방법은 간단하다. 오렌지 계열의 블러셔로 볼과 콧등 가운데를 왔다 갔다 하면서 불규칙하게 물들이는 것이 포인트다.', '', '투쿨포스쿨 아트클래스 바이로댕 블러셔 드 로제 1만7천원.', '', '', '3CE 프로 멀티 블러시 컬러 팔레트 5만9천원. ', '  ARTIST’S TIP  “자칫 과해 보일 수 있으니 콧등 위에 바르는 블러셔의 양 조절이 관건! 스펀지에 크림 타입의 블러셔를 묻힌 뒤 볼 중앙을 중심으로 넓게 두드려주세요. 이때 양 볼에 바르고 남은 스펀지의 잔여물로 콧등 위를 그러데이션해줍니다. 블러셔를 콧등에 바를 때는 손가락 마디보다 더 짧게 터치해야 콧대가 뭉툭해 보이지 않는다는 점도 꼭 기억하세요.” -메이크업 아티스트 이아영', '', '', '입생로랑 베이비 돌 키스&블러쉬 4 오랑쥬 푸죠 5만5천원대.', '쇼핑 꿀팁 촉촉한 크림 타입의 살구 혹은 피치 블러셔를 추천한다. 발색이 수채화처럼 자연스럽고 피부 톤과 쉽게 어우러져 본연의 피부에서 뿜어져 나오는 듯한 홍조가 쉽게 연출된다.찰떡 메이트는? 깔맞춤 아이섀도! 블러셔와 비슷한 계열의 피치·코럴색 아이섀도로 눈두덩을 넓게 물들이면 부드러운 웜 톤 메이크업의 끝판왕을 연출할 수 있다.오 마이 갓! 어두운 피부 톤은 오히려 얼굴이 칙칙하거나 얼룩덜룩해 보일 수 있으니 주의할 것.', '', '나스 리퀴드 블러쉬 섹스어필 4만원.', '에디터 송가혜 포토 최문혁(인물), 이주혁(제품), IMAXtree.com(백스테이지) 모델 한성민 메이크업 김부성 헤어 조미연 어시스턴트 김효정, 김하늘 디자인 조예슬', '<!--@ServiceURL:http://cosmopolitan.joins.com/article/RetArticleView.asp?strArtclCd=A000010645&strFCateCd=ABAC-->']]|BEAUTY|0|0
바네사 허진스와 니나 도브레브, 동갑의 걸파워|http://v.media.daum.net/v/20190125100254107|2019.01.25|http://v.media.daum.net/v/20190125100254107?f=o|[['톱, 미니스커트 모두 이로 파리. 귀고리 레이디 그레이.본명 바네사 앤 허진스내가 가장 공감하는 디즈니 공주는 포카혼타스.왜냐하면 그녀는 똑똑하고 강하고 모험적이며, 자연과 가깝게 지내니까. 또 아름답고 키 큰 금발 머리 남자와 사랑에 빠졌으니까.내가 받았던 최고의 선물은 <네 가지 약속>이라는 책. 왜냐하면 그 책이 내 인생을 바꿨으니까. 그 선물을 준 사람은 나와 함께 일했던 메이크업 아티스트.내 20대를 한 단어 혹은 문구로 요약한다면 존× 멋져.내가 30대에 이루고 싶은 한 가지 결혼하고 아이를 가지는 것.'], ['니나 도브레브와 바네사 허진스, 이 두 사람에겐 몇 가지 공통점이 있다. 이제 곧 30살이 된다는 것, 인스타그램에 사진 하나만 올려도 큰 반향을 일으킨다는 것, 아이돌의 이미지를 벗어던졌다는 것. 여기에 하나가 더 추가될 것이다. 바로 복잡하고 화려한 여성의 삶이 펼쳐지게 되리라는 거다. 그 시작은 곧 개봉할 코미디 영화 <도그 데이즈>다.', '', '(니나)톱 레베카밍코프. 귀고리 제인 드아렌스버그. ', '(바네사)톱 이로 파리. 귀고리 레이디 그레이. 반지 조아나 로라 콘스탄틴.', '어쩌면 이 둘은 절친이 될 운명이었는지도 모른다. 니나 도브레브와 바네사 허진스가 서로를 몰랐던 시절로 거슬러 올라가보면 더욱 확신을 하게 된다. 두 사람 모두 영화배우로 거듭나게 한 작품에서 만난 상대 배우와 열애설이 난 적 있다. 니나 도브레브는 <뱀파이어 다이어리>에서 이안 소머헐더를, 바네사 허진스는 <하이스쿨 뮤지컬>에서 잭 에프론을 만났다. 사람들은 그들이 세상 모든 것을 다 가졌다고 생각했다. 인기는 물론 연애까지 모두 갖춘 것처럼 보였다. 그러나 이는 오래가지 못했다. 이들의 인기 작품은 새롭게 개봉하는 영화에 밀렸고, 섹시한 남자들은 이제 전 남친이 됐으니 말이다. 두 배우는 오랫동안 고수한 긴 머리를 자르고 인생의 다음 챕터를 준비했다. 바네사는 영화 <스프링 브레이커스>를 통해 파티 퀸으로 범죄를 일삼는 파격적인 캐릭터를 택했고, 니나는 이제 시작될 CBS 시트콤 <팸>에서 어떤 계기를 통해 개과천선하는 인물로 변신해 코미디 연기를 선보일 예정이다. 이들이 고군분투하는 동안 할리우드는 변화하고 있는 중이다. 여성이 이끄는 작품이 눈에 띄게 많아진 것이다. 절친인 이 두 사람이 다시 조명받기에는 더할 나위 없이 좋은 타이밍이다.', '이 둘의 최대 관심사 역시 할리우드에 부는 걸 파워였다. 특히 이들은 연애 얘기보다는 여자들의 유대감에 대한 이야기를 더 나누고 싶어 했다. 바네사는 “동성 친구들과 보내는 시간 중 가장 좋아하는 게 친구들 모두를 집으로 초대하는 거예요. 수영장 풀 베드에 누워 로제 와인을 마시며 음악을 듣고 춤을 추는 거죠”라고 말했다. 그녀의 최근 플레이리스트에는 라디오헤드의 곡으로 가득 채워져 있다. 여행을 갈 때면 그녀는 인스타그램으로 친구들과 메시지를 주고받는다. “우린 댓글을 남기거나 DM으로 서로의 안부를 묻곤 해요.”', '', '드레스 크리스찬 시리아노. 귀고리 제인 드아렌스버그. 반지 아디나 라이어. 슈즈 소피아 웹스터. ', '니나는 유난히 힘들었던 이별을 경험한 후, 동성 친구들과의 우정을 새삼 확인했다고 했다. 그녀의 친구들이 큼지막한 종이에 전 남친의 장단점을 적으라고 한 것. 그러고 나서 장점 리스트를 모두 찢어버리고, 단점 리스트를 적은 종이를 그녀의 침실 벽면에 붙였다. “이별 직후에는 아침과 밤이 가장 힘들어요. 혼자 잠들고, 혼자 아침에 눈을 떠야 하니까요. 마음이 약해져 그에게 문자를 보내거나 전화를 걸 수도 있을 만큼요. 이성적으로 안 된다는 걸 알면서도 감정에 휩쓸리면 그럴 수 있어요. 저도 하마터면 그럴 뻔했죠. 그런데 전 남친의 단점 리스트를 적은 종이 덕에 왜 그 사람이 궁극적으로 내 반쪽이 될 수 없었는지 매일같이 깨달을 수 있었죠.”', '니나와 바네사는 악명 높을 정도로 성차별이 흔하게 행해지는 분야에서 일하며 겪은 일을 솔직하게 말했다. #MeToo를 직접 겪은 적이 있냐는 질문에 니나는 “다른 업계에서 일하는 모든 여성과 저도 다르지 않아요. 사람들은 종종 성적으로 부적절한 말을 했고, 제 귀에도 들렸어요. 대부분은 스스로 해결하고, 제 의견을 강하게 말하며 극복했어요. 하지만 간접적으로 그와 같은 상황에 놓인, 안타까운 경우는 많이 봤어요”라고 말했다. 바네사 역시 이 말에 크게 고개를 끄덕였다. “다행히 저는 직접적으로 언쟁한 적은 없어요. 하지만 그런 상황을 본 적은 많아요. 요즘처럼 여자들의 의견이 수용되는 시대에 우리가 살고 있다는 것을 감사하게 생각해요.” 그들은 비록 부당한 일을 자주 목격했지만, 그렇다고 이 일을 그만둘 생각은 없다. 니나는 그레타 거윅, 리 다니엘스 같은 감독들과 일하고 싶고, 오드리 헵번의 전기 영화에 출연해 그녀를 연기하고 싶은 꿈이 있기 때문이다. 바네사 역시 다채로운 커리어를 더 쌓고 싶은 욕심이 있다. “셰익스피어와 테네시 윌리엄스의 작품을 꼭 하고 싶어요. 타란티노·스필버그·스코세이지 감독과도 일하고 싶고요.” 꾸밈없고 솔직한 이 여배우들이 드러내고 싶어 하지 않는 것이 있다면, 그것은 바로 자신들의 연애, 섹스 라이프다. 두 사람은 SNS에서 공유하는 정보에 신중하다. 어쩌면 당연한지 모른다. 이 두 사람의 인스타그램 팔로어 수를 합치면 4천3백만 명 이상으로, 캐나다 인구보다 많기 때문이다. 니나는 연인과 찍은 사진을 인스타그램에 올리지 않는다. “이게 참 웃긴데, 제가 어떤 남자와 찍은 사진을 올리면 미디어에서 그걸 포착하고 제가 그와 사귄다고 추측하거든요. 그런 상황이 되면 웃음이 나요. 사실 한 남자가 제 인스타그램에 보인다고 해서 제가 그와 사귄다는 의미는 아니니까요.” 반면에 바네사는 오래 사귄 남자 친구인 배우 오스틴 버틀러와의 관계를 좀 더 공개적으로 드러내는 편이다. 오스틴은 그녀의 SNS 피드에 자주 등장한다. 재미있는 댓글, 풍성한 하트 이모티콘과 함께 말이다.', '', '', '', '드레스 헤이니. 귀고리 제니 버드.', '사람들 앞에 나서는 게 일인 그들은 서로 다른 방법으로 자기 관리를 하고 있다. 바네사는 요가를 즐긴다. “명상을 즐기는 편이에요. 명상하면서 스트레스가 많이 줄었거든요. 어떤 사안에 대해 부정적인 시각을 갖게 된다면, 긍정적으로 돌리는 것도 가능해요.” 열심히 놀고, 열심히 일하기 위해 니나는 스스로를 궁지에 몬다. 이를테면 스카이다이빙을 하거나 상어와 수영을 하거나 번지점프를 하는 것처럼 말이다. 이 중 극한으로 공포스러웠던 건 관객들 눈앞에서 연기를 한 것이다. “평소에 무서워했던 걸 해보는 게 좋아요. ‘처음’이라는 것에 약간 중독된 건지도 몰라요. 어떤 일을 한 번도 해본 적이 없으면, 예측할 수가 없잖아요. 미지의 것에 대한 두려움인데, 그게 저를 아주 긴장시키죠.”', '같은 상황에서도 이들은 각자의 방법으로  다르게 대처한다. 이는 할리우드가 왜 이 두 배우를 지켜봐야 하는지를 정확하게 설명한다. 공통점이 많은 만큼, 다른 점도 많은 니나와 바네사는 이제 막 출발점에 서 있는 것과 다름없다. 우리는 아직 매력적인 이 두 배우를 잘 안다고 할 수 없기 때문이다. ', '', '톱 빅토리아 시크릿. 데님 팬츠 마더. 귀고리 룰루 프로스트. 반지 아디나 라이어. 슈즈 말론 슐저.', '본명 니나 도브레브내가 가장 공감하는 디즈니 공주는 <겨울왕국>의 엘사왜냐하면 나는 도움이 필요한 여자가 아니니까. 난 나 자신을 보호할 수 있는 여자다. 왕자의 도움에 기대어 보호받지 않는다.내가 출연하는 새 시트콤 <팸>에 대해 당신에게 알려줄 수 있는 한 가지 정말 재미있다. *별로 재미없는 사실 한 가지: 촬영할 때, 나에게 알레르기 반응이 생겨 결국 병원에 실려갔다. 억!21세의 나 자신에게 해주고 싶은 말 성공할 수 있는 기회가 올 거야, 스트레스 받지 마.사랑에 대해 위와 동일.처음에 섹스를 어떻게 배웠는지에 대해 영화(그리고 동물 다큐멘터리).내 20대를 한 단어 혹은 문구로 요약한다면 가장 놀랍고, 즉흥적이고, 교육적이고, 힘들었던 롤러코스터.', '', '글 Molly Young 포토 Ben Watts 디자인 조예슬', '<!--@ServiceURL:http://cosmopolitan.joins.com/article/RetArticleView.asp?strArtclCd=A000010264&strFCateCd=ACAA-->']]|CELEBS|0|0
워치 아웃, 스틸 워치! #2|http://v.media.daum.net/v/20190114134118795|2019.01.14|http://v.media.daum.net/v/20190114134118795?f=o|[[], ['야심 찬 다짐과 함께 시작하는 새로운 한 해. 팔목에 쿨한 에지를 더해줄 스틸 워치를 구입할 최적의 시기다!', '', 'SQUARE POINT 커리어 룩에 포인트로 활용할 시계를 찾고 있다면 네모반듯한 형태를 선택해볼 것. 주중엔 테일러드 코트에, 주말에는 오버사이즈 데님 재킷에 더하면 제격! 데님 재킷 46만5천원 MSGM by hanstyle.com. 귀고리 3만8천원 마마카사르. 뱅글 13만원 캘빈클라인 워치 앤 주얼리. 반지 (위부터)9만원 캘빈클라인 워치 앤 주얼리. 27만9천원 로제도르. 시계 98만원 엠포리오 아르마니 by 파슬. ', '', 'SPARKLE LOVE베이식한 스틸 워치를 이미 가지고 있다면 스트랩에 크리스털 포인트를 더한 색다른 스타일로 눈을 돌려보자. 화려한 팔찌처럼 포인트를 더해주니 활용도 면에서도 만점이다. 점프슈트 57만9천원 산드로. 팔찌 3만8천원 마마카사르. 시계 40만원 캘빈클라인 워치 앤 주얼리. 반지 (위부터)7만9천원 엠주. 9만원 캘빈클라인 워치 앤 주얼리. 27만9천원 로제도르. ', '', 'MANNISH TOUCH남자 친구의 시계를 찬 듯 매니시한 룩을 연출해주는 오버사이즈 워치. 시계 하나만으로도 멋지지만 겨울엔 반지를 마구 레이어링하면 손끝까지 포인트를 줄 수 있다. 셔츠 24만8천원 쟈니헤잇재즈. 데님 팬츠 75만원 모스키노. 시계 42만원 티쏘. 팔찌 38만8천원 스톤헨지. 반지 (왼쪽부터)32만9천원, 27만9천원, 33만9천원, 13만9천원 모두 로제도르. ', '프리랜스 에디터 전선영 사진 박용빈 모델 서유진 헤어&메이크업 장해인', '<!--@ServiceURL:http://cosmopolitan.joins.com/article/RetArticleView.asp?strArtclCd=A000010201&strFCateCd=AAAB-->']]|FASHION|0|0
진주의 변신은 이 정도면 유죄?! #2|http://v.media.daum.net/v/20181226152605833|2018.12.26|http://v.media.daum.net/v/20181226152605833?f=o|[[], ['얀 페르메이르가 그린 소녀의 초상처럼 늘 똑같은 진주 귀고리만 할 순 없다. 너무 진지하고 우아하며 엄숙했던 진주 주얼리가 더 쾌활해지고 자유로워졌으니 지금이 진주를 걸치기에 적기!', '', 'Earring 골드, 크리스털, 체인 등의 장식을 더한 진주 귀고리의 인기가 뜨겁다. 모양 역시 귀에 딱 달라붙는 디자인에서 벗어나 움직일 때마다 살랑살랑 흔들리는 것부터 커다란 진주 볼이 달려 있고 피어싱처럼 착용할 수 있는 귀고리, 그리고 귓바퀴에 꽂을 수 있는 클립 형태의 이어 커프 등으로 보다 다채로워졌다.', '', '1 1만7천원 H&M.  2 27만원대 힐리에 바틀리 by 네타포르테.  3 8만7천원 비베 for 하고.  4 10만8천원 두컨셉.  5 1백80만원 구찌 타임피스 앤 주얼리.  6 17만8천원 에스실.  7 가격미정 발렌티노 가라바니.  8 가격미정 디올.', '', '구찌의 반지와 핸드백을 함께 착용한 모습. 스타일에도 통일감이 생겼다.', 'Ring섬섬옥수에도 진주 주얼리가 빠질 수 없다. 샤넬과 구찌, 디올 등의 패션 하우스는 작은 진주가 올망졸망 달린 진주 반지를 대거 선보였는데, 마치 바로크 시대의 장신구를 보듯 섬세하면서도 화려한 것이 특징이다. 매일 착용하기 좋은 디자인을 찾는다면 판도라나 아가타, 로제도르 같은 브랜드를 눈여겨볼 것. 가격도 합리적이다.  ', '', '1 27만9천원 로제도르.  2 13만9천원 커드.  3 15만8천원 아가타.  4 5만9천원 러빈볼.  5 8만9천원 엠주.', '에디터 강민지 사진 최성욱(제품), IMAXtree.com(컬렉션), Getty Images(스트리트) 디자인 이세미', '<!--@ServiceURL:http://cosmopolitan.joins.com/article/RetArticleView.asp?strArtclCd=A000010139&strFCateCd=AAAC-->']]|FASHION|0|0
휘게의 도시, 시애틀|http://v.media.daum.net/v/20180907091927866|2018.09.07|http://v.media.daum.net/v/20180907091927866?f=o|[['시애틀은 스타벅스의 도시일까? 아니다. 시애틀은 커피의 도시다. 동네 어느 카페를 가도 기대 이상의 맛을 즐길 수 있다. 가게마다 개성이 넘치니 골라 마시는 재미까지 있다. 파이크 플레이스 마켓에 있는 스타벅스 1호점은 시애틀의 관광 코스지만, 그것만으로 시애틀 커피의 맛을 모두 안다고 하기엔 부족하다. 시애틀 커피를 골고루 맛보고 싶다면 를 추천한다. 가이드와 함께 로컬 카페 세 곳 정도를 찾아 설명을 들으며 시음해볼 수 있다. 원두를 직접 볶는 카페 아파시오나토, 현지인들에게 입소문 난 카페 다르트, 3대째 카페를 운영하며 역사를 잇고 있는 카페 움브리아 등 스토리텔링이 풍부한 곳을 선별해 소개한다.바다로 둘러싸인 데다 비옥한 땅까지 갖추고 있는 시애틀은 해산물을 비롯한 신선한 식재료가 넘쳐난다. 시애틀에서는 톰 더글러스, 이선 스토웰, 케빈 데비스 등 유명 셰프들의 음식을 어렵지 않게 맛볼 수 있다. 그러나 끼니마다 스타 셰프의 레스토랑을 찾는 게 부담스럽다면, 를 이용해보는 건 어떨까? 푸드 투어의 상징인 핑크 우산을 든 가이드와 함께 2시간 동안 6개 레스토랑을 다니며 애피타이저부터 디저트까지 풀코스로 맛볼 수 있다. 식재료의 상태에 따라 그날의 메뉴를 준비하는 오르페오, 건강한 화덕 피자의 맛이 일품인 시리어스 파이, 클램 차우더의 정수를 맛볼 수 있는 스틸헤드 다이너, 한식 퓨전 레스토랑 챈, 시애틀에서 가장 다양한 술을 갖추고 있는 본스 구스토비스트로, 오바마 전 대통령이 사랑한 프란 초콜릿까지 완벽하다.도심을 벗어나 시애틀 스카이라인을 감상할 수 있는 방법도 있다. 크루즈 선박을 타고 시애틀만과 호수의 아름다운 풍경을 보며 인근에 있는 블레이크 아일랜드 주립 공원으로 이동하는 것. 아르고시 크루즈의 을 이용하면, 노스웨스턴 스타일의 점심 식사를 하며 북미 원주민의 공연을 감상할 수 있다. 특히 직화로 구운 연어 맛이 일품이다.  ', '', '', '5 제인&와일리 시애틀 스테이크 하우스의 촉촉하고 고소한 고기. 6 신선한 홍합이 들어간 스튜.7 유명 뮤지션들이 머문 더 에지워터 호텔 로비.  완벽한 저녁을 만드는 레스토랑 분위기 좋은 레스토랑에서 맛있는 식사를 하는 것은 여행자들의 ‘머스트두’ 리스트 1순위다. 시애틀의 좋은 식재료로 얼마나 맛있는 음식이 탄생할 수 있는지를 몸소 보여주는 레스토랑은 감각적인 인테리어, 멋진 풍경과 어우러져 감탄사가 절로 나온다. 비틀스, 레드 제플린 등 록 스타들이 묵었던 은 바다를 바로 앞에 두고 있다. 이곳에서 더 유명한 건 호텔 1층에 있는 식스세븐 레스토랑이다. 특히 일몰 풍경이 아름다워 평일 저녁에도 사람들로 붐빈다. 시애틀 땅에서 자란 싱싱한 식재료로 만든 샐러드, 풍요로운 바다에서 낚은 대구와 연어 등 각종 해산물, 제철 과일까지 어느 것 하나 빠지는 게 없어 관광객들보다 현지인들이 더 사랑하는 곳이다.시애틀 도심에 위치한 는 스타 셰프 톰 더글러스가 오픈한 첫 번째 레스토랑이다. 그의 부인이 직접 운영하는 근교의 농장에서 식재료를 공수하고 있다. 레스토랑 직원의 자부심이 엄청난데, 근거는 분명하다. 주문한 요리가 하나씩 테이블을 채울 때마다 접시가 금세 비어지니 말이다. 특히 신선한 굴은 먹자마자 입속에 바다를 넣은 것처럼 향긋해 “음~”이라는 감탄사가 절로 나온다.이곳에서 꼭 먹어야 하는 건 제철 재료로 만든 메인 요리 말고도 더 있다. 지역 신문인 <시애틀 타임스>에 소개된 코코넛 크림 파이다. 이곳의 시그너처 파이로 코코넛과 크림의 조합이 일품이다. 얼핏 느끼할 것 같지만, 고소한 맛이 난다. 너무 달지도 않아 끝도 없이 먹게 된다. 시애틀에 4개의 레스토랑을 보유한 케빈&테레사 데이비스가 지난봄에 오픈한 제인&와일리 시애틀 스테이크 하우스 역시 추천 코스. 육즙이 풍부한 질 좋은 고기를 맛볼 수 있고 감각적인 인테리어가 완벽한 저녁을 만드는 데 일조한다.  시애틀을 한눈에 보고 싶다면! \n가장 높은 곳에서 보는 도시의 풍경이 환상적이다!', '5 제인&와일리 시애틀 스테이크 하우스의 촉촉하고 고소한 고기. 6 신선한 홍합이 들어간 스튜.7 유명 뮤지션들이 머문 더 에지워터 호텔 로비.  완벽한 저녁을 만드는 레스토랑 분위기 좋은 레스토랑에서 맛있는 식사를 하는 것은 여행자들의 ‘머스트두’ 리스트 1순위다. 시애틀의 좋은 식재료로 얼마나 맛있는 음식이 탄생할 수 있는지를 몸소 보여주는 레스토랑은 감각적인 인테리어, 멋진 풍경과 어우러져 감탄사가 절로 나온다. 비틀스, 레드 제플린 등 록 스타들이 묵었던 은 바다를 바로 앞에 두고 있다. 이곳에서 더 유명한 건 호텔 1층에 있는 식스세븐 레스토랑이다. 특히 일몰 풍경이 아름다워 평일 저녁에도 사람들로 붐빈다. 시애틀 땅에서 자란 싱싱한 식재료로 만든 샐러드, 풍요로운 바다에서 낚은 대구와 연어 등 각종 해산물, 제철 과일까지 어느 것 하나 빠지는 게 없어 관광객들보다 현지인들이 더 사랑하는 곳이다.시애틀 도심에 위치한 는 스타 셰프 톰 더글러스가 오픈한 첫 번째 레스토랑이다. 그의 부인이 직접 운영하는 근교의 농장에서 식재료를 공수하고 있다. 레스토랑 직원의 자부심이 엄청난데, 근거는 분명하다. 주문한 요리가 하나씩 테이블을 채울 때마다 접시가 금세 비어지니 말이다. 특히 신선한 굴은 먹자마자 입속에 바다를 넣은 것처럼 향긋해 “음~”이라는 감탄사가 절로 나온다.이곳에서 꼭 먹어야 하는 건 제철 재료로 만든 메인 요리 말고도 더 있다. 지역 신문인 <시애틀 타임스>에 소개된 코코넛 크림 파이다. 이곳의 시그너처 파이로 코코넛과 크림의 조합이 일품이다. 얼핏 느끼할 것 같지만, 고소한 맛이 난다. 너무 달지도 않아 끝도 없이 먹게 된다. 시애틀에 4개의 레스토랑을 보유한 케빈&테레사 데이비스가 지난봄에 오픈한 제인&와일리 시애틀 스테이크 하우스 역시 추천 코스. 육즙이 풍부한 질 좋은 고기를 맛볼 수 있고 감각적인 인테리어가 완벽한 저녁을 만드는 데 일조한다.  시애틀을 한눈에 보고 싶다면! '], ['눈부시게 맑은 날씨, 여유롭고 친절한 사람들, 신선한 재료로 만든 맛있는 음식. 시애틀은 소박하고 여유로운 삶이 특별하지 않고 일상적인 도시다. 먹고, 마시고, 즐기다 보면 어느새 확실한 행복을 느낄 수 있으니 미국 내 휘게의 도시로 꼽힐만 하다. 짧은 여행보다는 오래 머물고 싶은 시애틀에서 보낸 아름다운 시간.', '', '1 맛있는 와인을 다양하게 맛볼 수 있는 엘솜 셀라.', '2 자유분방한 분위기를 만끽할 수 있는 캐피톨 힐의 풍경.', '시애틀은 부유한 대도시의 풍경과 소박한 소도시의 풍경을 두루 갖추고 있다. 그래서 ‘소확행’을 추구하며 라이프스타일에 변화를 주고 싶은 사람들에게 터닝 포인트로 삼기 좋은 도시다. 스타벅스, 아마존, 마이크로소프트 등 글로벌 기업의 본거지이면서도, 100년이 넘은 재래시장, 로컬 브랜드, 작은 서점 등이 공존한다. 도시는 숨 가쁘게 돌아가는 듯하지만 사실은 그 나름의 페이스를 잃지 않고 움직인다. 미국 내에서도 북유럽의 감성을 느낄 수 있는 이곳이 휘게의 도시로 꼽힌 건 우연이 아니다. 지난 5월에 오픈해 1만2천 년의 북유럽 역사를 한눈에 볼 수 있는 노르딕 박물관의 홍보를 담당하는 장 콜브리스에 따르면 시애틀 발라드 지역에 거주하는 사람들 중 50%는 노르웨이, 핀란드, 스웨덴, 아이슬란드, 덴마크에서 넘어온 이민자들이다. “어업이 발달한 북유럽 국가들과 시애틀은 유사점이 많았죠. 특히 1880년대부터 1920년대까지 종교적인 갈등 때문에 핍박을 받던 북유럽 사람들이 시애틀로 많이 쫓겨왔어요.” 다른 곳보다 다채로운 콘텐츠를 가지고 있는 시애틀은 모든 것이 풍요롭기에 여행자가 누릴 수 있는 것도 많다. 북유럽의 여유로움, 미국의 자유분방함을 두루 갖추고 있는 시애틀에서 머문 시간 속으로 떠나보자. ', ' 시애틀 사람들이 사는 법 도시의 풍경보다 여행자의 호기심을 자극하는 것은 바로 사람들의 표정이다. 이토록 풍족한 도시에서 사람들은 어떻게 살고 있을까? 결론부터 말하자면 시애틀 사람들은 대기업에 다니지 않아도 행복하며, 자신의 삶에 대한 자부심이 대단하다. 오롯이 자신의 인생을 살아가는 사람에게서만 볼 수 있는 표정이다. 도심에서도 와인 테스트를 할 수 있는 와이너리인 의 주인장이자 와인 메이커인 조디 엘솜이 대표적이다. 그녀는 흔치 않은 여성 와인 메이커로서 포도 수확과 관리, 숙성 등을 총괄하고 있다. 그녀가 만든 와인은 이곳에서만 맛볼 수 있다. “말벡, 로제 와인 등 다양한 와인을 만들고 있어요. 시애틀 어느 곳에서나 쉽게 맛볼 수 있는 와인이 아닌, 사람들이 우리 와인을 마시기 위해 직접 찾아올 수 있도록 하는 게 저희의 목표예요.” 그녀는 원래 평범한 직장인이었지만 와인을 마시며 사람들과 만나 대화를 나누는 시간이 좋아 본격적으로 와인을 공부해 4~5가지 와인을 그 자리에서 단돈 10달러에 맛볼 수 있는 와이너리를 오픈했다.시애틀의 홍대라 부를 수 있는 캐피톨 힐에서는 무지개 깃발을 흔히 볼 수 있다. 어떤 문화든 받아들일 준비가 돼 있다는 뜻이다. 시애틀 내에도 다채로운 복합문화 공간과 코워킹 스페이스가 늘어나고 있는데 이 대표적이다. 24시간 내내 오픈돼 있고 한 달에 330달러를 내면 아무 때나 사용할 수 있다. 시애틀에서 오랫동안 머물러도 괜찮은 이유다. 사람들은 각자 다른 목적으로 이곳을 찾지만 공간이 주는 특수성 덕에 쉽게 낯선 사람들과 이야기를 나누며 가까워진다. 소형 세미나, 칵테일파티, 바자회 등이 수시로 열리기 때문이다. 실제로 이곳에서 주기적으로 워크숍을 진행하는 스타일리스트와 라이프 코치는 낯선 이들의 등장에도 활짝 웃으며 맞이한다. 경계보다는 환대로 이방인을 맞는 시애틀 사람들의 미덕을 한껏 느낄 수 있다.', '', '3 개스 웍스 공원에서 바라본 아름다운 풍경. 4 세이버 시애틀 푸드 투어의 상징인 핑크색 우산을 든 가이드.', ' 어서 와~ 시애틀은 처음이지? 투어 프로그램 ', '', '', '스페이스 니들 시애틀의 랜드마크라고 할 수 있는 스페이스 니들은 1962년 세계 박람회를 기념해 만든 건물이다. 지난해 레노베이션을 마쳐, 전망대 전체가 유리창으로 돼 있다. 360도 전망으로 다채로운 경치를 감상할 수 있다.', '', '컬럼비아 센터 스카이뷰 전망대73층 높이로, 탁 트인 전망을 자랑한다. 운이 좋으면 레이니어 국립공원의 만년설도 볼 수 있다. 꼭대기 층에 있는 바의 시그너처 칵테일이 일품이다. ', '에디터 전소영 사진 시애틀 관광청(www.visitseattle.kr), 스페이스니들, 컬럼비아 센터 제공 디자인 이효진']]|LIFE|0|0
생애 가장 섹시한 영화?|http://v.media.daum.net/v/20180814091639246|2018.08.14|http://v.media.daum.net/v/20180814091639246?f=o|[[], ['저마다의 성감대가 다르듯, 각자가 섹시하게 여기는 지점도 다르다. 누군가에겐 평범한 영화가 또 다른 누군가의 온밤을 달뜨게 만드는 이유다. 코스모 피처 에디터들이 추천하는 ‘내 인생 가장 섹시한 그 영화’는 그래서 제각각이다. 부디 당신에게도 유효한 부적이 되길 바라며.', '', '<발몽> 인류가 영상 문물을 ‘릴 테이프’로 접하던 VHS 시대. ‘빨간 딱지’가 붙은 비디오테이프는 곧 에로스의 상징이었다. 화려한 시대극은 ‘할리퀸 시리즈’를 통달한 소녀의 외설적인 상상력을 불지르기에 가장 좋은 땔감이었고. <발몽>은 소설 <위험한 관계>를 원작으로 하는 여타 작품보다 에로스와 로맨스, 서스펜스의 조합이 가장 절묘하고 또 적절하다. 꽃띠 시절의 콜린 퍼스와 아네트 베닝, 그리고 메그 틸리 덕이다.cosmo sexy tip ‘다리를 벌린다는 것’이 얼마나 도발적이고 야한 행동인지를 시각적 트라우마로 남긴 그 장면을 꼭 찾아보길.', '', '<바바렐라> 41세기의 우주를 배경으로 제인 폰다가 우주 악당 ‘듀란 듀란’을 물리치러 떠나는 이야기. 금발의 백치 글래머라는 섹스 심벌의 공식을 완성한 로제 바딤 감독은 당시 아내였던 제인 폰다의 무중력 탈의 쇼에 오프닝 시퀀스를 통째로 할애하는 정성을 쏟는다. 지나치게 성적 대상화된 제인 폰다의 모습에 거부감이 들 때쯤, 그녀는 점점 자신의 쾌락을 추구하는 데 주체적인 모습을 보이며 무려 ‘오르가슴의 힘’으로 우주를 구원한다.cosmo sexy tip 오르가슴을 느낄수록 바바렐라는 더 아름답고 강해진다. 우리에게 ‘더 많은’ 오르가슴이 필요한 이유다. -피처 디렉터 박지현 ', '', '<크레이지 뷰티풀> 나는 늘 베컴보다 호날두가 섹시하다고 주장하는 쪽인데, 그게 다 이 영화 때문이다. 백인 남자는 결코 따라올 수 없는 히스패닉 특유의 섹시함을 풍기며 백인 부잣집 공주님에게 다가온 가난한 멕시칸 모범생. 공통점 하나 없는 둘은 누가 보든 말든, 장소 불문하고 서로에게 빠져든다. 첫사랑의 격정을 가장 아름다운 화면으로 잡아내며 스무 살 심장을 어택했더랬다. 이후 겪은 첫 경험은 결코 이들처럼 아름답지 못했다는 건 비밀.cosmo sexy tip 원래 안 된다고 할 때 몰래 저지르는 일탈의 전율이 가장 ‘찐한’ 법!', '', '<나인 하프 위크> ‘옛날 사람’이라고 욕해도 할 말 없다. 내 생애 가장 섹시한 영화는 무려 32년 전 <나인 하프 위크>다. 당연히 ‘청불’인 이 영화를 처음 접한 건, 부모님이 침대 밑에 숨겨둔 ‘애들은 가라’ 비디오를 몰래 꺼내 보던 초딩 시절. 화랑에서 우연히 만난 두 남녀가 최면에 걸린 듯 서로를 탐닉하기 시작한다. 눈을 가린 채 숨바꼭질하듯 이어지던 섹스, 냉장고에서 체리·라임·토마토를 꺼내 서로의 몸에 뿌리고 핥고…. 온몸의 감각이 터질 것처럼 팽창됐던 첫 경험이었다.cosmo sexy tip 과일은 원래 먹는 게 아니라, 몸에 흩뿌리는 거시었던 거시었다!-피처 에디터 성영주 ', '', '<그녀> 대필 편지 작가 ‘테오도르’는 언제나 인공지능 운영체제인 ‘사만다’의 목소리와 함께한다. ‘사만다’는 지독한 외로움에 시달리는 ‘테오도르’에게 유일한 안식처다. 한 사람을 무장해제시키는 ‘사만다’의 목소리는 너무나도 섹시하다. ‘사만다’를 연기한 스칼렛 요한슨의 까끌거리면서도 부드러운 목소리. 누구도 흉내 낼 수 없는 그 음성은 첨단 디지털로 점철되는 도시에서도, 아름다운 바닷가 풍경에서도 이질감 없이 잘 어울린다.cosmo sexy tip 사람들이 ‘폰팅’이라는 걸 왜 하는지 이 영화를 보면 단번에 알 수 있다. 오감을 깨우는 섹스어필이란 이런 것! ', '', '<아가씨> “영화 속 베드신은 모든 폭력에서 해방된 것이며 수준 낮은 눈요깃거리로 묘사하려는 의도를 찾아볼 수 없다. 동시에 영화의 주제와 조화롭게 부합한다.” 한국에서 청소년 관람 불가 등급이었던 이 영화가 프랑스에서는 12세 관람가 등급을 받은 이유다. 파격적인 베드신도 충분히 에로틱하지만, 하녀 ‘숙희’가 ‘히데코’의 발을 마사지하고, 목욕시키는 등 그들의 살이 맞닿는 장면은 더욱 아슬아슬하다. 야한데, 아름답기까지 하다.cosmo sexy tip 깊이 있는 관계에서만이 할 수 있는 은밀한 터치는 더 관능적이다. -피처 에디터 전소영 ', '', '<나인 송즈> ‘외설이냐 예술이냐, 실제로 정사 신을 찍어 화제가 된 영화’ 이런 기사에 꼭 포함되는 영화가 <나인 송즈>다. 아홉 번의 정사와 중간중간 삽입된 라이브 콘서트 장면으로 연인의 사랑 이야기를 그린 이 영화에는 그냥 외설이라 하기엔 마음을 흔드는 아름답고 절절한 장면이 많다. 가령 부서지는 햇살 아래 부엌에서 정사를 하는 장면이라든가 여자 주인공인 ‘리사’가 혼자 자위하는 모습을 보며 ‘매트’가 끝난 사랑을 직감하는 장면 등은 꽤 오래 마음에 남는다.cosmo sexy tip 잘 고른 음악은 ‘중요한’ 순간에 생각보다 큰 역할을 한다. ', '', '<바람에 젖은 여자> 이 영화는 포르노 강국 일본 작품이다. 1960년대는 ‘로망 포르노’란 이름으로 창의력 넘치는 포르노가 넘쳐나던 시기였더랬다. 이 로망 포르노를 다시 활성화하자는 ‘로포리 프로젝트’의 일환으로 나온 영화다. 로망 포르노에서 남녀는 평등한 쾌락을 추구하는데, 여자 주인공은 “자고 말고는 내가 정한다”라고 말한다. 보고 나면 오랜만에 불쾌하지 않은 포르노를 만났다는 생각이 들 거다. 참고로 로망 포르노엔 10분에 한 번씩 야한 장면이 나온다.cosmo sexy tip 누구랑, 무엇을, 어디서, 어떻게 할지 주체적으로 정한다. 섹시하게! -피처 에디터 김소희', '에디터 코스모 피처팀 사진 Getty Images 디자인 이효진']]|LIFE|0|0
판타스틱 4, 블랙핑크|http://v.media.daum.net/v/20180717113204121|2018.07.17|http://v.media.daum.net/v/20180717113204121?f=o|[[], ['무대는 ‘관객의 주목’이라는 특권이 주어진 공간이다. 그러나 그 특권에 환호까지 담보돼 있진 않다. 대중의 가혹한 평가를 거쳐 선택받거나 사라지고, 선택받은 이들은 다시 각자만의 색깔을 만드는 과제를 부여받는다. 여기, 지금 가장 큰 환호를 받는 무대 위 주인공들이 있다. 이 ‘판타스틱 4’의 색깔은 이미 명백한 ‘블랙핑크’다.', '', '크롭 톱, 모자 모두 니나리치. 귀고리, 목걸이 모두 샤넬. ', '컴백하자마자 1위 행진에 미국 빌보드 차트에서 K팝 걸 그룹 사상 최고 성적을 거뒀어요. 빌보드와 함께 세계 3대 음악 차트로 꼽히는 영국의 ‘오피셜 차트’, 일본의 ‘오리콘’에 이름을 올리기도 했고요. 데뷔 3년 차에 ‘최초’와 ‘최고’라는 수식어가 붙는 주인공이 된 기분은 어때요?로제 굉장히 과분한 수식어죠. 그런 말은 쉽게 익숙해지지 않을 것 같아요. 제니 일 년 만의 컴백이었고, 음원 등 순위를 생각하면서 준비하지는 않았기 때문에 영광스러운 마음이 커요. 특히 이번에는 저희가 여태껏 안 했던, 좀 더 센 콘셉트라 걱정을 많이 했거든요. 다행히 좋아해주셔서 저희도 즐거워요. ‘다음에도 또 새로운 걸 해보자’라는 용기도 생기고요.  ', '이 일이 점점 더 재미있나요? 아니면 부담이 늘어가나요?제니 이번 활동을 시작하면서 부담감이나 긴장을 많이 내려놓을 수 있게 된 것 같아요. 멤버들도 “좀 내려놓고 즐겨보자”라는 분위기고요. 우리가 좋아하는 걸 잘할 때 보는 분들도 즐거울 테니까. 요즘은 저희 모두 진짜 즐기고 있다는 느낌이에요.', '예전에는 잘 출연하지 않았던 예능 프로그램에서도 요즘 많이 보이더라고요. 제니 이제는 저희를 있는 그대로 보여드리는 게 겁나지 않더라고요. 꾸밈없이 솔직한 모습이 제일 좋다는 것도 알았고요. 로제 시간이 지날수록 좀 더 즐기려고 하는 편이에요. 아직 많이 떨리기는 하지만요. 리사도 이제 한국말이 늘어서 예능에서 말도 더 많이 하고. 하하.', '', '드레스 루이 비통. 귀고리 스타일리스트 소장품.', '연습생 시절부터 지금까지 7년이라는 시간 동안 함께 합숙하며 지냈잖아요. 멤버들끼리 서로서로 좋은 자극을 받는 점이 있을 것 같아요.로제 최근 들어 제니 언니가 건강관리를 열심히 하는 걸 보고 저희도 옆에서 자극을 좀 받고 있어요. 아직 생각만 하고 실천은 못 하고 있지만. 하하. 제니 아, 제가 활동 안 할 때는 운동도 많이 하고, 먹는 것도 신경 쓰려고 하거든요. 특히 활동 직전에는 더 그래요. 제가 짠 음식을 많이 먹으면 잘 붓는 체질이라 저염식을 하기 때문에 애들이 맛있는 거 먹을 때도 전 옆에서 죽 먹고 있고. 하하. 뮤직비디오 찍기 전이나 오늘 같은 화보 촬영 전에는 더 신경을 많이 쓰니까 애들이 옆에서 안쓰러워하기도 해요. 리사 전 컴백 준비를 하면서 느꼈어요. 안무 연습을 정말 오랜 시간 해 다들 너무 피곤한 상태인데 채영(로제)이가 혼자 남아 연습을 더 하는 거예요. 그게 정말…. 로제 그건 제가 부족해서…. 하하. 리사 아니에요. 사실 저도 연습을 더 해야 되는데 ‘오늘은 좀 쉬고 내일 다시 하자’ 이런 마음이 들거든요. 하하. 근데 자기 일을 정말 열심히 하고, 끝까지 붙잡고 하는 채영이의 모습을 보면서 자극을 많이 받았어요.', '제니가 다른 멤버들에게 자극받는 점은 뭐가 있어요?제니 동생들이 참 좋은 게, 요즘처럼 바쁘게 스케줄을 다니다 보면 대기실에서 기다리거나 리허설을 준비하는 시간이 본무대보다 훨씬 길거든요. 그럴 때 지칠 법도 한데 항상 으샤으샤해주고, 거의 120%의 에너지를 쓰는 것 같아요. 가끔 처질 때마다 애들이 양옆에서 “언니! 힘내요!” 하면서 잡아주니까 그런 긍정적인 에너지가 저한테 아주 좋은 자극이 돼요. ', '각자 따로 하는 운동이나 식단 관리가 있어요?제니 전 운동을 꾸준히 해왔는데, 한 가지 운동을 오래 하면 좀 질려 하는 편이에요. 원래 플라잉 요가를 좀 오래 했는데 요즘은 필라테스도 병행하고 있어요. 그리고 운동이 끝나고 나면 건강식을 먹는 편이에요. 아보카도를 좋아해 아보카도 샐러드와 함께 디톡스 주스도 하루에 한 잔씩 마시고요. 한 끼는 맛있게 먹고, 저녁에는 덜 자극적인 음식으로 챙겨 먹으려고 노력하죠. 자신만의 패턴을 잘 찾으면 오랫동안 유지하면서 행복한 다이어트를 할 수 있답니다. 리사 전 사실 멤버들이 운동하는 걸 보면서 같이 해보려다 늘 실패를 했거든요. 그래도 요새는 디톡스 주스를 매일 챙겨 먹어요. 제니 언니 따라서. 하하. 로제 저도 올해부터 필라테스를 다니기 시작해 이틀에 한 번씩은 가려고 노력해요. 음식은 안 가리고 잘 먹는 편인데, 좋아하는 음식이 파프리카나 당근 같은 채소라 저절로 관리가 되지 않나 싶어요. 간식도 과자 같은 것보다 과일을 많이 챙겨 먹고요. 지수 전 원래 잘 찌는 스타일이었는데, 멤버들하고 지내면서 체질이 좀 바뀐 것 같아요. 안 찌는 체질로요. 운동은 따로 안 하고, 안무 연습으로 충분한 것 같습니다. 저희가 또 콘서트를 앞두고 있기 때문에 그 준비하느라 운동량은 이미 한계치를 넘지 않았나 싶은데…. 하하.', '', '드레스, 부츠 모두 생로랑. 귀고리 스타일리스트 소장품.', '각자에게 요즘의 ‘소확행’은 뭐예요?리사 전 엄마랑 매일 하는 전화 통화요! 요새 제가 열심히 활동하는 걸 보고 엄마가 늘 행복해하시니까. 그런 모습을 보면 제가 더 힘이 나고 행복해져요. 로제 전 유튜브 영상 찾아보는 걸 좋아해요. 연습생 때부터 제가 좋아하는 음악이나 아티스트의 인터뷰 영상을 찾아보는 걸 즐겼거든요. 그럴 때 힐링되는 것 같아요. 제니 요즘에는 숙소에서 강아지들이랑 시간 보내는 게 제일 좋아요. 지수 요즘 읽고 있는 오쿠다 히데오의 소설 <공중그네>요. 원래 책 읽는 걸 좋아하거든요. ', '요즘 특히 욕심나는 게 있다면요?제니 음… 다음 컴백? 하하. 이번이 첫 미니 앨범이거든요. 늘 싱글만 발표하다가 처음으로 4곡이 수록된 미니 앨범을 내보니까 누가 “수록곡 중에 이런 노래도 좋더라” 할 때 기분이 정말 좋더라고요. 앨범 재킷 사진도 처음 찍어보고, 심혈을 기울여 앨범이라는 걸 만들 때의 희열도 맛보니까 빨리 준비해 정규 앨범을 선보이고 싶다는 욕심이 저희 넷 다 생긴 것 같아요.', '아티스트는 대중의 반응과 스스로의 만족 사이에서 늘 줄타기하는 존재잖아요. 음악을 들려주고 퍼포먼스를 보여주는 아티스트로서 대중의 평가와 자기 만족 중 무엇이 우선인가요?제니 늘 딜레마인 것 같아요. 대중이나 팬들이 저희에게 원하는 건 각자 다 다르잖아요. 이번 콘셉트는 굉장히 강렬한 블랙에 가깝고, 센 모습이었기 때문에 이 모습이 대중을 얼마나 만족시킬 수 있을까에 대해서는 짐작조차 할 수 없었어요. 질문하신 것처럼 대중의 평가와 자기 만족 사이에서 고민을 많이 하고, 멤버들과 이야기도 많이 나누면서 내린 결론은 ‘우리가 하고 싶고, 우리가 즐기는 걸 하는 게 맞겠다’라는 거였어요. 누군가의 기준을 따라가려다 보면 저희 색깔을 잃어버릴 수 있고, 보는 분들이 ‘똑같은 것만 한다’라고 느낄 수도 있으니까요. 하고 싶은 걸 잘해내기 위해 노력할 때 좋은 시너지가 나오지 않을까 싶어요.', '', '재킷 알렉산더 맥퀸. 슬립 드레스 라펠라. 부츠 발렌티노 가라바니. 귀고리, 장갑 스타일리스트 소장품.', '블랙핑크는 자기만의 색깔이 확실한 그룹이에요. 각자 생각하는 ‘블랙핑크답다’는 건 어떤 모습인가요?제니 흠… 뻔할 수도 있겠지만, 뭘 해도 블랙핑크의 것으로 만드는 것? 가수는 무대 퍼포먼스 외에도 다른 활동을 많이 하잖아요. 예능에 나가거나 오늘같이 화보를 찍기도 하고요. 화보찍을 때는 멋진 모델이 되고, 예능할 때는 ‘되게 재미있고 귀여운 애들이구나’ 이렇게 생각해주면 좋겠어요. 뭘 하더라도 그 모습에 맞게 잘 소화할 때 전 ‘블랙핑크로서 잘하고 있구나’라고 느끼는 것 같아요. 로제 저희 한 명 한 명이 각자 하고 싶은 것들도 많고, 욕심도 많거든요. 하나 같이 스스로에게 굉장히 엄격한 편이에요. 그러다 보니까 어떤 걸 하더라도 늘 준비돼 있는 모습이 가장 블랙핑크다운 게 아닐까 생각해요. 지수 저희가 컴백할 때마다 얘기하는 것들이 있어요. “새로운 도전을 하고 싶다”, “두려워하지 않는다”라는 말들을 많이 하거든요. 그게 딱 저희를 설명하는 말이라고 생각해요. 블랙핑크답다는 건 두려움을 이겨내고 도전하는 모습 자체인 것 같아요.', '아직은 20대 초반이지만, 각자의 30대를 상상해본다면 어떤 모습인가요?로제 전 개인적으로 음악을 계속하고 있으면 좋겠어요. 그게 어떤 형태인지는 모르겠지만. 리사 전 뭔가 새로운 도전을 해보고 싶어요. 사진 찍는 것도 좋아하니까 전 세계를 여행하면서 사진을 찍고 있지 않을까? 제니 흠… 전 제가 행복에 가까워져 있었으면 좋겠네요. 그때쯤에는 제가 꿈꾸는 행복을 찾아 거기에 조금이라도 가까이 가 있으면 좋겠다는 소망이 있어요. 지수 건강하게 잘 있었으면 좋겠습니다. 일동 맞네, 그게 제일이네. 하하.', '밀레니얼 세대를 대표하는 아이콘이 돼가고 있어요. 동시대를 살아가는 20대 여성들에게 해주고 싶은 말이 있다면요?로제 꿈을 잃지 않았으면 좋겠어요. 각자 어렸을 때부터 가졌던 꿈이 있을 텐데, 살다 보면 조금 흐릿해질 때도 있고, 주변 상황 때문에 포기해야 할 때도 있을 테니까요. 그래도 끝까지 꿈을 잃지 말고, 좋아하는 것을 향해 열심히 나아가다 보면 그 과정 자체가 행복하지 않을까요? 파이팅! 우리 같이 커가는 거니까요.리사 맞아요. 많이 시도하고, 많이 도전해보면 좋을 것 같아요. 제니 자신을 믿는 법을 배웠으면 좋겠어요. 저도 사실 불확실할 때가 많거든요. 혼자 무대 모니터를 하면서 만족스럽지 못해 자책할 때도 있고요. 그런데 자책을 좀 줄이고, 스스로에게 만족할 줄 알아야 그다음 단계로 넘어갈 수 있는 것 같아요. 팬 사인회를 하면 많은 분이 제게 질문하는 게 “제가 이런 걸 하고 싶은데, 자신이 없어요. 어떻게 하면 좋을까요?”라는 거였어요. ‘어떻게 말해주면 좋을까’ 고민하다 보니, 일단 뭘 하고 싶다는 그 마음을 갖고 있는 것만으로도 시작이겠다는 생각이 들었어요. 거기서 자기가 잘하는 걸 찾고, 그 과정을 정말 즐긴다면 그걸로 충분하지 않을까요? 자책만 하지 말고, 스스로 위로도 좀 해주면서요. 지수 앞에서 한 얘기가 다 중요한 것 같아요. 어쨌든 자기 인생의 주인은 자신이니까, 다른 것들에 휘둘려 정작 중요한 걸 잃지 않았으면 좋겠어요. 무엇보다 자신에게 집중하기!', 'Photographer Kim Hee June Fashion Director Jeon Seon Young Feature Editor Sung Young Joo Celebrity Model 블랙핑크 Stylist 김예진 Hair 한지선 Makeup 이명선 Set Stylist 김민선 Assistant 김지영']]|CELEBS|0|0
영롱하다, 그 입술!|http://v.media.daum.net/v/20180706102211460|2018.07.06|http://v.media.daum.net/v/20180706102211460?f=o|[[], ['여름이면 항상 등장하는 네온 컬러 립! 현재 핫하다고 소문난 제품만 모아 코스모가 직접 테스트했다.', '', '나스풀 바이닐 립 라커 아르부쪼 3만8천원 풍부한 색감과 은은하게 빛나는 고광택을 자랑하는 한정판 메탈릭 로즈 골드 컬러. 입술에 자석처럼 착 달라붙는 밀착력 갑 립 래커! 무엇보다  펄이 굉장히 미세하고 깔끔하게 연출돼 입체적인 입술로 만들어주는 데 일조한다. ', '', '조르지오 아르마니립 바이브 썸머-매트 리미티드 컬렉션 립 마에스트로 #519 핑크 에너지 4만4천원대 입술에 소프트하게 녹아드는 비비드한 핫 핑크 컬러의 한정판 립 래커.물감처럼 쨍하게 발색되는데 건조한 입술에 사용해도 뻑뻑하지 않고 부드럽게 잘 발려 신기할 따름이다. 맑고 선명한 핫 핑크를 찾고 있다면 슈퍼 강추. ', '', '샤넬2018 크루즈 컬렉션 르 루쥬 크레용 드 꿀뢰르 17 아 라 로제 4만3천원 여름 하면 생각나는 태양, 빛 등을 모티브로 한 부드러운 밀키 핑크 컬러 크레용.  형광 핑크빛이 감도는 정말 세련된 피치 컬러! 텍스처가 굉장히 부드럽고 촉촉해 그 어떤 폭풍 각질 입술에도 부드럽게 잘 발린다. ', '', '에스티 로더퓨어 컬러 러브 리퀴드 립 젤리 샤인 #400 푸시아 플립 2만8천원대 석류, 망고 등이 함유돼 촉촉한 젤리 텍스처. 잔주름이 많은 입술도 투명 랩을 씌운 듯 매끈하게 발려 매트한 립스틱과 레이어링하기 최적이다.  젤리 텍스처지만 끈끈한 느낌이 과하지 않는 것도 만족. ', '', '디올디올 어딕트 라커 플럼프 538 디올 글리츠 4만4천원대  선명한 발색력과 광택, 롱래스팅 효과를 모두 갖춘 립 래커.   팁에 모터를 단 것처럼 미끄러지듯 발리는데 발색력이 좋다. 게다가 여러 번 덧발라도 입술에 아무것도 바르지 않은 듯 편안하기까지 하다. ', '', '맥레트로 매트 리퀴드 립컬러 메탈릭 버즈드 아웃 3만2천원  펄이 함유된 매트한 텍스처의 푸크시아 핑크 리퀴드 립 제품. 잉크처럼 선명하고 쨍하게 발색된다. 육안으로 쉽게 확인할 수 없을 정도로 미세한 펄이 함유돼 입술에 바르면 빛을 받을 때마다 ‘빤딱’거리는 광택감이 블링블링하게 표현된다. ', '에디터 하윤진 사진 (제품)최성욱, (입술)박현진 모델 김지은 메이크업 이영 어시스턴트 박소현 디자인 이효진']]|BEAUTY|0|0
섹시 프레시한 향?|http://v.media.daum.net/v/20180703091007765|2018.07.03|http://v.media.daum.net/v/20180703091007765?f=o|[[], ['뜨거운 한여름을 위한 섹시 프레시 향기 아이템.', '', '지브라 수영복 가격미정, 플라워 수영복 7만9천원, 선글라스 3만9천원 모두 앤아더스토리즈.', '1 겔랑 테라코타 르 퍼퓸 오 드 뚜왈렛 100ml 10만9천원 여름이면 늘 출시되는 한정판 테라코타! 베르가모트, 티아레꽃, 바닐라 향기가 물씬 난다.2 에르메스 트윌리 데르메스 모이스춰라이징 바디 밤 5만5천원 에르메스 까레 스카프에서 영감받은, 진저, 튜버로즈, 샌들우드가 담긴 보디 퍼퓸 컬렉션.  3 아닉구딸 샤 페르쉐 오 드 뚜왈렛 100ml 13만원대 레몬 트리 플라워, 스위트피 향 등이 믹스돼 맑고 청초한 향기를 연출한다. 4 불리 1803 윌 드 사봉 바디 워시 200ml 7만5천원 연약한 피부를 위한 부드러운 오일 텍스처의 베르켄 오렌지 블로섬 향 보디 워시. 5 샤넬 레 조 드 샤넬 파리-베니스 125ml 18만9천원 가브리엘 샤넬이 사랑했던 도시 베니스로부터 영감받은 오리엔탈 무드의 시트러스 향수.6 조 말론 런던 라임 바질 앤 만다린 바디 앤 헤어 오일 100ml 9만3천원 브랜드 베스트셀러인 바질 앤 만다린 향기를 담은 한정판 보디 및 헤어 겸용 오일. 7 (왼쪽부터 시계 방향으로)헤라 터치 오브 헤라 문 워커, 로제 휘기에, 오렌지 립스틱 EDP 롤러볼 각각 2만5천원대 언제 어디서나  사용할 수 있는 여성스러운 향기를 지닌 트래블 사이즈 롤 온 향수. 8 아쿠아 디 파르마 블루메디떼라네오 캔들 컬렉션 14만5천원 3가지 베스트셀러 향기로 구성된 리미티드 에디션.', '에디터 하윤진 사진 최성욱 디자인 이세미']]|BEAUTY|0|0
여름 저격! 뷰티 탕진잼?|http://v.media.daum.net/v/20180601135351383|2018.06.01|http://v.media.daum.net/v/20180601135351383?f=o|[[], ['여름에만 만날 수 있어 더욱 소중한 6만원 미만의 탕진템을 소개합니다.', '', '1 로레알파리 컬러리스타 스프레이 핑크 1만3천원대. ', '2 디올 어딕트 립 타투 컬러 주스 641 오렌지 4만2천원대. 3 RMK (왼쪽부터)실크 매트 립스 01 만다린 3만5천원, 멀티크레용 EX01 3만3천원. ', '', '4 아쿠아 겐조 뿌르 팜므 30ml 5만9천원. 5 엘리자베스아덴 뷰티플 컬러 리퀴드 립글로스 베리 바이브 2만7천원.6 샤넬 르 루쥬 크레용 드 꿀뢰르 (왼쪽부터) 17 아 라 로제, 18 로즈 쇼킹 각각 4만3천원.7 입생로랑 베르니 아 레브르 홀로그래픽 N°505 비디오 레드 4만3천원대.8 베리떼 라이트 터치 선스틱 SPF 50+ PA++++ 바캉스 커플 디자인 리미티드 에디션 2만5천원대. ', '', '9 메이크업 포에버 UHD 소프트 라이트 #50 4만9천원대. 10 페리페라 달달 공장 컬렉션 에어리 잉크 쿠션 1만4천원. 11 스틸라 글리터&글로우 하이라이터 모나크 3만8천원. 12 맥 미라지 누아르 컬렉션 펄매트 페이스 파우더 마더 오 펄 5만원대. 13 나스 블러쉬 오르가즘 5만4천원.', '에디터 하윤진 사진 최성욱, (셀렙)GettyImage']]|BEAUTY|0|0
쏘맥 대신 프리미엄 술, 술 술!|http://v.media.daum.net/v/20180518092446914|2018.05.18|http://v.media.daum.net/v/20180518092446914?f=o|[[], ['고급스러운 취향을 지닌 남자에게 어울리는 프리미엄 술, 술, 술.', '', ' 듀체스 드 부르고뉴 ', '정통 벨기에 맥주의 명맥을 이어가는 브루어리에서 생산되는 술. 산뜻한 산미와 입안에 가득 차는 체리 향으로 일명 ‘와인 맥주’라고 부른다. 오크 배럴 숙성과 특유의 블렌딩 기술이 만들어 기름진 요리와도 잘 어울린다. 330ml 9천6백원, 750ml 2만1천원.', '', ' LE 75 포시즌스 호텔에서 업계 최초로 칵테일에 영감을 받은 맥주를 출시했다. 맥파이 브루어리와 제주 브루어리가 협업해 주니퍼 베리, 레몬 껍질, 계피, 감초 뿌리를 넣어 만들었다. 첫 모금은 샴페인처럼 탄산 느낌이 강하고, 뒷맛은 상큼하다. 1만8천원.', '', ' 뵈브 클리코 라 그랑 담 로제 여성 와인 메이커였던 마담 클리코가 블렌딩 로제를 발명한 지 200년이 된 것을 기념해, 한국에서 처음으로 출시한 샴페인이다. 입안을 채우는 묵직하고 신선하고 부드러운 식감이 인상적이다. 애주가는 물론 미식가들에게도 사랑받을 듯하다. 57만원대.', '', ' 맥캘란 익셉셔널 싱크 캐스크 ', '1994~2005년에 생산된 오크통 중 가장 좋은 풍미를 지닌 위스키 원액만을 골라 소량 생산한 한정 제품이 한국에서는 오로지 잔술로만 판매된다. 위스키가 병이 아닌 잔으로만 판매되는 건 처음이다. 덕분에 술맛을 음미하며 즐길 수 있다. 4만원부터.', '에디터 전소영']]|LIFE|0|0
코덕 저격, 핫 뜨거 신상템|http://v.media.daum.net/v/20180516100217396|2018.05.16|http://v.media.daum.net/v/20180516100217396?f=o|[[], ['밀림없는 프라이머와, 커스터마이징 립스틱까지, 이러니 안사고 배겨?', '', ' 1 샤넬 레 베쥬 헬시 글로우 내추럴 아이섀도 팔레트 라이트 9만원  ', '출시 예정일 5월 1일 추천 대상 간편하면서도 고급스러운 데일리 메이크업에 도전하려는 당신. 체크 포인트 건강하게 빛나는 눈가를 위해 밝은 컬러부터 어두운 컬러, 매트부터 새틴 텍스처까지 다양한 컬러와 텍스처로 구성된 팔레트.  써봤더니 오묘하면서도 고급스러운 컬러에 은은한 펄감까지 더해져 우아한 아이 메이크업을 연출할 수 있게 해준다. 하루 종일 거울로 눈만 보게 만드는 마성의 팔레트! -박주연 ', ' 2 코드 글로컬러 M. 하이드로 프라이머 2만원 출시일 4월 20일 추천 대상 각질 때문에 들뜨는 화장이 고민이라면. 체크 포인트 바르는 순간 풍부한 수분감을 함유한 하이드로 캡슐이 터지며 각질을 잠재우고 피부 결 사이를 메꿔 밀착감 있는 베이스 메이크업을 연출해준다.  써봤더니 겉돌지 않고 매끄럽게 흡수돼 파운데이션이 밀릴 걱정이 없는 것이 가장 맘에 든다. 매트한 파운데이션을 얹어도 광이 돌고 속땅김도 제로! -박주연', ' 3 이솝 인 투 마인즈 페이셜 클렌저 100ml 3만6천원 출시일 4월 2일 추천 대상 피로로 인해 칙칙해진 피부가 걱정이라면. 체크 포인트 각질 제거에 효과적인 성분을 함유해 딥 클렌징이 가능한 젤 타입 클렌저. 피부를 정화해주는 에센셜 오일을 함유했다. 써봤더니 그동안 유분감을 1도 남기지 않고 피부를 바싹 메마르게 클렌징해주는 제품이 싫었다면 꼭 구입할 것. 세안 후에도 피부가 촉촉하게 유지돼 낯설 정도! -하윤진', ' 4 프레쉬 헤스페리데스 슈가 레몬 모이스처라이징 핸드 크림 2만원대 출시 예정일 4월 27일 추천 대상 손끝에서도 봄 같은 상쾌함을 느끼고 싶은 당신. 체크 포인트 풍부한 보습감은 물론 싱그러운 레몬에 달콤한 향이 더해진 상쾌한 시트러스 향이 돋보인다. 써봤더니 파우치에 괜찮은 핸드크림을 구비하는 건 뷰피들의 필수! 리치하지 않으면서 피부 속은 촉촉, 겉은 매끈하게 만들어주고 무엇보다 고급진 향기가 일품이다. -하윤진', ' 5 디올 어딕트 라커 플럼프 4만4천원대 출시일 4월 20일 추천 대상 쨍쨍한 발색이 가능한 립 래커를 찾고 있다면. 체크 포인트 바르는 즉시 잉크처럼 스며드는 기존 래커 틴트에 촉촉함까지 더했다. 워터 에멀션이 매끄럽고 도톰한 입술을 완성시킨다.  써봤더니 맑고 쨍한 립 래커! 입술 잔주름까지도 싹 채워줄 만큼 밀착력이 좋으면서 잉크처럼 생생하게 발색된다. 아무리 좋은 립 래커라도 건조하기 마련인데 이건 확실히 촉촉하다. -하윤진', ' 6 에스티 로더 소프트 글로우 포 립 & 치크 #01 라 로제 3만6천원대 출시 예정일 5월 1일 추천 대상 생기 넘치는 메이크업을 연출하고 싶다면. 체크 포인트 은은한 핑크빛 생기를 더해주는 밤 타입 립&치크. 베이스 메이크업 후 한 번의 터치만으로도 생기 있는 메이크업이 완성된다.   써봤더니 연한 핑크빛 밤이 마음까지 설레게 한다. 밤 타입으로 깨질 일도 없으니 가방에 넣고 다니면서 데이트 메이크업 연출용으로 활용하면 딱일 듯! -박소현', ' 7 겔랑 루즈 G 립스틱 N°77 3만8천원 + 더블 미러 캡 프레피 시크 2만원 출시일 4월 1일 추천 대상 남들과는 다른, 나만의 커스터마이징 제품을 원하는 당신. 체크 포인트 2개의 거울이 달린 혁신적인 주얼리 케이스에 화려한 컬러의 루즈를 담았다. 립스틱의 정교한 불릿 디자인이 아찔한 립 라인을 완성해준다. 써봤더니 취향에 맞게 립스틱 케이스를 변경할 수 있는 초럭셔리 간지 립스틱. 봄에 어울리는 꽃분홍 컬러라 여성스럽고 입술 각질도 잠재울 만큼 부드럽다. -하윤진', '어시스턴트 에디터 박주연, 박소현']]|BEAUTY|0|0
꽃보다 뷰티템|http://v.media.daum.net/v/20180418131436631|2018.04.18|http://v.media.daum.net/v/20180418131436631?f=o|[[], ['눈부시게 아름다운 스프링 뷰티템.', '', '', '1 맥 버시컬러 바니시 크림 립 스테인 바니실리 레드 3만4천원대.2클리오 매드 매트 틴트 5호 핑크 스트림 1만6천원.3엘리자베스아덴 드라마 디파인드 컬러 컬렉션 하이 퍼포먼스 블러링 루스 파우더 4만8천원, 파우더 브러쉬 4만2천원. ', '', '4 비디비치 엑셀랑스 글로우 브러쉬 03 페스티브 코랄 4만9천원.5 조르지오 아르마니 스프링 가든 리미티드 컬렉션 엑스터시 샤인 #507 4만4천원대.6 랑콤 로즈 젤리 틴트 3만9천원.7 베네피트 골드 러쉬 4만2천원.', '', '8 미우미우 로 로제 오 드 뚜왈렛 30ml 8만원.9 샤넬 르 베르니 596 로즈 네온 3만4천원.10 입생로랑 탑 시크릿 메이크업 세팅 스프레이 6만원대.', '', '11 나스 나스시스트 원티드 치크 팔레트 범피 라이드 7만9천원.12 톰 포드 뷰티 2018 쏠레이 서머 컬렉션 시어 치크 듀오 04 엑소티카 플로라 9만2천원.13 메이크업 포에버 아티스트 루즈 M302 3만1천원대.', '에디터 하윤진 사진 최성욱']]|BEAUTY|0|0
'핑크 덕후' 드루와~!|http://v.media.daum.net/v/20180319172102250|2018.03.19|http://v.media.daum.net/v/20180319172102250?f=o|[['7 라이카 Q 퍼플 라이카 퍼플 에디션은 국내 단독으로 30대만 한정 출시됐다. 한층 화사해진 Q 퍼플은 하늘색 스트랩과 함께했을 때 더욱 빛을 발한다. 5백90만원(스트랩 포함).'], ['화사한 봄꽃 같은 핑크 제품들.', '', '1 뵈브 클리코 로제 200주년 케이크 블렌딩 로제 샴페인을 최초로 만든 마담 클리코에 대한 헌사를 담은 제품. 시그너처 컬러인 핑크를 입은 케이크 모양의 페인트통은 뵈브 클리코 로제 한 병을 담을 수 있는 아이스 버킷으로도 활용 가능하다. 11만원대. 2 호가든 신모래×가든 로제 일러스트레이터 신모래는 호가든 로제에서 영감을 받아 완성한 일러스트를 보틀에 그려 넣었다. 한정 판매되는 제품 보틀을 통해 20여 종의 신모래 작가 그림을 감상할 수 있다. 1만원. ', '3 라미 ‘알스타 바이브런트 핑크’ 2018 스페셜 에디션 핑크 컬러를 입은 만년필. 특유의 유광 알루미늄 소재와 선명한 핑크 컬러가 모던함을 더한다. 만년필, 수성 펜, 볼펜 라인으로 이뤄졌다. 만년필 8만2천원.', '4 모엣&샹동 2018년 로제 캡슐 컬렉션 18세기 최고의 잇 걸 마담 드 퐁파두르를 모티브로 한 제품으로 호화스러운 궁정 시대를 재현했다. 가장무도회를 재해석한 재기발랄한 일러스트가 그려진 리미티드 보틀이 특징이다. 10만원대. 5 LG G6 라즈베리 로즈 V30 라즈베리 로즈의 인기에 힘입어 G6도 장밋빛 컬러를 입었다. 베젤리스 디자인 풀버전 디스플레이, 광각 카메라 등이 특징. 출고가 기준 89만원대.', '6 마리몬드 폰케이스_복숭아 매 시즌 꽃을 모티브로 제품을 선보이는 마리몬드의 봄 시즌 플라워 ‘복숭아꽃’이 그려진 폰 케이스. 화사한 복숭아 패턴에 크리미한 핑크 컬러가 특징이다. 2만원대.', '에디터 김소희 사진 최성욱']]|BEAUTY|0|0
셔츠엔 목걸이죠!|http://v.media.daum.net/v/20180319171959218|2018.03.19|http://v.media.daum.net/v/20180319171959218?f=o|[[], ['봄을 맞아 파워풀한 스타일 변신을 꾀한다면 셔츠에 목걸이를 마구 레이어링할 것.', '', 'LOGO PLAY 올봄 트렌드의 화두는 바로 로고! 브랜드 로고를 더한 볼드한 목걸이는 컬러풀한 셔츠는 물론 심플한 티셔츠와도 잘 어울린다.', '셔츠 39만8천원 지고트. (위부터)체인 목걸이 가격미정 샤넬. 크리스털 펜던트 목걸이 9만8천원 스톤헨지. 로고 펜던트 목걸이 44만원 구찌 타임피스 앤 주얼리. 긴 목걸이 11만원 캘빈클라인 워치 앤 주얼리. ', '', 'THE STARRY NIGHT 쇄골 라인에 자신이 있다고? 그렇다면 목에 착 달라붙는 별 모티브 초커로 시선을 쇄골에 집중시킬 것. 이때 가는 줄의 긴 목걸이를 여러 개 더하면 한층 더 멋져 보일 듯.', '셔츠 23만8천원 클럽 모나코. (위부터)초커 50만원대 디올. 블루 별 펜던트 목걸이 27만9천원 로제도르. 참 목걸이 9만8천원 아가타. Y자형 목걸이 1만6천원 리타모니카. 구슬 목걸이 1백만원대 디올. ', '', 'NATURE INSPIRATION 나비, 잎사귀, 과일 등 자연 모티브를 더한 목걸이는 캐주얼한 룩뿐만 아니라 칙칙한 오피스 룩에 생기를 불어넣는 아이템. 패턴이 화려한 셔츠와 매치하면 얼굴이 더욱 생기 있어 보인다.', '셔츠 가격미정 미우미우. (위부터)나비 목걸이 50만원대 보테가 베네타. 잎사귀 목걸이 31만9천원 러브캣 비쥬. 참 목걸이 가격미정 미우미우. 구슬 펜던트 목걸이 7만9천원 필그림.', '', 'CLASSIC LADY 클래식의 대명사 진주 목걸이. 길이가 다른 진주 목걸이를 여러 줄 레이어드하면 단번에 우아한 레이디라이크 룩이 완성된다. 셔츠 13만9천원 스튜디오 톰보이.', '셔츠 13만9천원 스튜디오 톰보이. (위부터)Y자형 목걸이 50만원대 디올. 짧은 진주 목걸이 25만9천원 러브캣 비쥬. 십자가 펜던트 목걸이 2만9천원 쥬얼카운티. 여러 줄의 진주 목걸이 가격미정 샤넬. ', '에디터 전선영 사진 안지섭 모델 이지나 헤어 권도연 메이크업 장소미 어시스턴트 김민']]|FASHION|0|0
카이아 조던 거버가 선택한 파티 룩|http://v.media.daum.net/v/20171218145110591|2017.12.18|http://v.media.daum.net/v/20171218145110591?f=o|[[], ['수없이 많은 파티에 참석하며 파티 룩에 대한 내공을 쌓은 할리우드 셀렙들. 그녀들의 파티 시그너처 스타일에서 연말 파티 룩에 대한 힌트를 얻어볼 것.', '', 'Kaia Jordan Gerber복근이 자신 있다면 그녀처럼 배를 과감히 드러내는 크롭 톱에 도전해보자. 화이트 펌프스로 날렵하게 마무리하면 오늘 밤 주인공으로 등극할 수 있을 듯.', '', '1 46만9천원 로제도르. 2 79만9천원 스튜디오 톰보이. 3 11만5천원 타미×지지 컬렉션. 4 10만8천원 로켓런치. 5 49만원 마이클 마이클코어스. 6 19만8천원 레이첼콕스.', '에디터 전선영']]|FASHION|0|0
주말에 뭐 먹지 신상 맛집 6|http://v.media.daum.net/v/20170616102800399|2017.06.16|http://v.media.daum.net/v/20170616102800399?f=o|[[], ['이렇게 신나고 즐겁게 먹으면 칼로리 제로!', '', '자버자버 전국 각지에서 공수해 오는 제철 해산물을 즉석으로 조리해 먹는 해산물 레스토랑. 새우오징어 반반튀김, 낙지해물순두부, 생선탕 등 개성 넘치는 메뉴에 제천 마이크로 브로잉 핸드크래프트 에일을 곁들이자. 주소 광진구 아차산로 200 문의 @jaberjaber_official', '', '일 키아쏘 정통 이탤리언 미식을 경험하고 싶다면 이곳을 주목. 프로슈토 티본 스테이크, 로브스터 파스타 등의 본토 요리를 비롯해 이탈리아 특유의 섬세한 매너가 담긴 왜건 서비스 등을 통해 현지 레스토랑을 그대로 재현해냈다. 주소 용산구 이태원로55가길 21 문의 792-5588', '', '마이스카이 연예인 홍석천이 새롭게 오픈한 라운지 겸 레스토랑. 이름처럼 하늘과 맞닿은 듯한 루프톱 테라스가 인기다. 마치 글램핑을 연상시키는 이곳에서는 상큼한 모히토 칵테일과 ‘마이 스카이 스파게티’를 먹어보자. 주소 용산구 녹사평대로 210-6 문의 797-4211', '', '33아파트먼트 호주 멜버른에서 마니아층을 형성하고 있는 ‘스 커피’와 스탠딩 커피 문화를 소개한다. 시즌별로 최상의 원두만 골라 선보이며 바리스타와 고객과의 자유로운 커뮤니케이션을 통해 맞춤형 커피를 제공한다. 브랜드만의 커머셜 아이템도 선보일 예정이다. 주소 용산구 한남대로27길 33 문의 794-0033', '', '319누들 미슐랭 2스타를 받은 이종국 셰프가 분식 메뉴에 주목했다. 푸드트럭 형태로 운영되는 이곳에서는 셰프의 재해석이 가미돼 친근하지만 예사롭지 않은 신개념의 분식을 제공한다. 해산물 볶음면, 더한 불갈비 떡볶이 등이 시그너처. 주소 광진구 아차산로 200 문의 @319noodle_official', '', '마제스티 타바론 티 라운지 미국 뉴욕의 프리미엄 티 브랜드 타바론의 제품을 응용한 각종 티 푸드를 즐길 수 있는 레스토랑. 새우에 아쌈 홍차를 마리네이드한 ‘로제 파스타 디 아쌈’, 얼그레이 홍차로 만든 ‘라자냐 디 얼그레이’ 등이 있다. 주소 강남구 도산대로 327 문의 510-5800', '에디터 박수진']]|LIFE|0|0
전세계에서 동시에 열리는 모엣&샹동 파티!|http://v.media.daum.net/v/20170616102803405|2017.06.16|http://v.media.daum.net/v/20170616102803405?f=o|[[], ['6월 17일, 전 세계에서 동시에 진행되는 모엣&샹동 24시간 파티가 서울과 부산에서 열린다. 샴페인 속으로 풍덩!', '', '#블링블링파티 #모엣골든라이트매그넘제품 라벨에서 골든 컬러 빛이 들어오는 모엣 골든 라이트 매그넘은 이번 시즌 론칭한 스타일리시한 보틀이다. 화려한 파티를 만들어주는 모엣 잔을 들고 흐르는 음악에 자연스럽게 몸을 맡겨보자.', '', '#브런치타임 #모엣로제딸기·라즈베리 과즙과 민트의 은은한 향이 매력적인 모엣&샹동 로제 임페리얼은 브런치에 잘 어울리는 싱그러운 샴페인이다. 이날 모엣&샹동 로제 임페리얼을 한 잔 주문하면 두 잔을 준다. ', '', '#모엣아이스 #풀파티 얼음 3조각을 넣어야 비로소 완벽한 한 잔이 되는 모엣 아이스 임페리얼. 스타일리시한 휴가를 즐기고 싶다면 반얀트리 클럽 앤 스파 서울과 부산 요트 라운지를 방문해볼 것.', '', '#스탠딩파티 #미니모엣스티커 사진 라벨을 만들어 나만의 모엣&샹동을 간직할 수 있는 이벤트가 열린다. 미니 모엣 2+1 프로모션까지 진행하니 샴페인 한 병씩 들고 세련된 파티를 즐겨보자. ', '', '#파인다이닝 #모엣그랑빈티지 모엣 파티 데이가 열리는 동안 레스토랑에서 모엣 임페리얼을 주문하면 그랑 빈티지로 업그레이드된다. 단 하루만 진행하는 셰프의 특별한 페어링까지 즐길 수 있는 이 특별한 디너를 놓치지 말 것. ', '* 파티는 모엣&샹동에서 지정한 장소에서 열릴 예정이며, 홈페이지( www.moet.com )를 통해 확인할 수 있다. ', '에디터 윤다랑']]|LIFE|0|0
사랑스러운 유니콘 칵테일|http://v.media.daum.net/v/20170616102758398|2017.06.16|http://v.media.daum.net/v/20170616102758398?f=o|"[[""본 기사는 코스모폴리탄 영국 웹사이트의 '11 Unicorn Cocktails That Are Magically Delicious' 기사를 바탕으로 작성하였습니다. ""], ['인스타그램에서 화제가 되었던 유니콘 시리즈의 끝판왕, 유니콘 칵테일! 알록달록 보는 재미부터 맛까지 좋은 11가지 레시피를 공개한다.', '', '1. 코코넛 유니콘 하이볼 잔 테두리에 핑크색 식용 글리터를 부착한다. 잔에 얼음을 넣고 코코넛 워터 170g과 캡틴 몰건 로코넛(Captain Morgan LocoNut) 55g을 넣는다. 빨대나 스푼으로 저은 후, 그레나딘 시럽 7g을 뿌려 아래로 가라앉도록 한다. 마지막으로 큐라소 리큐르를 7g 뿌려준다. 유니콘 뿔을 상징하는 무지개 롤리팝을 꽂아 완성. ', '', '2. 유니콘 코스모마티니 잔 테두리를 물에 담갔다 뺀 후, 식용 글리터를 묻히고, 솜사탕 한 줌을 넣는다. 얼음으로 채운 쉐이커를 준비해, 포도주스와 보드카를 동량 넣어 섞은 후, 마티니 잔에 담는다. 무지개 색 지팡이 사탕으로 장식한다. ', '', ' 3. 라벤더 유니콘하이볼 잔에 일리트 보드카 35g과 라벤더 허니 시럽 20g, 스파클링 워터 55g, 그리고 버터플라이 피 차 엑기스 2방울을 넣는다. 여기에 신선한 레몬즙 20g을 천천히 따라 컬러 변화를 즐기는 것이 핵심.', '', '4. 유니콘얼음이 채워진 쉐이커에 진 55g, 라임즙 14g, 레몬즙 14g, 단미시럽 20g, 그리고 딸기 소르베를 한 스푼 넣어 섞는다. 이를 잔에 따르고, 블루 큐라소가 살짝 섞인 크림을 올린 후, 케이크 장식용 스프링클과 식용 꽃을 더한다. ', '', '5. 유니콘 소다얼음을 채운 칵테일 쉐이커에 스미노프 넘버 21을 42g, 소다수를 85g 넣어 섞는다. 이를 잔에 붓고 식용 꽃과 스프링클로 장식. ', '', '6. 유니콘 코스모샴페인 잔 입구를 물에 담갔다 빼고 식용 글리터를 테두리에 붙인다. 셔벗 3 스쿱과 보드카 42g, 샴페인 42g을 잔에 붓고 알록달록한 얼음사탕으로 장식을 한다.', '', '7. 핑크 보바 유니콘잔의 테두리에 핑크색 식용 글리터를 붙이고, 캄파리에 담가두었던 타피오카를 넣어 채운다. 쉐이커에 캄파리 15g과 홍차 62g, 우유 28g, 그리고 그랑 마니에르 15g을 넣어 섞고 체로 걸러 아까의 그 잔에 붓는다. 캄파리로 우려낸 타피오카를 만들기 위해서는, 일반 보바를 30분간 끓인 후, 체에 걸러 캄파리 1컵과 설탕 1/3컵을 섞은 용액에 담가두면 된다.', '', '8. 유니콘 티어스 로즈얼음 틀 각 칸에 스프링클을 1 작은 숟갈씩 넣고 로제 와인을 부어 하룻밤 얼린다. 샴페인을 따른 잔에 이 로 제와인 얼음을 넣어 낸다. ', '', '9. 골든 유니콘믹싱 잔에 앱솔루트 오리지널 28g, 복숭아 리큐르 14g, 릴렛 14g을 넣어 섞는다. 이를 체에 걸러 샴페인 잔에 부은 후, 그 위에 또 샴페인을 3배 정도 더 붓는다. 식용 금 플레이크로 화려하게 장식.', '', '10. 유니콘 레인보우계량컵에 빨강, 주황, 노랑, 초록, 파랑, 혹은 보라색 식용색소를 각 6방울씩 담는다. (접시마다 한 가지 컬러만 사용할 것.) 이를 실리콘 얼음 틀에 부어 각 컬러 별로 얼음을 한 개씩 만들어두도록 한다. 얼음이 언 후에는, 콜린스 잔에 다음의 순서로 넣는다: 보라, 파랑, 초록, 노랑, 주황, 그리고 빨강. 앱솔루트에 민트 잎과 얼음을 넣어 가볍게 섞은 후, 무지개 빛 얼음을 차례로 담아놓은 잔에 붓는다. 마지막으로 탄산수를 붓는다.', '에디터 전아영']]"|LIFE|0|0
마트랑 편의점에서 살 수 있는 가성비 갑 와인|http://v.media.daum.net/v/20170327110853052|2017.03.27|http://v.media.daum.net/v/20170327110853052?f=o|[[], ['각 잡고 와인 잔에 따라 마시지 않아도 좋을, 마트와 편의점에서 살 수 있는 가성비 좋은 피크닉 와인.', '', '1 콜롬비아 크레스트 투바인 목 넘김이 좋고 부드러운 맛으로 미국에서 가장 많이 판매되는 워싱턴 와인. 2만4천8백원. ', '2 발디비에소 브륏 로제 신선한 과일 향이 풍부하게 느껴지는 스파클링 와인. 3만2천원.  3 산타리타 L 샤도네 와인 초보자부터 애호가까지 캐주얼하게 즐길 수 있는 칠레 와인. 6천9백원. 4 넘버나인 크로이쳐 쇠고기, 양고기, 초콜릿 디저트와 어울리는, GS25에서 만든 와인. 2만5천원.', 'Editor 김소희']]|LIFE|0|0
은혜로운 푸드 위크 3|http://v.media.daum.net/v/20170327111757551|2017.03.27|http://v.media.daum.net/v/20170327111757551?f=o|[[], ['다이어트는 잠시 그만~. 찬란하고 은혜로운 푸드 위크가 시작된다.', '', '', ' 구스아일랜드 마이그레이션 위크  1세대 크래프트 비어 브랜드가 전파하는 맥주 문화를 만나보자. 3월부터 5월까지 약 3개월간 분당, 이태원, 강남에서 차례대로 지역별 문화를 맥주와 엮어 소개한다. 미식과 전시, 그리고 책과 요가를 맥주와 함께 즐길 수 있다. 맥덕이들의 심장 소리가 벌써부터 들려오는 듯! 문의 www.facebook.com/gooseislandkorea', '', ' 2017 아메리칸 버거위크 4월 15일부터 28일까지 미국 정통 수제 버거의 진수를 맛볼 수 있는 행사. 쇠고기 패티와 아메리칸 치즈, 베이컨과 채소 토핑이 들어간 정통 아메리칸 스타일의 버거를 국내에 소개한다. 육즙 가득한 쇠고기의 깊은 맛은 국내 총 13개 레스토랑에서 각자의 노하우로 선보일 예정이다. 문의 www.facebook.com/americanmeatstory', '', ' 뵈브 클리코 ‘로제 데이’  매년 봄 찾아오는 뵈브 클리코의 ‘세이 잇 위드 클리코’ 캠페인. 뵈브 클리코의 로제 샴페인을 ‘클리코 플래그’와 ‘클릭’콜’이라는 2개의 패키지에 담아 한정된 수량으로 소개한다. 이러한 로제 샴페인을 4월 한 달간 서울 시내 레스토랑과 바에서 만날 수 있다. ‘로제 데이’ 프로모션을 통해 로제 샴페인을 잔으로 제공하고, 여기에 어울리는 특별한 메뉴도 선보일 예정이다. 문의 2188-5100', 'Editor 박수진']]|LIFE|0|0
3만원 안팎의 가성비 좋은 와인 12|http://v.media.daum.net/v/20161121114403876|2016.11.21|http://v.media.daum.net/v/20161121114403876?f=o|[[], ['지금 한국에서 주목받는 소믈리에들이 추천했다. 당신의 와인 경험을 풍부하게 만들어줄 3만원 안팎의 가성비 좋은 와인. 망설일 필요 없이 한잔을 권한다.', '', ' (왼쪽부터)코트 뒤 론 이 기갈‘이 기갈’은 프랑스 론 지방의 대표적인 와이너리다. 로버트 파커가 편애하는 와인. 쌉쌀한 탄닌 풍미에 더해진 스파이시한 촉감이 매력적이다. 데일리 와인으로 즐기기 좋다. 생 클레어 파이오니어 블록 피노 누아무겁고 파워풀한 와인보다는 가볍고 화사한 풍미를 좋아한다면.  화려하고 달콤한 아로마가 특징. 지금 사귀는 사람이 있다면 로맨스를 만들어줄 와인이다. 트리오 카베르네 소비뇽 칠레 와인의 자존심인 콘차이 토로에서 양조했다. 카베르네 소비뇽과 프랑에 시라를 더한 독특한 블렌딩이 특징. 프렌치, 아메리칸 오크통에서 11개월간 숙성됐다. 11월에 즐기면 더욱 빛날 와인.트라피체 오크캐스크 말베크 트라피체는 아르헨티나에서 말베크 와인으로 유명한 와이너리다. 힘 좋은 레드 와인으로 스모키 향, 달콤한 바닐라 오크 향을 모두 갖고 있다. 벨벳 질감과 풍부한 탄닌감도 강점. ', '', ' (왼쪽부터)로스바스코스 버라이어탈 샤르도네깔끔한 산미와 상큼한 감귤 향의 풍미가 특징. 세계 5대 와인 명가, 프랑스의 라피트 로칠드와 칠레의 와인 명가 로스바스코스의 만남으로 유명한 와인. 루이 자도 샤블리프랑스 부르고뉴의 신선한 미네랄과 산미를 느끼고 싶다면 루이 자도 샤블리를 적극 추천한다. 순도 100% 샤르도네 품종으로 밸런스와 질감이 매력적이다. 블루넌 골드 에디션병 안, 22캐럿의 금조각이 기포와 함께 움직이면서 첫눈 오는 풍경을 연상시킨다. 신선한 열대 과일 향이 입안에 오랫동안 남는다. 독일 라인헤센 지방에서 재배된 포도만 따로 선별해 생산한다. 루피노 오르비에토 클라시코 향긋한 사과와 옅은 빛깔의 흰 꽃 내음이 나는 와인. 미네랄이 풍부한 이탈리아 움브리아 지역에서 생산된 와인답게 미네랄워터의 부드러운 풍미도 즐길 만한 요소다. ', '', ' ', '(왼쪽부터)코노수르 스파클링 브뤼우리나라에 잘 알려지지 않은 칠레의 보석 같은 와이너리로, 유기농 와인을 생산한다. 기분까지 경쾌해지는 산뜻한 아로마, 부드러운 크림 같은 끝 맛이 매력적이다. 코노수르 스파클링 100% 피노 누아 베이스인 이 스파클링 로제는 보디감이 풍부하고 밸런스가 좋으며, 화사한 꽃, 체리 뉘앙스 등 크리미한 산도가 일품이다. 연말에 연인에게 장미꽃 대신 선물하기 좋다. 프레시넷 코든네그로 카바 브뤼빨대를 꽂아 마시는 와인으로 유명한 스페인산 카바. 전 세계 셀렙들의 파티 와인 리스트에서 빠지지 않는 술이다. 격식 있는 샴페인 오프닝과 달리 ‘카바!’라고 흥겹게 외치며 뚜껑을 따보자. 미켈레 키아를로 모스카토 다스티 니볼레 달콤하고 향기로운 풍미로 가득한 스파클링 와인. 복숭아 같은 핵과일류의 디저트와 페어링해 마시면 좋다. 스타일리시한 레이블도 눈을 즐겁게 한다. ', 'Editor 류진']]|LIFE|0|0
