title|link|date|elle_link|contents|category|title_name|check|member|magazine|word_jisu
김나영부터 지수까지! 진주 주얼리를 한 스타들|http://v.media.daum.net/v/20201126070033106|2020.11.26|http://v.media.daum.net/v/20201126070033106?f=o|[[], ['', '쇄골 라인에 걸리는 진주 목걸이의 클래식한 매력을 캐치한 제니. 화이트 셔츠와 블랙 컬러의 테일러드 재킷에 진주 목걸이를 매치해 세련되게 연출했습니다. 진주 주얼리에 도전해보고 싶다면 어떤 룩에든 자연스럽게 어울리는 간결한 진주 목걸이부터 시작해보세요.', '', '김나영은 캐주얼한 프린트 티셔츠와 데님 팬츠에 허리 라인까지 내려오는 긴 진주 목걸이를 매치했어요. 이런 스타일은 쇄골 라인에 걸쳐지는 짧은 목걸이보다 더 화려하고 성숙한 느낌을 줄 수 있죠. 목에 두 번 감아 짧게 연출할 수도 있으니 일석이조!', '', '진주 주얼리가 얌전하다는 고정관념은 이제 버리셔도 좋습니다. 볼륨감 있는 진주 주얼리는 섹시하고 대담한 이미지를 줄 수 있거든요. 진주 목걸이를 목에 딱 맞는 초커 스타일로 레이어드하고 귀여운 꽃 모티프의 펜던트가 잘 보이게 아래로 늘어뜨려 화려하게 연출한 전소미의 스타일을 참고하세요.', '', '지수의 언밸런스한 이어링에 주목해보세요. 한쪽 귀엔 작고 심플한 진주 이어링을, 다른 쪽 귀엔 진주를 체인으로 연결한 드롭 이어링을 선택했습니다. 이렇게 각기 다른 스타일의 진주 이어링을 믹스하면 통일감은 유지하면서 센스 넘치는 연출을 할 수 있어요.', '', '다라는 핸드폰을 액세서리처럼 적극 활용하고 있어요. 진주와 체인이 믹스된 크로스 보디 형태의 핸드폰 스트랩을 연결하고 화려한 패턴의 케이스를 장착해 진주의 무궁무진한 활용법을 제시합니다.', '', '예리는 진주 목걸이 대신 헤어 밴드를 선택했어요. 단정하게 정리한 긴 생머리에 촘촘하게 꿴 진주 헤어 밴드를 더해 클래식한 매력을 극대화했죠. 골드 버튼 포인트의 니트 원피스와 군더더기 없는 사각 백으로 우아하게 연출한 오늘의 룩과도 잘 어울리네요.', '* 잔나비, 사이먼도미닉, 이성경, 이제훈, 박정민, 코드 쿤스트가 함께한 뮤직 프로젝트 보기']]|FASHION|1|0|Ji|E|"[""[[], ['', '쇄골 라인에 걸리는 진주 목걸이의 클래식한 매력을 캐치한 제니. 화이트 셔츠와 블랙 컬러의 테일러드 재킷에 진주 목걸이를 매치해 세련되게 연출했습니다. 진주 주얼리에 도전해보고 싶다면 어떤 룩에든 자연스럽게 어울리는 간결한 진주 목걸이부터 시작해보세요.', '', '김나영은 캐주얼한 프린트 티셔츠와 데님 팬츠에 허리 라인까지 내려오는 긴 진주 목걸이를 매치했어요. 이런 스타일은 쇄골 라인에 걸쳐지는 짧은 목걸이보다 더 화려하고 성숙한 느낌을 줄 수 있죠. 목에 두 번 감아 짧게 연출할 수도 있으니 일석이조!', '', '진주 주얼리가 얌전하다는 고정관념은 이제 버리셔도 좋습니다. 볼륨감 있는 진주 주얼리는 섹시하고 대담한 이미지를 줄 수 있거든요. 진주 목걸이를 목에 딱 맞는 초커 스타일로 레이어드하고 귀여운 꽃 모티프의 펜던트가 잘 보이게 아래로 늘어뜨려 화려하게 연출한 전소미의 스타일을 참고하세요.', '', '지수의 언밸런스한 이어링에 주목해보세요. 한쪽 귀엔 작고 심플한 진주 이어링을, 다른 쪽 귀엔 진주를 체인으로 연결한 드롭 이어링을 선택했습니다. 이렇게 각기 다른 스타일의 진주 이어링을 믹스하면 통일감은 유지하면서 센스 넘치는 연출을 할 수 있어요.', '', '다라는 핸드폰을 액세서리처럼 적극 활용하고 있어요. 진주와 체인이 믹스된 크로스 보디 형태의 핸드폰 스트랩을 연결하고 화려한 패턴의 케이스를 장착해 진주의 무궁무진한 활용법을 제시합니다.', '', '예리는 진주 목걸이 대신 헤어 밴드를 선택했어요. 단정하게 정리한 긴 생머리에 촘촘하게 꿴 진주 헤어 밴드를 더해 클래식한 매력을 극대화했죠. 골드 버튼 포인트의 니트 원피스와 군더더기 없는 사각 백으로 우아하게 연출한 오늘의 룩과도 잘 어울리네요.', '* 잔나비, 사이먼도미닉, 이성경, 이제훈, 박정민, 코드 쿤스트가 함께한 뮤직 프로젝트 보기']]""]"
공효진부터 제니까지! 스타들의 #니트 활용법|http://v.media.daum.net/v/20201123070034440|2020.11.23|http://v.media.daum.net/v/20201123070034440?f=o|[['「 #케이블 니트 」', '「 #케이블 니트 」', '', '', '', '입체적인 꼬임 패턴이 매력적인 케이블 니트는 클래식 중 클래식. 유행 없이 입을 수 있어 옷장 속에 마련해두면 오래도록 입을 수 있는 아이템이죠. 단순한 꽈배기 무늬부터 다양한 꼬임을 믹스한 디자인까지 다양한데요, 어떤 디자인을 선택하느냐에 따라 그날의 분위기를 좌우할 수 있어요. 잔잔한 케이블 패턴의 핑크색 카디건에 넉넉한 데님 팬츠를 매치해 90년대 뉴트로 룩을 완성한 황승언과 부위별로 다채로운 패턴이 리드미컬하게 배열된 케이블 스웨터에 블랙 팬츠와 선글라스로 시크함을 강조한 공효진. 모두 케이블 니트를 선택했지만, 확실히 달라 보이죠?', '「 #오버사이즈 니트 」', '「 #오버사이즈 니트 」', '', '', '', '니트가 주는 포근한 분위기를 만끽하고 싶다면 오버사이즈 니트가 제격입니다. 윤승아는 큼지막한 멜란지 그레이 컬러의 스웨터에 블랙 레깅스로 웨어러블한 스타일을 즐겼는데요, 여기에 컬러플한 크로스보디 백을 더해 귀엽게 마무리했어요. 주말 집 앞 산책 룩으로도 좋을 것 같네요. 제니는 레터링 장식의 블랙 터틀넥 스웨터를 미니 원피스처럼 연출하고 사이 파이 선글라스를 더해 쿨하게 즐겼습니다. 슈즈로사이 하이 부츠를 선택한다면 트렌디하게 연출할 수 있을 것 같네요.', '「 #스트라이프 패턴 니트 」', '「 #스트라이프 패턴 니트 」', '', '', '', '1년 내내 입어도 질리지 않는 스트라이프 풀오버!시각적인 재미가 있어 스웨터 하나로 충분한 포인트가 될 수 있어요. 같은 스트라이프 패턴이지만 다른 분위기를 드러낸 두 명의 스타를 만나볼까요? 구멍 난 볼드한 블랙 스트라이프 패턴 스웨터로 그런지 무드를 살린 지수는 디올의 로고가 새겨진 자카르 백으로 패턴 플레이를 즐겼습니다. 형형색색의 스트라이프 패턴이 경쾌한 크롭트 풀오버에 마이크로 백을 메고 상큼한 인상을 풍기는 이시영. 컬러플한 스트라이프 패턴을 선택한 덕분에 틴에이저같이 생기 넘치는 스타일이 완성됐어요.', '「 #집업 니트 」', '「 #집업 니트 」', '', '', '', '이번 시즌 새롭게 등장한 니트 디자인이 있습니다. 바로 집업 스웨터인데요, 트렌드에 민감한 스타들의 룩에서 찾아볼 수 있어요. 네크라인의 지퍼를 모두 내려 넓은 칼라처럼 활용한 태연의 룩은 이번 시즌 유행하는 80년대 무드를 떠올립니다. 어깨를 강조한 디자인이 얼굴을 작아 보이도록 해 어깨가 좁은 체형에강력히 추천하는 스타일이에요. 효민은 소매에 주름을 잡아 볼륨감을 더한 집업 스웨터에 하의와 슈즈를 톤온톤으로 매치해 모던한 분위기로 소화했습니다. 스포티한 디자인이지만 우아하게 스타일링한 것이 포인트! 니트웨어로 ‘인싸’되고 싶다면 집업 니트를 지금 바로 ‘겟’하세요.'], ['', '', '', '', '', '', '', '']]|FASHION|0|0|Ji|E|['1년 내내 입어도 질리지 않는 스트라이프 풀오버!시각적인 재미가 있어 스웨터 하나로 충분한 포인트가 될 수 있어요. 같은 스트라이프 패턴이지만 다른 분위기를 드러낸 두 명의 스타를 만나볼까요? 구멍 난 볼드한 블랙 스트라이프 패턴 스웨터로 그런지 무드를 살린 지수는 디올의 로고가 새겨진 자카르 백으로 패턴 플레이를 즐겼습니다. 형형색색의 스트라이프 패턴이 경쾌한 크롭트 풀오버에 마이크로 백을 메고 상큼한 인상을 풍기는 이시영. 컬러플한 스트라이프 패턴을 선택한 덕분에 틴에이저같이 생기 넘치는 스타일이 완성됐어요.']
스타일 지수 올려주는 비장의 액세서리, 벨트|http://v.media.daum.net/v/20201031070105531|2020.10.31|http://v.media.daum.net/v/20201031070105531?f=o|"[['「 시크하게! 블레이저와 함께 」', '「 시크하게! 블레이저와 함께 」', '', '', '', ""완연하게 무르익은 가을날, 코트와 패딩으로 넘어가기 전, 재킷을 즐길 수 있는 더없이 소중한 날씨죠. 클래식한 디자인의 블레이저를 데일리 룩으로 선택했다면? 옷장에서 꺼내야 할 액세서리가 있습니다. 그 주인공은 바로 벨트! 벨트의 사전적 정의는 '바지 따위가 흘러내리지 아니하게 옷의 허리 부분에 둘러매는 띠'라지만, 벨트의 활약은 여기서 끝이 아닙니다. 가을 옷차림에서 벨트를 활용하는 가장 손쉬운 방법은 블레이저 위에 매치하는 거죠. 보테가 베네타의 벨트를 포인트로 활용한 차정원, 올 블랙 룩을 선보인 패션모델이자 인플루언서인 아말리 무스가드의 스타일링을 참고하세요. 오버사이즈 핏 재킷 위에 더해진 벨트 하나만으로도 시크하고 스타일리시한 분위기를 자아낸답니다."", '「 롱 아우터와 함께! 프로포션 잡아주기 」', '「 롱 아우터와 함께! 프로포션 잡아주기 」', '무릎 밑까지 내려오는 롱 아우터나 드레스 같은 아이템을 좀 더 드레시하게 연출하고 싶다면? 벨트의 힘을 빌려보세요. 프로포션을 좋아 보이게 만들어줄 뿐만 아니라 별다른 액세서리를 더하지 않아도 근사하게 만들어준답니다. 이때 벨트는 과감하고 포인트가 되는 디자인을 골라도 OK! 김나영은 구조적인 디자인의 롱 카디건 위에 볼드한 골드 버클이 돋보이는 와이드 벨트로 허리 라인을 강조해 프로포션을 영민하게 보이도록 스타일링 했어요. 벨트에 디자인에 맞춰 네크리스와 슈즈를 선택한 센스도 눈여겨보세요.', '「 벨트, 백으로 즐기기 」', '「 벨트, 백으로 즐기기 」', '하이 패션 브랜드부터 SPA 브랜드까지! 다채로운 디자인의 힙색, 즉 벨트 백이 쏟아지는 요즘. 뉴트로 트렌드, 미니 백 열풍과 맞물려 벨트 백의 인기가 식을 줄 모른답니다. 손을 가볍게 해주는 편의성 역시 벨트 백의 장점이기도 하죠. 또 벨트 백 그 자체로 존재감을 뽐내는 디자인이라 룩의 포인트로 활용하기도 제격이랍니다. 강민경은 데님 팬츠에 브라운 컬러 벨트 백을 매치해 따라 하고 싶은 OOTD를 완성했는데요. 벨트 백과 어우러지는 웜 톤 컬러의 체크 재킷과 머스터드 옐로 탑, 베이지 머플러와의 컬러 매치가 감탄을 자아내죠? 그의 스타일링처럼 벨트 백을 메인으로 다른 아이템의 컬러와 패턴을 세심하게 조율해 데일리 룩을 완성해보세요.', '「 벨트 쇼핑 리스트 BEST 7 」', '「 벨트 쇼핑 리스트 BEST 7 」', '', '', '', '', '', '', '', '', '', '', '', '', '', '', '', '', '', '', '', '', '', '', '', '', '', '', ''], ['', '', '', '', '', '', '', '', '', '', '', '', '', '', '', '', '', '', '', '', '', '']]"|FASHION|1|0|Ji|E|"['[[\'「 시크하게! 블레이저와 함께 」\', \'「 시크하게! 블레이저와 함께 」\', \'\', \'\', \'\', ""완연하게 무르익은 가을날, 코트와 패딩으로 넘어가기 전, 재킷을 즐길 수 있는 더없이 소중한 날씨죠. 클래식한 디자인의 블레이저를 데일리 룩으로 선택했다면? 옷장에서 꺼내야 할 액세서리가 있습니다. 그 주인공은 바로 벨트! 벨트의 사전적 정의는 \'바지 따위가 흘러내리지 아니하게 옷의 허리 부분에 둘러매는 띠\'라지만, 벨트의 활약은 여기서 끝이 아닙니다. 가을 옷차림에서 벨트를 활용하는 가장 손쉬운 방법은 블레이저 위에 매치하는 거죠. 보테가 베네타의 벨트를 포인트로 활용한 차정원, 올 블랙 룩을 선보인 패션모델이자 인플루언서인 아말리 무스가드의 스타일링을 참고하세요. 오버사이즈 핏 재킷 위에 더해진 벨트 하나만으로도 시크하고 스타일리시한 분위기를 자아낸답니다."", \'「 롱 아우터와 함께! 프로포션 잡아주기 」\', \'「 롱 아우터와 함께! 프로포션 잡아주기 」\', \'무릎 밑까지 내려오는 롱 아우터나 드레스 같은 아이템을 좀 더 드레시하게 연출하고 싶다면? 벨트의 힘을 빌려보세요. 프로포션을 좋아 보이게 만들어줄 뿐만 아니라 별다른 액세서리를 더하지 않아도 근사하게 만들어준답니다. 이때 벨트는 과감하고 포인트가 되는 디자인을 골라도 OK! 김나영은 구조적인 디자인의 롱 카디건 위에 볼드한 골드 버클이 돋보이는 와이드 벨트로 허리 라인을 강조해 프로포션을 영민하게 보이도록 스타일링 했어요. 벨트에 디자인에 맞춰 네크리스와 슈즈를 선택한 센스도 눈여겨보세요.\', \'「 벨트, 백으로 즐기기 」\', \'「 벨트, 백으로 즐기기 」\', \'하이 패션 브랜드부터 SPA 브랜드까지! 다채로운 디자인의 힙색, 즉 벨트 백이 쏟아지는 요즘. 뉴트로 트렌드, 미니 백 열풍과 맞물려 벨트 백의 인기가 식을 줄 모른답니다. 손을 가볍게 해주는 편의성 역시 벨트 백의 장점이기도 하죠. 또 벨트 백 그 자체로 존재감을 뽐내는 디자인이라 룩의 포인트로 활용하기도 제격이랍니다. 강민경은 데님 팬츠에 브라운 컬러 벨트 백을 매치해 따라 하고 싶은 OOTD를 완성했는데요. 벨트 백과 어우러지는 웜 톤 컬러의 체크 재킷과 머스터드 옐로 탑, 베이지 머플러와의 컬러 매치가 감탄을 자아내죠? 그의 스타일링처럼 벨트 백을 메인으로 다른 아이템의 컬러와 패턴을 세심하게 조율해 데일리 룩을 완성해보세요.\', \'「 벨트 쇼핑 리스트 BEST 7 」\', \'「 벨트 쇼핑 리스트 BEST 7 」\', \'\', \'\', \'\', \'\', \'\', \'\', \'\', \'\', \'\', \'\', \'\', \'\', \'\', \'\', \'\', \'\', \'\', \'\', \'\', \'\', \'\', \'\', \'\', \'\', \'\', \'\', \'\'], [\'\', \'\', \'\', \'\', \'\', \'\', \'\', \'\', \'\', \'\', \'\', \'\', \'\', \'\', \'\', \'\', \'\', \'\', \'\', \'\', \'\', \'\']]']"
환불 원정대 제시부터 블핑 지수까지! 셉럽들의 레오퍼드 패션 7|http://v.media.daum.net/v/20201014070031042|2020.10.14|http://v.media.daum.net/v/20201014070031042?f=o|[[], ['', '러블리한 블랙핑크의 지수도 레오퍼드 패턴을 입으면 섹시함이 뿜! 구불구불한 웨이브 헤어와 진한 아이 메이크업, 볼드한 주얼리를 추가한 빈틈없이 관능적인 모습으로 무대 찢으러 갑니다.', '', '‘환불원정대’라는 타이틀이 아깝지 않은 제시의 비주얼을 보세요. 레더 재킷과 캐츠 아이 선글라스, 버건디 립으로 넘사벽 포스를 드러낸 이효리 옆에서도 절대 꿀리지 않는 카리스마를 내뿜는 이유는 레오퍼드 패턴의 푸퍼 재킷 덕분!', '', '아이린이 입은 펜디의 드레스는 레오퍼드 패턴을 그래픽적으로 풀어낸 점이 눈에 띕니다. 적에게 몸을 숨기기 위한 야생의 비정형적인 패턴을 복고적인 벽지 패턴처럼 탈바꿈한 것이 독특하죠. 이런 프린트라면 귀여운 분위기를 연출하기 좋겠네요.', '', '떼인 돈도 받아줄 것 같은 포스의 이사배. 광택감이 느껴지는 소재의 레오퍼드 재킷으로 패턴이 주는 강렬함을 200% 활용한 것이 키 포인트입니다. 여기에 그녀의 장기를 살린 블랙 립 메이크업으로 포스있게 마무리를 했어요.', '', '수수한 민낯의 선미는 집에서 쉴 때도 레오퍼드 패턴의 랩 드레스로 패셔너블한 ‘집콕’ 룩을 즐깁니다. ‘온’이나 ‘오프’일 때나 톱스타의 면모를 드러내는 그녀!', '', '볼륨감 있는 크롭트 톱으로 허리 라인을 시원하게 드러낸 김예림은 레오퍼드 패턴의 벨보텀 팬츠로 남다른 패션 감각을 뽐냈습니다. 데님 팬츠였다면 지루해 보였을지 모르는 룩이 에지있는 레오퍼드 패턴으로 개성 있게 변신했어요.', '', '레오퍼드 패턴, ‘꾸안꾸’ 룩으로 연출하는 것도 가능합니다. 와이드 진과 레오퍼드 패턴의 셔츠를 내추럴하게 스타일링하고 볼 캡을 더해 편안한 주말 나들이 룩으로 즐긴 이호정처럼 말이죠.']]|FASHION|1|0|Ji|E|"[""[[], ['', '러블리한 블랙핑크의 지수도 레오퍼드 패턴을 입으면 섹시함이 뿜! 구불구불한 웨이브 헤어와 진한 아이 메이크업, 볼드한 주얼리를 추가한 빈틈없이 관능적인 모습으로 무대 찢으러 갑니다.', '', '‘환불원정대’라는 타이틀이 아깝지 않은 제시의 비주얼을 보세요. 레더 재킷과 캐츠 아이 선글라스, 버건디 립으로 넘사벽 포스를 드러낸 이효리 옆에서도 절대 꿀리지 않는 카리스마를 내뿜는 이유는 레오퍼드 패턴의 푸퍼 재킷 덕분!', '', '아이린이 입은 펜디의 드레스는 레오퍼드 패턴을 그래픽적으로 풀어낸 점이 눈에 띕니다. 적에게 몸을 숨기기 위한 야생의 비정형적인 패턴을 복고적인 벽지 패턴처럼 탈바꿈한 것이 독특하죠. 이런 프린트라면 귀여운 분위기를 연출하기 좋겠네요.', '', '떼인 돈도 받아줄 것 같은 포스의 이사배. 광택감이 느껴지는 소재의 레오퍼드 재킷으로 패턴이 주는 강렬함을 200% 활용한 것이 키 포인트입니다. 여기에 그녀의 장기를 살린 블랙 립 메이크업으로 포스있게 마무리를 했어요.', '', '수수한 민낯의 선미는 집에서 쉴 때도 레오퍼드 패턴의 랩 드레스로 패셔너블한 ‘집콕’ 룩을 즐깁니다. ‘온’이나 ‘오프’일 때나 톱스타의 면모를 드러내는 그녀!', '', '볼륨감 있는 크롭트 톱으로 허리 라인을 시원하게 드러낸 김예림은 레오퍼드 패턴의 벨보텀 팬츠로 남다른 패션 감각을 뽐냈습니다. 데님 팬츠였다면 지루해 보였을지 모르는 룩이 에지있는 레오퍼드 패턴으로 개성 있게 변신했어요.', '', '레오퍼드 패턴, ‘꾸안꾸’ 룩으로 연출하는 것도 가능합니다. 와이드 진과 레오퍼드 패턴의 셔츠를 내추럴하게 스타일링하고 볼 캡을 더해 편안한 주말 나들이 룩으로 즐긴 이호정처럼 말이죠.']]""]"
파샤 드 까르띠에와 지수, 세훈, 손흥민의 공통점|http://v.media.daum.net/v/20200929095636515|2020.09.29|http://v.media.daum.net/v/20200929095636515?f=o|"[['', '', '', ""「 가장 파워풀한 두 개의 심장, 손흥민 」\n한계를 뛰어넘는 가능성과 재능, 도전을 추구하는 파샤 드 까르띠에의 가치와 완전히 닮아있는 축구선수 손흥민은 이번 프로젝트를 통해 파샤의 '역동적인 무브먼트'를 선보인다. 손흥민은 EPL 진출 이래 처음으로 한 경기 4골을 폭발시키며 전 세계를 무대로 자신의 가치를 증명하고 있다. 매 경기 최선을 다해 그라운드를 쉼없이 누비는 손흥민은 정확하면서도 힘찬 움직임을 구현하다는 점에서 파샤 드 까르띠에와 공통점을 지닌다. 이번 디지털 프로젝트에서는 지치지 않는 두 개의 심장을 상징하는 손흥민과 파샤 드 까르띠에의 무중력의 상태와 빠른 움직임을 대비하여 역동성을 더욱 극대화하였다."", '「 가장 파워풀한 두 개의 심장, 손흥민 」', '', '', '', '', '', '', '', '', '', '', '', '', '', '', '', '', '', '', '', '', '', '「 반전 매력의 주인공, 엑소 세훈 」\n두 번째 주인공은 전세계를 무대로 활동을 펼치고 있는 그룹 엑소의 세훈. 가수 활동을 넘어 최근 배우 타이틀을 더한 세훈은 한계를 뛰어넘는 가능성과 재능, 도전을 추구하는 파샤 드 까르띠에의 철학과 완벽하게 어우러진다. 이러한 공통점을 가진 세훈과 파샤 드 까르띠에는 이번 디지털 프로젝트에서 각자의 반전 매력을 감각적으로 구현했다. 배우와 아이돌을 오가는 세훈의 변화무쌍한 모습을 특허 받은 퀵 스위치 시스템을 장착해 손쉽게 스트랩 호환이 가능한 파샤 드 까르띠에 워치에 비유하며 변화와 반전이라는 주제를 확실하게 드러낸 것. 세훈은 배우의 모습에서는 클래식한 레더 스트랩을, 화려하고 쿨한 아이돌의 모습에서는 스틸 브레이슬릿을 착용해 완전히 상반된 매력을 발산한다. 이렇듯 세훈과 파샤 드 까르띠에 워치는 차곡차곡 쌓아온 시간만큼, 2가지 모습 모두에서 완벽함을 자랑해 깊은 인상을 준다.', '「 반전 매력의 주인공, 엑소 세훈 」', '', '', '', '', '', '', '', '', '', '', '', '', '', '', '', '', '', '', '', '', '', '', '', '「 1초 단위의 아름다움, 블랙핑크 지수 」\n한국은 물론 세계적인 팬덤을 가지고 있는 블랙핑크의 지수는 이번 디지털 프로젝트를 통해 지수의 눈, 코, 입과 파샤 드 까르띠에의 디자인 요소들을 오버랩하여 ‘아름다움’이라는 주제를 감각적으로 보여준다. 지수의 눈에서 시계의 인덱스로, 코에서 시계 바늘 그리고 귀에서 크라운으로 교차되며, 마침내 서로를 마주한 두 얼굴에서 느껴지는 아름다운 순간을 담았다. 어떤 각도에서 바라봐도 완벽한 모습의 지수와 파샤 드 까르띠에가 서로에게 자연스레 스며드는 시간은 그 자체로 눈부신 조화를 이룬다.', '「 1초 단위의 아름다움, 블랙핑크 지수 」', '', '', '', '', '', '', '', '', '', '', '', '', '', '', '', '', '', '', '', '', '', '', '', '', '', '', '', '', '', '', '', '', '', '', '「 파샤 드 까르띠에 」\n까르띠에 최초의 방수 워치로, 역동적이고 현대적인 이미지와 스포티즘의 매력이 더해진 유니섹스 워치 컬렉션이다. 아름다운 디자인 요소는 물론 특허 출원한 퀵 스위치 시스템과 스마트 링크 시스템을 더해 착용자가 직접 스트랩을 호환하고, 브레이슬릿 길이를 조절할 수 있는 실용성을 더했다. 특히 리뉴얼과 함께 자체제작 무브먼트 1847 MC를 탑재해 한층 더 강력해졌으며, 1847 MC의 정교한 움직임을 사파이어 크리스탈 케이스백을 통해 감상할 수 있어 더욱 시선을 사로잡는다. 이처럼 오리지널 모델에 더욱 정교해진 기능과 디테일을 갖춰, 2020년 새로운 모습으로 돌아왔다.', '「 파샤 드 까르띠에 」'], ['까르띠에가 1980년대부터 이어져온 브랜드의 아이코닉한 컬트 워치, ‘파샤 드 까르띠에’의 귀환을 기념해 한국을 대표하는 MZ 세대 3인과 함께하는 디지털 프로젝트를 전개한다. 모던하고 아름다운 디자인 코드, 변화무쌍한 반전 매력, 역동적인 무브먼트 등 새로운 파샤 드 까르띠에 워치의 매력을 꼭 닮은 ‘블랙핑크의 지수, 엑소 세훈, 손흥민’을 만나 다양한 메시지와 차별화된 가치로 다시 태어난다. 언제나 한계를 극복하기 위해 노력하는 까르띠에는 이번 프로젝트를 통해 새로운 세계를 정복하고 미래의 워치메이킹 스탠다드를 만들기 위한 끝없는 여정을 그들과 함께 이어간다.', '• 역동적인 무브먼트 - 손흥민', '• 변화무쌍한 반전 매력 - 세훈', '• 아름다운 디자인 코드 - 지수', '역동적인 무브먼트 - 손흥민', '', '', '', '', '', '', '', '', '', '변화무쌍한 반전 매력 - 세훈', '', '', '', '', '', '', '', '', '', '', '아름다운 디자인 코드 - 지수', '', '', '', '', '', '', '', '', '', '', '', '', '', '', '', '', '']]"|FASHION|1|0|Ji|E|"['[[\'\', \'\', \'\', ""「 가장 파워풀한 두 개의 심장, 손흥민 」\\n한계를 뛰어넘는 가능성과 재능, 도전을 추구하는 파샤 드 까르띠에의 가치와 완전히 닮아있는 축구선수 손흥민은 이번 프로젝트를 통해 파샤의 \'역동적인 무브먼트\'를 선보인다. 손흥민은 EPL 진출 이래 처음으로 한 경기 4골을 폭발시키며 전 세계를 무대로 자신의 가치를 증명하고 있다. 매 경기 최선을 다해 그라운드를 쉼없이 누비는 손흥민은 정확하면서도 힘찬 움직임을 구현하다는 점에서 파샤 드 까르띠에와 공통점을 지닌다. 이번 디지털 프로젝트에서는 지치지 않는 두 개의 심장을 상징하는 손흥민과 파샤 드 까르띠에의 무중력의 상태와 빠른 움직임을 대비하여 역동성을 더욱 극대화하였다."", \'「 가장 파워풀한 두 개의 심장, 손흥민 」\', \'\', \'\', \'\', \'\', \'\', \'\', \'\', \'\', \'\', \'\', \'\', \'\', \'\', \'\', \'\', \'\', \'\', \'\', \'\', \'\', \'\', \'「 반전 매력의 주인공, 엑소 세훈 」\\n두 번째 주인공은 전세계를 무대로 활동을 펼치고 있는 그룹 엑소의 세훈. 가수 활동을 넘어 최근 배우 타이틀을 더한 세훈은 한계를 뛰어넘는 가능성과 재능, 도전을 추구하는 파샤 드 까르띠에의 철학과 완벽하게 어우러진다. 이러한 공통점을 가진 세훈과 파샤 드 까르띠에는 이번 디지털 프로젝트에서 각자의 반전 매력을 감각적으로 구현했다. 배우와 아이돌을 오가는 세훈의 변화무쌍한 모습을 특허 받은 퀵 스위치 시스템을 장착해 손쉽게 스트랩 호환이 가능한 파샤 드 까르띠에 워치에 비유하며 변화와 반전이라는 주제를 확실하게 드러낸 것. 세훈은 배우의 모습에서는 클래식한 레더 스트랩을, 화려하고 쿨한 아이돌의 모습에서는 스틸 브레이슬릿을 착용해 완전히 상반된 매력을 발산한다. 이렇듯 세훈과 파샤 드 까르띠에 워치는 차곡차곡 쌓아온 시간만큼, 2가지 모습 모두에서 완벽함을 자랑해 깊은 인상을 준다.\', \'「 반전 매력의 주인공, 엑소 세훈 」\', \'\', \'\', \'\', \'\', \'\', \'\', \'\', \'\', \'\', \'\', \'\', \'\', \'\', \'\', \'\', \'\', \'\', \'\', \'\', \'\', \'\', \'\', \'\', \'「 1초 단위의 아름다움, 블랙핑크 지수 」\\n한국은 물론 세계적인 팬덤을 가지고 있는 블랙핑크의 지수는 이번 디지털 프로젝트를 통해 지수의 눈, 코, 입과 파샤 드 까르띠에의 디자인 요소들을 오버랩하여 ‘아름다움’이라는 주제를 감각적으로 보여준다. 지수의 눈에서 시계의 인덱스로, 코에서 시계 바늘 그리고 귀에서 크라운으로 교차되며, 마침내 서로를 마주한 두 얼굴에서 느껴지는 아름다운 순간을 담았다. 어떤 각도에서 바라봐도 완벽한 모습의 지수와 파샤 드 까르띠에가 서로에게 자연스레 스며드는 시간은 그 자체로 눈부신 조화를 이룬다.\', \'「 1초 단위의 아름다움, 블랙핑크 지수 」\', \'\', \'\', \'\', \'\', \'\', \'\', \'\', \'\', \'\', \'\', \'\', \'\', \'\', \'\', \'\', \'\', \'\', \'\', \'\', \'\', \'\', \'\', \'\', \'\', \'\', \'\', \'\', \'\', \'\', \'\', \'\', \'\', \'\', \'\', \'「 파샤 드 까르띠에 」\\n까르띠에 최초의 방수 워치로, 역동적이고 현대적인 이미지와 스포티즘의 매력이 더해진 유니섹스 워치 컬렉션이다. 아름다운 디자인 요소는 물론 특허 출원한 퀵 스위치 시스템과 스마트 링크 시스템을 더해 착용자가 직접 스트랩을 호환하고, 브레이슬릿 길이를 조절할 수 있는 실용성을 더했다. 특히 리뉴얼과 함께 자체제작 무브먼트 1847 MC를 탑재해 한층 더 강력해졌으며, 1847 MC의 정교한 움직임을 사파이어 크리스탈 케이스백을 통해 감상할 수 있어 더욱 시선을 사로잡는다. 이처럼 오리지널 모델에 더욱 정교해진 기능과 디테일을 갖춰, 2020년 새로운 모습으로 돌아왔다.\', \'「 파샤 드 까르띠에 」\'], [\'까르띠에가 1980년대부터 이어져온 브랜드의 아이코닉한 컬트 워치, ‘파샤 드 까르띠에’의 귀환을 기념해 한국을 대표하는 MZ 세대 3인과 함께하는 디지털 프로젝트를 전개한다. 모던하고 아름다운 디자인 코드, 변화무쌍한 반전 매력, 역동적인 무브먼트 등 새로운 파샤 드 까르띠에 워치의 매력을 꼭 닮은 ‘블랙핑크의 지수, 엑소 세훈, 손흥민’을 만나 다양한 메시지와 차별화된 가치로 다시 태어난다. 언제나 한계를 극복하기 위해 노력하는 까르띠에는 이번 프로젝트를 통해 새로운 세계를 정복하고 미래의 워치메이킹 스탠다드를 만들기 위한 끝없는 여정을 그들과 함께 이어간다.\', \'• 역동적인 무브먼트 - 손흥민\', \'• 변화무쌍한 반전 매력 - 세훈\', \'• 아름다운 디자인 코드 - 지수\', \'역동적인 무브먼트 - 손흥민\', \'\', \'\', \'\', \'\', \'\', \'\', \'\', \'\', \'\', \'변화무쌍한 반전 매력 - 세훈\', \'\', \'\', \'\', \'\', \'\', \'\', \'\', \'\', \'\', \'\', \'아름다운 디자인 코드 - 지수\', \'\', \'\', \'\', \'\', \'\', \'\', \'\', \'\', \'\', \'\', \'\', \'\', \'\', \'\', \'\', \'\', \'\']]']"
가방에 쏙! 간절기 BEST 스카프 활용법|http://v.media.daum.net/v/20200925072630997|2020.09.25|http://v.media.daum.net/v/20200925072630997?f=o|[['', '', '', '', '스카프의 가장 기본적인 용도는 목에 두르는 것이죠. 얇고 긴 형태의 트윌리로 선택하면 부피감이 적기 때문에 스타일링 하기에도 훨씬 간단하죠. 이해리처럼 재킷 룩에 활용해도 좋고, 네크라인이 드러나는 원피스에 더해도 굿!', '', '', '', '', '스카프를 목에만 두른다는 고정관념은 버려도 좋아요. 트윌리 스카프를 손목에 묶으면 액세서리처럼 연출이 가능합니다. 아 대를 착용하듯 손목에 단정하게 묶기보다는 지수처럼 스카프 끝을 늘어뜨려 묶어주면 더 여성스럽고 스페셜해 보일 거예요. 이때 브레이슬렛과 함께 레이어드하면 또 다른 인상을 완성할 수도 있어요.', '', '', '', '', '올리비아 팔레르모는 스카프의 또 다른 활용법을 제시합니다. 이제는 외출 시 꼭 필요한 마스크! 그녀는 마스크 대신 룩에 어울리는 스카프를 선택해 코와 입을 가려 묶어 에지있게 스타일링했어요. 이렇게 우아한 마스크라니! 당장에라도 따라 하고 싶어지네요.', '', '', '', '', '강승현은 포니테일로 묶은 헤어에 스카프를 둘렀습니다. 대충 묶은 스카프 한장이 완벽한 레트로 무드를 완성하고 있네요. 빈티지한 무드의 스카프 한장을 스크런치 대신 활용한 그녀의 스타일링 센스에 엄지 척!'], ['', '', '', '정사각형 모양의 커다란 실크 스카프는 어깨에 둘러 연출하기 제격! 특히 요즘처럼 아침저녁으로 선선한 날씨에 스카프 한장 가방에 쏙 넣어 다닌다면 그때그때 꺼내 간편하게 스타일링 할 수 있습니다. 최희서처럼 룩과 톤온톤 컬러의 스카프를 선택하면 통일되어 보이는 깔끔한 스타일을 즐길 수 있어요.', '', '', '', '', '', '', '', '', '']]|FASHION|0|0|Ji|E|['스카프를 목에만 두른다는 고정관념은 버려도 좋아요. 트윌리 스카프를 손목에 묶으면 액세서리처럼 연출이 가능합니다. 아 대를 착용하듯 손목에 단정하게 묶기보다는 지수처럼 스카프 끝을 늘어뜨려 묶어주면 더 여성스럽고 스페셜해 보일 거예요. 이때 브레이슬렛과 함께 레이어드하면 또 다른 인상을 완성할 수도 있어요.']
블핑 지수부터 손나은까지 스타들의 필수템 #화이트셔츠 돌려 입기|http://v.media.daum.net/v/20200917070030044|2020.09.17|http://v.media.daum.net/v/20200917070030044?f=o|[[], ['', '화이트 셔츠와 데님 팬츠 매치는 언제나 실패 없는 스타일! 자칫 단조로울 수 있는 조합을 개성 있게 소화하고 싶다면 셔츠의 디테일에 신경 써보세요. 중성적인 디자인의 오버사이즈 셔츠에 독특한 절개가 더해진 아방가르드한 셔츠를 선택한 이하이. 크롭트 길이의 셔츠가 뻔한 느낌을 지우는 데 한몫하는 듯합니다.', '', '지수는 심플한 디자인의 셔츠에 체크 패턴 미니스커트를 매치해 스쿨 룩 스타일을 즐겼는데요, 정석대로 연출하기보다는 셔츠를 스커트 밖으로 내어 입고 단추를 위의 두 개만 잠가 허리라인을 살짝 드러냈습니다. 짙은 스모키 메이크업에 삐딱한 포즈까지 더하니 평소 보여주던 러블리한 이미지와 180도 다른 걸크러시를 뽐내고 있군요. 반전의 매력으로 오늘도 팬심 몰이 성공!', '', '에이핑크의 박초롱은 오버사이즈의 화이트 셔츠와 블랙 벨트를 활용해 드레스에 견주어도 손색없는 스타일을 보여주었어요. 여기서 주의 깊게 보아야 할 점은 네크라인. 단추를 열고 어깨 라인을 넓게 보여주는 스타일링 방식이 아름답습니다. 특별한 날에 참고해보아도 좋을 것 같네요.', '', '하얀 도화지 같은 매력의 화이트 셔츠는 다른 아이템과 어떻게 매치하느냐에 따라 다른 인상을 선사하기도 합니다. 이번 시즌 급부상하고 있는 에스닉한 패턴의 니트 베스트를 레이어드한 이시영의 스타일을 눈여겨보세요. 화이트 셔츠의 다른 면모를 발견할 수 있을 테니까요.', '', '손나은은 볼륨감 있는 소매 디테일의 화이트 셔츠를 레더 소재의 쇼츠와 매치해 쿨하고 시크하게 소화했어요. 아침저녁으로는 선선하지만, 한낮은 아직 뜨거운 요즘 같은 계절에 활용하기 좋은 스타일이네요. 컬러감이 있는 미니 백과 골드 주얼리로 세련된 포인트를 더한 스타일링 센스도 굿!']]|FASHION|1|0|Ji|E|"[""[[], ['', '화이트 셔츠와 데님 팬츠 매치는 언제나 실패 없는 스타일! 자칫 단조로울 수 있는 조합을 개성 있게 소화하고 싶다면 셔츠의 디테일에 신경 써보세요. 중성적인 디자인의 오버사이즈 셔츠에 독특한 절개가 더해진 아방가르드한 셔츠를 선택한 이하이. 크롭트 길이의 셔츠가 뻔한 느낌을 지우는 데 한몫하는 듯합니다.', '', '지수는 심플한 디자인의 셔츠에 체크 패턴 미니스커트를 매치해 스쿨 룩 스타일을 즐겼는데요, 정석대로 연출하기보다는 셔츠를 스커트 밖으로 내어 입고 단추를 위의 두 개만 잠가 허리라인을 살짝 드러냈습니다. 짙은 스모키 메이크업에 삐딱한 포즈까지 더하니 평소 보여주던 러블리한 이미지와 180도 다른 걸크러시를 뽐내고 있군요. 반전의 매력으로 오늘도 팬심 몰이 성공!', '', '에이핑크의 박초롱은 오버사이즈의 화이트 셔츠와 블랙 벨트를 활용해 드레스에 견주어도 손색없는 스타일을 보여주었어요. 여기서 주의 깊게 보아야 할 점은 네크라인. 단추를 열고 어깨 라인을 넓게 보여주는 스타일링 방식이 아름답습니다. 특별한 날에 참고해보아도 좋을 것 같네요.', '', '하얀 도화지 같은 매력의 화이트 셔츠는 다른 아이템과 어떻게 매치하느냐에 따라 다른 인상을 선사하기도 합니다. 이번 시즌 급부상하고 있는 에스닉한 패턴의 니트 베스트를 레이어드한 이시영의 스타일을 눈여겨보세요. 화이트 셔츠의 다른 면모를 발견할 수 있을 테니까요.', '', '손나은은 볼륨감 있는 소매 디테일의 화이트 셔츠를 레더 소재의 쇼츠와 매치해 쿨하고 시크하게 소화했어요. 아침저녁으로는 선선하지만, 한낮은 아직 뜨거운 요즘 같은 계절에 활용하기 좋은 스타일이네요. 컬러감이 있는 미니 백과 골드 주얼리로 세련된 포인트를 더한 스타일링 센스도 굿!']]""]"
지금은 청청시대|http://v.media.daum.net/v/20200907000123175|2020.09.07|http://v.media.daum.net/v/20200907000123175?f=o|[[], ['━', 'SUPER DENIM', '', '', '', '', '', '', '']]|FASHION|0|2|Ji|E|[]
아이스크림 칠링칠링, 블랙핑크와 셀레나 고메즈의 (스압주의)|http://v.media.daum.net/v/20200828185828416|2020.08.28|http://v.media.daum.net/v/20200828185828416?f=o|[['', '', ''], ['', '드디어 베일을 벗은 블랙핑크와 셀레나 고메즈의 컬래버레이션, 새로운 싱글 〈Ice Cream〉!', '이들의 모습에 심쿵하지 않을 수 없죠! 핑크의 해답은 이들에게 있었습니다. 제니, 로제, 리사, 지수 그리고 셀레나 고메즈는 온통 핑크빛으로 채워진 뮤직비디오를 선보였어요.', '블랙핑크와 셀레나 고메즈의 만남은 여성 아티스트의 역대급 컬래버레이션으로 꼽힙니다. 유튜브 채널 구독자 수만으로도 전 세계 여성 아티스트 1위인 블랙핑크와 인스타그램 팔로워 수만 약 1억8700만명에 달하는 셀레나 고메즈의 만남은 그 자체로 막강한 파급력을 자랑하거든요.', '', '‘겉으로는 차가워 보이지만 알고 보면 달콤하다’는 의미를 아이스크림에 비유, 톡톡 튀는 멜로디로 풀어냈어요. 또, 청량한 댄스 팝의 〈Ice Cream〉은 글로벌 음악 시장을 정통으로 돌파했습니다. 미국 동부 기준으로 8월 28일 0시, 한국 시각으로는 같은 날 오후 1시 공개했고, 5시간 만에 조회수 26,883,450회를 기록했죠. 중독성 짙은 쉬운 가사와 영어와 한국어가 절묘하게 섞여 벌써 아이튠스, 스포티파이 글로벌 Top 50, 미국 빌보드 Top 100등 각종 차트를 휩쓸며 고공행진 중!', '더불어, 온통 핑크투성이의 보는 맛 가득한 스타일링! 특히 핑크와 옐로, 블루, 반짝이는 글리터가 올라간 아이 메이크업 스타일링이 눈에 띕니다.', '', '', '', '', '', '', '', '', '', '', '', '', '', '', '', '', '', '', '오는 10월 2일, 데뷔 4년 만의 첫 정규 앨범 발매를 일찌감치 예고한 블랙핑크! 얼마나 멋진 모습일지 벌써 기대되는군요.', '']]|STAR|0|0|Ji|E|['이들의 모습에 심쿵하지 않을 수 없죠! 핑크의 해답은 이들에게 있었습니다. 제니, 로제, 리사, 지수 그리고 셀레나 고메즈는 온통 핑크빛으로 채워진 뮤직비디오를 선보였어요.']
블랙핑크 지수, 드라마 '설강화' 주연 발탁!_#ELLE뉴스|http://v.media.daum.net/v/20200818122628071|2020.08.18|http://v.media.daum.net/v/20200818122628071?f=o|"[['', '', '', '', '', '', '시놉시스부터 편성, 주인공 라인업 등 아직 많은 부분이 불투명한데, 여주인공은 확정이 되었습니다. 바로 블랙핑크 지수! 설강화라는 꽃과 잘 어울린다고 생각하는 거, 저만 그런 거 아니죠? 지수는 2019년 드라마 〈아스달 연대기〉에서 사야(송중기)의 첫사랑 새나래로 깜짝 등장했었고, 2015년 드라마 〈프로듀사〉에서도 까메오로 등장했지요. 〈프로듀사〉에 출연한 지수의 모습은 블랙핑크의 세 번째 멤버로 발표(2016년 6월!)되기 직전이었던 터라 짧은 출연에도 불구하고 많은 이슈가 되었어요. 블랙핑크 데뷔 전에는 2014년 에픽하이의 뮤직비디오 ‘스포일러+헤픈엔딩’, 2014년 하이 수현의 ‘나는 달라’ 뮤직비디오에 출연했어요.', '', '', '', '', '', ''], ['설강화는 이름 그대로 ‘하늘에서 떨어지는 눈송이’를 닮은 꽃입니다. 낯선 꽃이죠? 하지만 곧 익숙해지실 거예요. 2018~19년 겨울을 뒤흔든 드라마 〈SKY캐슬〉의 유현미 작가와 조현탁 PD의 차기작 제목이 〈설강화〉거든요. 아직 가제라 바뀔 수 있다고 해요.', '', '', '', ""블랙핑크 데뷔 때부터 이미 완성형 배우 얼굴로 평가 받은 지수의 드라마 주연! 기대가 됩니다. 아, 설강화의 꽃말은 '희망'이에요. 20대 여배우 기근 속에 좋은 배우가 탄생하길 '희망'하는 우리의 마음과 같이!""]]"|STAR|1|0|Ji|E|"['[[\'\', \'\', \'\', \'\', \'\', \'\', \'시놉시스부터 편성, 주인공 라인업 등 아직 많은 부분이 불투명한데, 여주인공은 확정이 되었습니다. 바로 블랙핑크 지수! 설강화라는 꽃과 잘 어울린다고 생각하는 거, 저만 그런 거 아니죠? 지수는 2019년 드라마 〈아스달 연대기〉에서 사야(송중기)의 첫사랑 새나래로 깜짝 등장했었고, 2015년 드라마 〈프로듀사〉에서도 까메오로 등장했지요. 〈프로듀사〉에 출연한 지수의 모습은 블랙핑크의 세 번째 멤버로 발표(2016년 6월!)되기 직전이었던 터라 짧은 출연에도 불구하고 많은 이슈가 되었어요. 블랙핑크 데뷔 전에는 2014년 에픽하이의 뮤직비디오 ‘스포일러+헤픈엔딩’, 2014년 하이 수현의 ‘나는 달라’ 뮤직비디오에 출연했어요.\', \'\', \'\', \'\', \'\', \'\', \'\'], [\'설강화는 이름 그대로 ‘하늘에서 떨어지는 눈송이’를 닮은 꽃입니다. 낯선 꽃이죠? 하지만 곧 익숙해지실 거예요. 2018~19년 겨울을 뒤흔든 드라마 〈SKY캐슬〉의 유현미 작가와 조현탁 PD의 차기작 제목이 〈설강화〉거든요. 아직 가제라 바뀔 수 있다고 해요.\', \'\', \'\', \'\', ""블랙핑크 데뷔 때부터 이미 완성형 배우 얼굴로 평가 받은 지수의 드라마 주연! 기대가 됩니다. 아, 설강화의 꽃말은 \'희망\'이에요. 20대 여배우 기근 속에 좋은 배우가 탄생하길 \'희망\'하는 우리의 마음과 같이!""]]']"
장마철 뷰티 비책|http://v.media.daum.net/v/20200803061028011|2020.08.03|http://v.media.daum.net/v/20200803061028011?f=o|[['「 클렌징 」\n습도가 높아 대기 중의 미세 먼지나 유해물질이 피부에 흡착되기 쉬운 장마철엔 잘 씻는 것이 중요합니다. 여름이라도 찬물로 씻는 것은 금물! 모공에 쌓인 노폐물을 제대로 씻어내려면 37도 내외의 미온수를 사용하세요. 묵은 각질을 정리하는 제품을 주기적으로 사용하는 것도 중요해요.', '「 클렌징 」', '「 스킨 케어 」\n장마철엔 평소보다 스킨케어의 단계를 단순하게 바꿔보세요. 피부에 느껴지는 끈적임과 답답함을 줄일 수 있을 거예요. 무거운 제형의 유분 크림보다는 가볍고 산뜻하게 마무리되는 수분 크림을 수시로 덧바르는 것이 좋아요. 수딩 기능이 있는 제품을 사용하는 것도 장마철 피부 관리에 도움을 줄 수 있어요.', '「 스킨 케어 」', '「 메이크업 」\n공들여 메이크업해도 습도가 높은 날엔 쉽게 번들거리게 되죠. 온도와 습도가 높아 피부 흡수가 잘 이루어지지 않기 때문이에요. 화장이 잘 먹지 않는다고 메이크업을 두껍게 하면 쉽게 번지거나 뭉치는 현상이 발생하니 프라이머로 주름이나 모공을 정리하고 리퀴드 제형의 컨실러를 스펀지로 얇게 펴 바른 뒤 미세한 입자의 파우더나 메이크업 픽서로 마무리해 보세요.', '「 메이크업 」', '「 헤어 케어 」\n비 오는 날 외출했다면 가급적 저녁에 머리를 감는 것이 좋아요. 샴푸를 할 때 가벼운 두피 마사지로 각종 노폐물을 깨끗하게 제거한 뒤 머리를 바짝 말려주세요. 이때 헤어드라이어의 찬 바람과 더운 바람을 번갈아 사용해 헤어의 뿌리 쪽을 살리면 미역 줄기처럼 축 늘어지는 고민을 덜 수 있어요. 볼륨 에센스를 조금씩 나누어 꼼꼼하게 덧바르면 비 오는 날에도 탄력 있는 헤어 스타일을 유지할 수 있어요.', '「 헤어 케어 」'], ['장마철 피부와 헤어 고민은 습기에서 비롯됩니다. 여름철엔 땀을 많이 흘려 피지가 많아지는 데다 습도가 높은 장마철엔 세균이 번식하기 좋은 환경이 만들어지죠. 게다가 모발은 대기 중의 수분을 끌어당기는 성질이 있어 축축 처지고 부스스해지곤 해요. 내리는 비를 막을 순 없지만, 장마철 최적의 뷰티 컨디션을 유지하기 위한 솔루션은 존재합니다.', '', '', '', '', '', '', '', '', '']]|BEAUTY|0|2|Ji|E|[]
여름에도 카디건|http://v.media.daum.net/v/20200803053231618|2020.08.03|http://v.media.daum.net/v/20200803053231618?f=o|[['', '', '', '', '여름에도 카디건을 입고 싶다면 제니처럼 스킨이 비치는 얇은 소재로 선택하세요. 이런 카디건은 장마철 쌀쌀한 날씨에는 물 론 한여름 뜨거운 태양으로부터 피부를 보호하기에도 안성맞춤이죠. 이너 없이 블라우스처럼 연출하면 또 다른 분위기를 낼 수 있으니 제니의 스타일을 참고해보세요.', '', '', '', '', '목 끝까지 단추를 채운 라벤더 컬러 카디건에 블랙 미니스커트를 매치한 지수. 센스있는 그녀는 가방까지 퍼플 톤으로 맞췄네요. 하늘이 잔뜩 흐려 기분까지 꿀꿀한 날엔 화사한 컬러의 카디건으로 기분 전환해 보는 것도 좋을 것 같네요.', '', '', '', '', '플로럴 패턴의 원피스에 연두색 크로셰 카디건을 걸친 현아. 평소 빈티지 룩을 즐기는 그녀의 취향이 고스란히 드러나는데요, 이렇게 성근 짜임은 바람이 솔솔 통해 여름에도 활용 만점!'], ['', '', '', '', '', '', '', '한예슬은 허리 라인을 시원하게 드러낸 크롭트 카디건에 테니스 스커트를 매치해 90년대 하이틴 영화 속 ‘퀸카’ 스타일로 변 신했어요. 검은색 긴 생머리에 대칭으로 꽂은 헤어핀과 도도한 표정까지 완벽하죠? 지금 가장 핫한 뉴트로 스타일에 도전하 고 싶다면 크롭트 카디건을 추천합니다~.', '', '튜브톱 이너와 카디건을 세트로 맞춰 입은 고소현. 타이트한 핏으로 그녀의 가녀린 보디 라인이 더욱 돋보입니다. 데콜테와 밸리 부분을 노출한 스타일링이 은근 섹시해보이기도 하죠? 여름에 카디건을 입을 땐 꼭꼭 채우는 것보다 드러내는 것이 진 리!']]|FASHION|0|0|Ji|E|['목 끝까지 단추를 채운 라벤더 컬러 카디건에 블랙 미니스커트를 매치한 지수. 센스있는 그녀는 가방까지 퍼플 톤으로 맞췄네요. 하늘이 잔뜩 흐려 기분까지 꿀꿀한 날엔 화사한 컬러의 카디건으로 기분 전환해 보는 것도 좋을 것 같네요.']
형형색색 아이 메이크업|http://v.media.daum.net/v/20200729192034605|2020.07.29|http://v.media.daum.net/v/20200729192034605?f=o|[['', '', '', '', '선미는 ‘보라빛 밤’이라는 자신의 노래 제목처럼 눈두덩이에 선명한 보라색 아이섀도를 넓게 펴 발랐네요. 쌍꺼풀 라인에서 아이홀 쪽으로 갈수록 연하게 그러데이션해 부드럽게 마무리했어요. 여기서 포인트는 바로 실버 글리터! 눈매를 따라 글리터 라인을 그려 눈을 떴을 때 한층 더 또렷하고 화려해 보이는 아이 메이크업을 완성합니다.'], ['', '아이라인을 점막 부분에만 그린다는 고정관념은 버려도 좋습니다. 눈두덩이에 넓게 펴 바른 아이섀도 대신 컬러 아이라이너 를 사용해 쌍꺼풀 위에 유니크한 라인을 그려보세요. 런웨이의 모델들은 비비드한 컬러의 라인 메이크업을 시도하곤 하지만 일상에선 부담스럽죠. 그럴 땐 지수처럼 튀지 않고 은은한 핑크 컬러를 선택하고 립과 치크의 톤을 맞춰주면 훨씬 자연스럽게 연출할 수 있답니다.', '', '', '', '올여름에는 네온 컬러가 빠질 수 없죠! 과감한 메이크업도 찰떡같이 소화하는 한예슬은 네온 컬러의 아이라이너를 이용해 개 성 있는 컬러 메이크업을 시도했는데요, 평소 사용하던 블랙 아이라이너 대신 컬러만 바꿔 그렸을 뿐인데 한결 에너지가 넘치 는 느낌이죠? 이미지 변신을 시도하고 싶다면 아이 메이크업에 네온 컬러를 추가해보세요.', '', '이사배는 각기 다른 4가지 컬러의 아이섀도를 활용해 눈가를 밝혔습니다. 네온 오렌지 컬러로 시작해 눈꼬리 부분은 펄감이 화려한 딥 퍼플 컬러로 마무리! 아이섀도를 눈꺼풀의 가로 방향으로 펴 바르는 방식이 아닌 세로로 그러데이션하는 스킬을 선 보였는데요, 그래서 그런지 마치 동화 속에서 튀어나온 듯 묘하고 몽환적인 분위기가 가득합니다.', '', '시원한 블루 컬러로 캣 아이 메이크업을 완성한 리아킴의 시크한 아이 메이크업 룩도 추천합니다!', '', '', '', '']]|BEAUTY|0|0|Ji|E|['아이라인을 점막 부분에만 그린다는 고정관념은 버려도 좋습니다. 눈두덩이에 넓게 펴 바른 아이섀도 대신 컬러 아이라이너 를 사용해 쌍꺼풀 위에 유니크한 라인을 그려보세요. 런웨이의 모델들은 비비드한 컬러의 라인 메이크업을 시도하곤 하지만 일상에선 부담스럽죠. 그럴 땐 지수처럼 튀지 않고 은은한 핑크 컬러를 선택하고 립과 치크의 톤을 맞춰주면 훨씬 자연스럽게 연출할 수 있답니다.']
제니, 걸그룹 브랜드 평판 1위 등극|http://v.media.daum.net/v/20200720215427204|2020.07.20|http://v.media.daum.net/v/20200720215427204?f=o|"[['', '', '', '', '‘How You Like That’으로 20년 6월 26일 컴백해 국내외 음원 차트와 유튜브 뷰, 음악 방송 9관왕 등 신기록을 갈아치우고 있는 블랙핑크. 압도적인 인기로 지금은 블랙핑크 시대라 명명해도 과언이 아닙니다. 이를 증명하듯 ‘한국 기업 평판 연구소’에서 내놓은 7월의 걸그룹 개인 브랜드 평판 랭킹에서 1위부터 3위까지 모두 블랙핑크 멤버가 차지했습니다. 1위 제니, 2위 리사, 3위 지수이고, 〈엘르〉 7월호의 뮤즈 로제는 6위에 랭크됐어요. 그들의 영향력이 얼마나 강력한지 새삼 느낄 수 있는 뉴스입니다.', '', '', '', '', '', ''], ['', '', '파격적인 헤어스타일과 세련된 영상미로 ‘How You Like That’ 뮤직비디오는 공개된 지 일주일 만에 2억 뷰를 달성했죠. 현재는 3억 뷰를 달성해 꾸준히 기록을 경신하고 있습니다.', '음원 활동뿐만 아니라 유튜브에서도 유쾌한 콘텐츠로 다양한 모습을 보여주기 시작한 블랙핑크 멤버들. 뮤직비디오 촬영 현장부터 춤 연습, 쇼핑, 공방 체험 등 바쁜 멤버들의 일상을 만날 수 있어 팬들의 뜨거운 반응을 얻고 있습니다. 춤이면 춤, 노래면 노래, 예능이면 예능까지 어느 하나 빠지지 않는 만능 엔터테이너 블랙핑크. 앞으로의 행보가 더욱 기대됩니다!', '‘블랙핑크’ 관련 기사 더 보기', '〉 블랙핑크가 쓰는 K-pop의 새 역사', '〉 로제, 우먼 인 블랙', '〉 블랙핑크 리사의 하루하루', ""〉 블랙핑크 지수의 '드림 워커'""]]"|STAR|0|0|Ji|E|"['‘How You Like That’으로 20년 6월 26일 컴백해 국내외 음원 차트와 유튜브 뷰, 음악 방송 9관왕 등 신기록을 갈아치우고 있는 블랙핑크. 압도적인 인기로 지금은 블랙핑크 시대라 명명해도 과언이 아닙니다. 이를 증명하듯 ‘한국 기업 평판 연구소’에서 내놓은 7월의 걸그룹 개인 브랜드 평판 랭킹에서 1위부터 3위까지 모두 블랙핑크 멤버가 차지했습니다. 1위 제니, 2위 리사, 3위 지수이고, 〈엘르〉 7월호의 뮤즈 로제는 6위에 랭크됐어요. 그들의 영향력이 얼마나 강력한지 새삼 느낄 수 있는 뉴스입니다.', '〉 블랙핑크 리사의 하루하루\', ""〉 블랙핑크 지수의 \'드림 워커\'""]]']"
디올의 뮤즈 지수, 청량한 여름을 닮은|http://v.media.daum.net/v/20200703001118827|2020.07.03|http://v.media.daum.net/v/20200703001118827?f=o|[['「 UNDER THE BLUE SKY 」\n여름 하늘처럼 맑고 청명하게 빛나는 지수의 얼굴. 디올 포에버 퍼펙트 쿠션을 가볍게 두드려 발라 화사하면서도 산뜻한 피부를 완성한다. 반짝이는 핑크 코럴빛의 디올 어딕트 스텔라 샤인, 673 디올참으로 지수의 장난기 넘치는 미소만큼이나 생기 가득한 입술을 표현한다. 사용 제품은 모두 Dior.', '「 UNDER THE BLUE SKY 」', '', '', '', '', '', '', '', '', '「 FOREVER DAYDREAMING 」\n그늘에서 즐기는 한낮의 망중한. 디올 포에버 파운데이션 루미너스 매트 피니쉬와 퍼펙트 쿠션을 얼굴 전체에 발라주고, 한 단계 밝은 디올 포에버 스킨 코렉트를 T존 중심으로 극소량만 덧발라 무너짐 없이 보송한 피부에 하이라이트를 준 듯한 입체감을 부여한다. 채도 높은 ‘쨍’한 레드 컬러인 디올 어딕트 스텔라 샤인, 859 디올인피니티를 립 라인 밖으로 살짝 번질 만큼 과감하게 발라 물기 머금은 느낌을 극대화한다. 사용 제품은 모두 Dior.', '「 FOREVER DAYDREAMING 」', '', '', '', '', '', '', '', '', '', ''], ['', '', '', '', '', '', '', '', '', '', '', '', '', '', '', '', '', '']]|BEAUTY|1|0|Ji|E|"[""[['「 UNDER THE BLUE SKY 」\\n여름 하늘처럼 맑고 청명하게 빛나는 지수의 얼굴. 디올 포에버 퍼펙트 쿠션을 가볍게 두드려 발라 화사하면서도 산뜻한 피부를 완성한다. 반짝이는 핑크 코럴빛의 디올 어딕트 스텔라 샤인, 673 디올참으로 지수의 장난기 넘치는 미소만큼이나 생기 가득한 입술을 표현한다. 사용 제품은 모두 Dior.', '「 UNDER THE BLUE SKY 」', '', '', '', '', '', '', '', '', '「 FOREVER DAYDREAMING 」\\n그늘에서 즐기는 한낮의 망중한. 디올 포에버 파운데이션 루미너스 매트 피니쉬와 퍼펙트 쿠션을 얼굴 전체에 발라주고, 한 단계 밝은 디올 포에버 스킨 코렉트를 T존 중심으로 극소량만 덧발라 무너짐 없이 보송한 피부에 하이라이트를 준 듯한 입체감을 부여한다. 채도 높은 ‘쨍’한 레드 컬러인 디올 어딕트 스텔라 샤인, 859 디올인피니티를 립 라인 밖으로 살짝 번질 만큼 과감하게 발라 물기 머금은 느낌을 극대화한다. 사용 제품은 모두 Dior.', '「 FOREVER DAYDREAMING 」', '', '', '', '', '', '', '', '', '', ''], ['', '', '', '', '', '', '', '', '', '', '', '', '', '', '', '', '', '']]""]"
스타일링 지수 높여주는 마법의 액세서리 '벨트'|http://v.media.daum.net/v/20200627001138695|2020.06.27|http://v.media.daum.net/v/20200627001138695?f=o|[['', '', '', '', '', ''], ['━', 'TIGHTENED BELT', '', '', '', '', '', '', '', '', '', '']]|FASHION|1|0|Ji|E|"[""[['', '', '', '', '', ''], ['━', 'TIGHTENED BELT', '', '', '', '', '', '', '', '', '', '']]""]"
지수의 여름|http://v.media.daum.net/v/20200626002143275|2020.06.26|http://v.media.daum.net/v/20200626002143275?f=o|[['', '', '', '「 Little Miss Sunsine 」\n보는 사람까지 웃게 만드는 지수의 햇살 같은 빅 스마일. 디올 포에버 파운데이션 스킨 글로우 피니쉬를 얇게 발라 은은하고 투명하면서도 보송한 윤기가 감도는 피부를 표현한다. 디올 백스테이지 로지 글로우, 001 핑크와 004 코랄을 믹스해 양볼을 감싸듯 부드럽게 색을 입혀 사랑스러운 살굿빛 뺨을 연출하고, 미소가 더욱 빛날 수 있도록 디올 어딕트 스텔라 샤인, 536 럭키를 입술에 발라 마무리. 사용 제품은 모두 Dior.', '「 Little Miss Sunsine 」', '', '', '', '', '', '', '', '', '「 Blooming Miss Dior 」\n블루밍 부케의 풍부한 작약 향과 함께한 ‘미스 디올’ 지수의 서머 피크닉. 숨 쉬듯 산뜻한 벨벳 스킨 위에 디올 백스테이지 로지 글로우, 001 핑크로 만개한 작약처럼 낭만적인 핑크빛 치크를 연출한다. 디올쇼 아이코닉 오버컬 마스카라, 090 오버 블랙을 속눈썹 한 올 한 올 꼼꼼하게 발라준 다음, 디올 립 글로우, 001 핑크를 입술에 발라 핑크빛 생기를 부여한다. 사용 제품은 모두 Dior.', '「 Blooming Miss Dior 」', '', '', '', '', '', '', '', '', '', ''], ['', '', '', '', '', '', '', '', '', '', '', '', '', '', '', '', '', '', '', '']]|BEAUTY|1|0|Ji|E|"[""[['', '', '', '「 Little Miss Sunsine 」\\n보는 사람까지 웃게 만드는 지수의 햇살 같은 빅 스마일. 디올 포에버 파운데이션 스킨 글로우 피니쉬를 얇게 발라 은은하고 투명하면서도 보송한 윤기가 감도는 피부를 표현한다. 디올 백스테이지 로지 글로우, 001 핑크와 004 코랄을 믹스해 양볼을 감싸듯 부드럽게 색을 입혀 사랑스러운 살굿빛 뺨을 연출하고, 미소가 더욱 빛날 수 있도록 디올 어딕트 스텔라 샤인, 536 럭키를 입술에 발라 마무리. 사용 제품은 모두 Dior.', '「 Little Miss Sunsine 」', '', '', '', '', '', '', '', '', '「 Blooming Miss Dior 」\\n블루밍 부케의 풍부한 작약 향과 함께한 ‘미스 디올’ 지수의 서머 피크닉. 숨 쉬듯 산뜻한 벨벳 스킨 위에 디올 백스테이지 로지 글로우, 001 핑크로 만개한 작약처럼 낭만적인 핑크빛 치크를 연출한다. 디올쇼 아이코닉 오버컬 마스카라, 090 오버 블랙을 속눈썹 한 올 한 올 꼼꼼하게 발라준 다음, 디올 립 글로우, 001 핑크를 입술에 발라 핑크빛 생기를 부여한다. 사용 제품은 모두 Dior.', '「 Blooming Miss Dior 」', '', '', '', '', '', '', '', '', '', ''], ['', '', '', '', '', '', '', '', '', '', '', '', '', '', '', '', '', '', '', '']]""]"
돌아온 블랙핑크|http://v.media.daum.net/v/20200626155431003|2020.06.26|http://v.media.daum.net/v/20200626155431003?f=o|[['', '', '', '', '', '', '', '', '', '', '', '블랙핑크의 새 앨범을 기대하게 만드는 이유 중엔 스타일에 대한 부분을 빼놓을 수 없겠죠. 각자의 개성을 살린 헤어와 메이크업, 패션이 삼박자를 이루며 강렬한 카리스마를 내뿜었습니다. 제니부터 차례대로 공개된 멤버별 티저 영상으로 확인해볼까요?', '', '', '', '', '6월 26일, 바로 오늘 오후 6시에 신곡 발표를 앞둔 블랙핑크는 한 시간 전인 5시부터 신곡 발매 카운트다운 라이브를 생중계로 진행할 예정이라고 해요. 신곡 소개 및 뮤직비디오 비하인드 스토리, 그동안의 근황들을 이야기하며 팬들과 소통하는 시간을 가진다고 하는데요, 파격적으로 변신한 뉴 버전 블랙핑크의 신곡을 가장 먼저 확인하고 싶다면 라이브 생중계를 함께하세요.', '', '', ''], ['마치 사이버 공간 같은 신비로운 분위기, 독특한 기계음과 날카로운 목소리로 이루어진 15초짜리의 티저 영상을 공개하며 컴백을 준비 중인 블랙핑크. ‘Kill This Love’ 이후 약 1년 만에 ‘How You Like That’이라는 신곡 발표를 예고했죠. 영상 속 네 멤버의 포스 넘치는 모습은 팬들의 기대감을 증폭시키기에 충분했는데요, 이 사실을 증명하기라도 하는 듯 티저 영상의 조회 수는 1000만 회를 가뿐히 돌파했습니다.', '', '', '', '', '앞머리만 탈색하는 블리치 헤어로 강렬한 변신을 마친 제니. 눈 밑부터 볼 중앙까지 붉은색으로 물들인 독특한 메이크업을 더 해 넘사벽 아우라를 뿜어냅니다.', '로제는 실버와 블루, 라벤더가 묘하게 그러데이션 된 헤어로 새로운 비주얼을 시도했습니다. 붉은 아이섀도와 글리터를 믹스한 독특한 아이 메이크업이 강렬함 그 자체! 지금까지 보지 못했던 그녀의 날카로운 모습, 기대해도 좋아요!', '단발로 싹둑 자르고 나타난 리사는 짙은 스모키 메이크업으로 카리스마를 드러냈는데요, 아랫입술 중앙과 눈썹 끝에 피어싱하고 주렁주렁 체인 네크리스를 더해 터프한 여전사의 모습을 보여주고 있어요.', '발리아쥬 헤어로 은은한 분위기를 내뿜는 지수. 블랙 미니 드레스와 블링 블링한 액세서리들로 완전 무장하고 컴백 준비를 마쳤어요. 부드럽지만 힘이 느껴지는 눈빛이 예사롭지 않죠?', '', '']]|STAR|0|0|Ji|E|['발리아쥬 헤어로 은은한 분위기를 내뿜는 지수. 블랙 미니 드레스와 블링 블링한 액세서리들로 완전 무장하고 컴백 준비를 마쳤어요. 부드럽지만 힘이 느껴지는 눈빛이 예사롭지 않죠?']
인간 미스 디올, 지수의 여름 이야기|http://v.media.daum.net/v/20200622121026009|2020.06.22|http://v.media.daum.net/v/20200622121026009?f=o|[[], ['', '', '', '', '블랙핑크 지수의 메이크업&향수 화보가 〈엘르〉 7월호에 공개됐다.', '오랜 기다림 끝에 6월 26일 신곡 ‘How You Like That’으로 컴백의 서막을 알려온 블랙핑크 지수를 만났다. 낭만적인 여름날을 주제로 진행된 이번 화보를 통해 컴백 티저와는 또다른 디올 뷰티 뮤즈로서의 진면목을 확인할 수 있다.', '화보 속 여름 하늘처럼 맑고 청명하게 빛나는 지수의 얼굴은 디올 뷰티의 베스트 셀러, ‘디올 포에버 퍼펙트 쿠션’과 ‘디올 포에버 파운데이션’으로 완성했다. 포에버 쿠션은 디올만의 까나쥬 패턴으로 마무리된 슬림 쿠튀르 쿠션으로 이미 많은 매니아를 보유하고 있는 베이스 제품. 포에버 파운데이션은 루미너스 매트 피니쉬와 스킨 글로우 피니쉬 등 2종으로 출시되어 원하는 피부 마무리감에 맞게 선택할 수 있다. 과즙으로 꽉 찬 여름 체리 같은 지수의 입술은 바르는 순간 부드럽게 녹듯이 발려 생기 넘치는 컬러로 물들이는 ‘디올 어딕트 스텔라 샤인 립스틱’. 현장에서 만난 지수 역시 디올 포에버 퍼펙트 쿠션과 디올 어딕트 스텔라 샤인 립스틱에 대한 큰 애정을 드러냈다는 후문이다.', '한편 지수는 자신의 SNS를 통해 촬영 현장 사진을 선공개하기도 했다. 아름다운 핑크빛 드레스를 입은 채 만개한 작약꽃을 한아름 들고 있는 사진과 핑크빛 사랑스런 보틀이 시선을 사로잡는 ’미스 디올 블루밍 부케’ 향수 사진이 각각 350만개의 좋아요와 220만개의 좋아요를 받으며 팬들의 뜨거운 관심이 쏟아졌다. 미스 디올을 상징하는 작약과 장미, 베르가못이 더해져 여름날의 정취를 느끼게 하는 미스 디올 블루밍 부케 향수 역시 지수 현장 픽!', '낭만적이고 긍정적인 바이브로 가득한 여름 무드 속에서 ‘인간 미스 디올’로 변신한 화보 및 뷰티 필름은 〈엘르〉 7월호와 〈엘르〉 공식 홈페이지(ELLE.CO.KR), 〈엘르〉 공식 SNS채널을 통해 만날 수 있다.']]|STAR|1|0|Ji|E|"[""[[], ['', '', '', '', '블랙핑크 지수의 메이크업&향수 화보가 〈엘르〉 7월호에 공개됐다.', '오랜 기다림 끝에 6월 26일 신곡 ‘How You Like That’으로 컴백의 서막을 알려온 블랙핑크 지수를 만났다. 낭만적인 여름날을 주제로 진행된 이번 화보를 통해 컴백 티저와는 또다른 디올 뷰티 뮤즈로서의 진면목을 확인할 수 있다.', '화보 속 여름 하늘처럼 맑고 청명하게 빛나는 지수의 얼굴은 디올 뷰티의 베스트 셀러, ‘디올 포에버 퍼펙트 쿠션’과 ‘디올 포에버 파운데이션’으로 완성했다. 포에버 쿠션은 디올만의 까나쥬 패턴으로 마무리된 슬림 쿠튀르 쿠션으로 이미 많은 매니아를 보유하고 있는 베이스 제품. 포에버 파운데이션은 루미너스 매트 피니쉬와 스킨 글로우 피니쉬 등 2종으로 출시되어 원하는 피부 마무리감에 맞게 선택할 수 있다. 과즙으로 꽉 찬 여름 체리 같은 지수의 입술은 바르는 순간 부드럽게 녹듯이 발려 생기 넘치는 컬러로 물들이는 ‘디올 어딕트 스텔라 샤인 립스틱’. 현장에서 만난 지수 역시 디올 포에버 퍼펙트 쿠션과 디올 어딕트 스텔라 샤인 립스틱에 대한 큰 애정을 드러냈다는 후문이다.', '한편 지수는 자신의 SNS를 통해 촬영 현장 사진을 선공개하기도 했다. 아름다운 핑크빛 드레스를 입은 채 만개한 작약꽃을 한아름 들고 있는 사진과 핑크빛 사랑스런 보틀이 시선을 사로잡는 ’미스 디올 블루밍 부케’ 향수 사진이 각각 350만개의 좋아요와 220만개의 좋아요를 받으며 팬들의 뜨거운 관심이 쏟아졌다. 미스 디올을 상징하는 작약과 장미, 베르가못이 더해져 여름날의 정취를 느끼게 하는 미스 디올 블루밍 부케 향수 역시 지수 현장 픽!', '낭만적이고 긍정적인 바이브로 가득한 여름 무드 속에서 ‘인간 미스 디올’로 변신한 화보 및 뷰티 필름은 〈엘르〉 7월호와 〈엘르〉 공식 홈페이지(ELLE.CO.KR), 〈엘르〉 공식 SNS채널을 통해 만날 수 있다.']]""]"
불쾌지수 타파하는 여름 스타일링,|http://v.media.daum.net/v/20200508000003846|2020.05.08|http://v.media.daum.net/v/20200508000003846?f=o|[[], ['', '', '격식을 차려야 하는 타이밍을 제외하면, 가장 손이 많이 가는 제품은 ‘편한’ 제품입니다. 레깅스를 덜 민망하게 착용하기 위해서 오버핏 티셔츠를 선택했고, 패턴 또한 타이다이로 트렌디하게 즐길 수 있습니다. 소재는 타월소재로 부드러운 촉감은 물론 전체적인 무게감이 좋은 아이템입니다. 신발은 신고 벗기 편한 뮬 아이템으로 작년부터 여러 브랜드에서 앞다투어 내놓고 있는 디자인이니 하나쯤 소장하시고 즐겨보시길 추천합니다.']]|0|1|0|Ji|E|"[""[[], ['', '', '격식을 차려야 하는 타이밍을 제외하면, 가장 손이 많이 가는 제품은 ‘편한’ 제품입니다. 레깅스를 덜 민망하게 착용하기 위해서 오버핏 티셔츠를 선택했고, 패턴 또한 타이다이로 트렌디하게 즐길 수 있습니다. 소재는 타월소재로 부드러운 촉감은 물론 전체적인 무게감이 좋은 아이템입니다. 신발은 신고 벗기 편한 뮬 아이템으로 작년부터 여러 브랜드에서 앞다투어 내놓고 있는 디자인이니 하나쯤 소장하시고 즐겨보시길 추천합니다.']]""]"
시크 지수 업! 오픈엔드 라운드 슬리브 블랙자켓코디|http://v.media.daum.net/v/20200430000007250|2020.04.30|http://v.media.daum.net/v/20200430000007250?f=o|[[], ['', '딱 디자이너 감성의 아방한 볼륨 소매 테일러드 블랙자켓, 드레시한 부츠컷 팬츠, 그리고 애교넘치는 리본 하이힐로 엘레강스한 레이디 무드가 더해진 올 블랙 수트룩! 시크한 올블랙에 시선을 잡아주는 핫핑크 미니백 컬러 포인트로 답답함 없이 경쾌하고 산뜻하게 마무리.']]|0|1|0|Ji|E|"[""[[], ['', '딱 디자이너 감성의 아방한 볼륨 소매 테일러드 블랙자켓, 드레시한 부츠컷 팬츠, 그리고 애교넘치는 리본 하이힐로 엘레강스한 레이디 무드가 더해진 올 블랙 수트룩! 시크한 올블랙에 시선을 잡아주는 핫핑크 미니백 컬러 포인트로 답답함 없이 경쾌하고 산뜻하게 마무리.']]""]"
더 사랑스럽게! 머리에 리본을 묶은 스타 5|http://v.media.daum.net/v/20200402080030609|2020.04.02|http://v.media.daum.net/v/20200402080030609?f=o|[['「 레드벨벳 아이린 」', '「 레드벨벳 아이린 」', '', '', '선명한 레드 컬러 리본을 추가한 아이린의 헤어 스타일은 금손이 아니라도 도전해 볼 만합니다. 정수리로 높이 묶은 포니테일에 적당한 길이의 리본을 무심하게 묶어 주면 끝! 한층 영하게 연출하고 싶다면 앞머리를 자연스럽게 내려도 좋아요.', '', '', '「 블랙핑크 지수 」', '「 블랙핑크 지수 」', '', '', '미모 실화? 기품이 느껴지는 플로럴 패턴의 드레스를 입은 지수는 애플 번 헤어에 노란색 리본을 달아 여신 포스를 여과 없이 드러냈어요. 지수의 헤어스타일을 따라 하기 전 염두에 두어야 할 것은 페이스 라인을 따라 내린 잔머리! 얼굴을 작고 가름하게 보이도록 만들어주는 핵심 포인트를 놓치지 마세요.', '', '', '「 태연 」', '「 태연 」', '', '', '머리를 양쪽으로 높게 묶어 돌돌 말은 ‘뿌까 머리’를 하고 말괄량이로 변신한 태연. 여기에 작은 리본을 달아 인형 같은 비주얼을 완성했어요. 오렌지 계열로 밝게 염색한 헤어와 파스텔 그린 컬러의 의상이 더욱 사랑스럽게 만들어주었군요. 태연처럼 밝은 헤어 컬러를 가졌다면 리본 컬러를 차분한 계열로 선택하세요.', '', '', '「 기은세 」', '「 기은세 」', '', '', '기은세는 자연스러운 웨이브 헤어를 반 묶음 스타일로 연출하고 시어한 소재의 블랙 리본을 더해 사랑스러움과 귀여움을 모두 잡았습니다. 헤어 스타일에도 복고가 유행이니 반 묶음 헤어엔 리본을 추가해보세요. 2% 부족한 룩이 꽉 채워집니다.', '', '', '「 송해나 」', '「 송해나 」', '', '', '모델 송해나는 좀 더 과감한 스타일의 리본을 선택했어요. 머리를 충분하게 덮는 빅 사이즈의 리본을 사용했는데요, 그런데도 과해 보이지 않는 이유는 의상과의 조화를 맞췄기 때문입니다. 컷아웃 디자인으로 어깨가 드러나는 섹시한 블랙 톱을 매치한 것이 신의 한 수! 송해나처럼 스타일링의 강약을 고려해 연출한다면 스타일링의 고수가 될 수 있어요.', '', ''], ['', '', '', '', '']]|FASHION|0|0|Ji|E|['「 블랙핑크 지수 」', '「 블랙핑크 지수 」', '미모 실화? 기품이 느껴지는 플로럴 패턴의 드레스를 입은 지수는 애플 번 헤어에 노란색 리본을 달아 여신 포스를 여과 없이 드러냈어요. 지수의 헤어스타일을 따라 하기 전 염두에 두어야 할 것은 페이스 라인을 따라 내린 잔머리! 얼굴을 작고 가름하게 보이도록 만들어주는 핵심 포인트를 놓치지 마세요.']
5살 어려 보이는 오버롤 패션|http://v.media.daum.net/v/20200325101316614|2020.03.25|http://v.media.daum.net/v/20200325101316614?f=o|[['', '', '', '', '지수의 오버롤 패션을 머릿속에 저장하세요. 등 라인이 오픈된 쇼츠 오버롤을 블랙 크롭톱과 레이어드해 스킨을 시원하게 드러냈는데, 스트라이프 패턴이 경쾌하네요! 뻔한 에스파드류 소재 슈즈보다 그녀처럼 투박한 컴뱃 부츠를 믹스 매치 한다면 당신은 센스쟁이~.', '', '', '', '꾸러기 같은 오버롤과 점잖은 테일러드 재킷이 이렇게 잘 어울릴 수 있음을 알렉사 청이 보여주고 있네요. 이너웨어 없이 오버롤만 입은 과감한 스타일링도 눈에 띕니다. ‘옷잘녀’의 오버롤 룩은 우리의 고정관념을 깨기에 충분한 듯하네요.', '', '', '', '', '', '지난달 가족과 함께 하와이로 여행을 다녀온 모델 이현이. 그녀가 여행지 패션으로 선택한 아이템은 핑크 오버롤입니다. 오버사이즈의 화이트 티셔츠와 레이어드하고 키치한 슬리퍼와 빅 백을 매치해 실용적이고 귀여운 여행 룩 완성!', '', '', '', '', '', '집을 새로 꾸미기 위해 페인트 롤러와 붓을 든 수주는 잔잔한 스트라이프 패턴의 오버롤을 입고 작업 의지를 불태웁니다. 이너로 몸에 딱 맞는 민소매 티셔츠를 선택한 덕분에 거추장스러울 일 없죠. 작업복도 섹시하게 소화하는 그대는 진정한 톱 모델!', '', '', '', '', '', '바닷가에서 따사로운 햇살을 만끽 중인 김향기는 베이지 컬러의 스커트 오버롤을 선택했네요. 여기에 컬러가 선명하게 대조되는 스트라이프 티셔츠를 매치해 20살 다운 봄나들이 룩을 완성했어요. 어려 보이고 싶다면 오버롤 스커트, 놓치지 마세요~.', '', '', '', '', '', '활용도 높은 오버롤을 찾고 있다면 픽시 겔도프가 입고 있는 것처럼 진한 워싱의 데님 오버롤을 추천합니다. 베이식한 티셔츠나 셔츠는 물론 걸리시한 디테일의 블라우스와도 ‘착붙’하기 때문이죠. 양쪽에 헤어 핀을 대칭으로 꽂은 그녀처럼 액세서리를 추가한다면 스타일리시한 오버롤 룩을 완성할 수 있을 거예요.', '', ''], ['', '', '', '', '', '', '']]|FASHION|0|0|Ji|E|['지수의 오버롤 패션을 머릿속에 저장하세요. 등 라인이 오픈된 쇼츠 오버롤을 블랙 크롭톱과 레이어드해 스킨을 시원하게 드러냈는데, 스트라이프 패턴이 경쾌하네요! 뻔한 에스파드류 소재 슈즈보다 그녀처럼 투박한 컴뱃 부츠를 믹스 매치 한다면 당신은 센스쟁이~.']
아이보리 컬러로 포근하게 입기|http://v.media.daum.net/v/20200110000052179|2020.01.10|http://v.media.daum.net/v/20200110000052179?f=o|[['', '', '', '컬러가 주는 힘이란 바로 이런 것일까요? 아이보리 컬러의 카디건을 입은 지수가 유난히 청순해 보입니다. 한 줄로 나란히 꽃송이가 수 놓인 세일러 컬러 카디건에 소녀 감성이 듬뿍 담겼어요. 빈티지한 디테일이지만 아이보리 컬러가 주는 순수함 때문인지 촌스러움이 전혀 느껴지지 않네요.', '', '', '', '', '', '아이보리 컬러의 포근한 매력을 200% 담은 이주연의 스웨터를 보세요. 넉넉한 소매 디자인과 힙을 충분히 덮는 길이 덕분에 여유 있는 실루엣이 완성됐어요. 입는 사람도 보는 사람도 편안한 아이보리 룩이죠? 그녀는 여기에 화이트 팬츠를 입어 퓨어한 이미지로 통일감을 주었어요.', '', '', '', '', '', '차정원의 아이보리 룩은 한장의 그림처럼 서정적입니다. 언밸런스한 버튼과 네크라인, 허리 아래로 잔잔하게 물결치는 러플 디테일이 여성스러운 스웨터를 입고 담담하게 카메라를 응시하는 그녀에게 기품이 느껴지네요.', '', '', '', '', '', '이 사진을 본 사람이라면 강미나의 청초한 분위기에 매료되지 않을 수 없을 거예요. 여유 있는 실루엣의 터틀넥 니트 한장으로 연출된 완벽한 겨울 분위기! 이것이 바로 아이보리 컬러의 도화지 같은 매력입니다.', '', '', '', '', '', '걸리시한 룩을 즐겨 입는 제시카의 선택은 러플 디테일이 사랑스러운 아이보리 컬러의 터틀넥 스웨터입니다. 두툼한 꽈배기 니트에 자신의 취향을 담은 그녀. 워치와 브레이슬릿, 작은 이어링까지 골드 컬러 주얼리를 매치해 따뜻한 겨울 룩 완성!', '', '', '', '', '', '시어한 소재의 아이보리 스웨터는 여리여리한 분위기를 연출하기에 좋아요. 데님 팬츠에 아이보리 터틀넥 스웨터만으로 꾸안꾸 룩을 연출한 강민경처럼 말이죠. 여기서 주목해야 할 것은 몸에 적당하게 붙는 슬림한 디자인! 스웨터를 데님 팬츠 안으로 넣어 입고 허리 라인을 드러내 보세요. 별다른 액세서리 없이도 세련된 룩이 됩니다.', '', ''], ['', '', '', '', '', '']]|FASHION|0|0|Ji|E|['컬러가 주는 힘이란 바로 이런 것일까요? 아이보리 컬러의 카디건을 입은 지수가 유난히 청순해 보입니다. 한 줄로 나란히 꽃송이가 수 놓인 세일러 컬러 카디건에 소녀 감성이 듬뿍 담겼어요. 빈티지한 디테일이지만 아이보리 컬러가 주는 순수함 때문인지 촌스러움이 전혀 느껴지지 않네요.']
자체 발광 파티 룩|http://v.media.daum.net/v/20191220001033026|2019.12.20|http://v.media.daum.net/v/20191220001033026?f=o|[['', '', '', '스팽글 장식의 핑크 드레스를 입은 지수의 미모가 유난히 빛나 보입니다. 퍼프 숄더로 어깨를 강조하고 벨트로 허리를 타이트하게 잡아 글램한 실루엣 장착 완료! 그녀처럼 차려입으면 어디서든 불금을 보낼 수 있을 것 같네요.', '', '', '', '', '', '당장 무대에 올라 멋진 춤과 노래로 관객을 홀릴 것 같은 현아의 자태를 보세요. 밑단의 플레어 디테일로 그녀의 걸리시한 취향까지 담은 실버 드레스가 화려함 그 자체! 짧은 턱시도 재킷과 미니 드레스의 화려함에 잘 어울리는 디스코 풍의 부츠를 매치했어요. 이 밤의 주인공이 누구인지 확실하게 각인시키는 선택이네요.', '', '', '', '', '', '놀 준비를 제대로 마친 조지아 메이 재거. 블링블링한 실버 미니 드레스와 스팽글 장식의 사이 하이 부츠로 한껏 멋을 냈어요. 소품으로 커다란 붐 박스를 들고 나타난 그녀는 아빠 믹 재거에게 물려받은 음악적 유산을 마음껏 분출 중!', '', '', '', '', '', '얼마 전 성황리에 열린 2019 MAMA 행사에 초대된 두아 리파. 그녀는 글리터 장식 드레스를 입고 레드 카펫에 멋지게 등장했어요. 다이아몬드 주얼리보다 더 눈에 띄는 푸시아핑크 컬러와 탄탄한 보디 라인을 여과 없이 드러낸 디자인의 드레스가 그녀의 존재감을 보여주기에 충분해 보입니다.', '', '', '', '', '', '불금엔 클럽! 어두운 조명 아래에서도 빛나고 싶다면 반짝거리는 스팽글 장식의 드레스가 제격입니다. 조명이 나에게만 비추는 듯 눈부신 순간을 연출할 수 있죠. 지민처럼 한쪽 어깨를 드러낸 비대칭 디자인이라면 모두의 시선이 나를 향하는 것을 느낄 수 있을 거예요.', '', ''], ['', '', '', '', '']]|FASHION|0|0|Ji|E|['스팽글 장식의 핑크 드레스를 입은 지수의 미모가 유난히 빛나 보입니다. 퍼프 숄더로 어깨를 강조하고 벨트로 허리를 타이트하게 잡아 글램한 실루엣 장착 완료! 그녀처럼 차려입으면 어디서든 불금을 보낼 수 있을 것 같네요.']
블랙핑크 지수의 '드림 워커'|http://v.media.daum.net/v/20191201001130314|2019.12.01|http://v.media.daum.net/v/20191201001130314?f=o|[['', '', '', '', '', '', '', '', '', '', '', '', '', '', '', '', '', '', '', '', '', '', '', '', '', '', '', '', '', '', '', '', '', '', '', ''], ['', '', '', '', '', '', '']]|STAR|1|0|Ji|E|"[""[['', '', '', '', '', '', '', '', '', '', '', '', '', '', '', '', '', '', '', '', '', '', '', '', '', '', '', '', '', '', '', '', '', '', '', ''], ['', '', '', '', '', '', '']]""]"
12월의 커버 스타, 블랙핑크 지수 인터뷰|http://v.media.daum.net/v/20191130000108599|2019.11.30|http://v.media.daum.net/v/20191130000108599?f=o|[['', '', '', '어느덧 런던에 다녀온 지 두 달이 지났네요. <엘르> 12월호 커버 촬영현장을 떠올려볼까요? 패션 에디터가 그곳에 사는 지수 씨를 상상하며 섭외했다는 촬영 장소는 마음에 들었나요 </엘르> 정말 그런 집에 한 번쯤 살아보고 싶어요. 집 뒤편에 있는 마당이랑 그곳에 자리한 사과나무, 2층의 아담한 발코니 등 주변의 여유로운 풍경이 기억에 남아요. 실제로 누군가 살고 있는 집이어서 그런지 더 정감이 느껴지고 좋았어요.', '', '', '', '', '', '블랙핑크의 첫 매거진 커버가 <엘르> 코리아(2017년 8월호)인 걸 기억하나요? 2년여가 흘러 단독으로 <엘르> 커버를 장식하게 됐어요. 그때와 지금, 많이 달라졌나요 </엘르> </엘르> 뭔가 많이 달라졌다는 느낌은 안 들어요. 데뷔 때를 떠올리면 까마득한 옛날 같다가도 바로 어제 같기도 하고 기분이 이상해요. 시간이 너무 빠르게 흘러서, 그 속에 내가 있다기보다 마치 붕 떠 있는 느낌이 들기도 하고요.', '', '', '', '', '', '최근 열중하고 있는 관심사나 새롭게 도전하는 일은 색과 색이 만나서 내는 느낌들에 대해 자세히 알고 싶어서 요즘 색 조합을 공부하고 있어요. 수업을 자주 받지는 못하지만, 이것저것 그리고 칠하면서 작은 차이에도 크게 변하는 색들을 보며 많은 걸 느끼는 중이에요.', '', '', '', '', '', '늘 밝은 모습의 지수는 보기보다 단단한 사람이 아닐까 생각해요. 자기 안에 있는 ‘강인함’을 발견한 경험이 있나요 오랫동안 제가 나약한 사람인 줄 알았는데, 시간이 지나 돌아보니 꽤 강한 사람이었구나 하는 생각이 들어요. 전부터 힘든 일이 있어도 남에게 의지할 생각은 별로 안 했어요. 가능하면 혼자 고민하고 해결하려 했지요. 홀로 견뎌야 했던 시간들이 많이 힘들었지만, 덕분에 지금 이렇게 강해질 수 있었던 것 같아요. 지금도 힘든 건 별로 얘기하고 싶지 않아요. 다른 사람들이 저를 떠올릴 때, 언제나 웃고 있으면 좋겠어요.', '', ''], ['', '이번 촬영을 위해 버버리 크리에이티브 총괄책임자 리카르도 티시가 직접 스타일링을 제안할 정도로 관심을 보였다고 해요버버리만의 ‘힙한’ 매력과 여성스러움, 이 둘 다 놓치지 않은 의상들! 스타일링도 비범해서 입으면서도 너무 즐거웠어요. 평소에 시도하지 못할 법한 스타일을 티시와의 작업을 통해 도전해 볼 수 있었기에 더욱 특별한 경험이었어요.', '커버와 영상에 버버리 캐릭터 ‘팝’과 함께 등장해요. 촬영현장에서 하이 톤으로 ‘귀엽다’는 반응을 보였다던데, 가상 모델과의 작업은 어땠나요 솔직히 첫 컷을 찍을 때는 그림이 잘 안 그려졌어요. 합성된 사진을 보고 나서는 팝과 함께 찍고 있다고 상상하면서 즐겁게 찍었어요. 캐릭터가 너무 귀엽더라고요. 제가 여기저기 팝과 같이 많이 나오게 해달라고 부탁할 정도였으니까요.', '그 밖에 이번 런던행에서 어떤 추억을 만들었나요? 본인의 감성과 잘 맞는 여행지였는지 런던은 그냥 밤길을 걷는 것으로도 예쁜 추억이 남는 곳이었어요. 낮은 건물들과 여유로운 풍경이 마음을 편안하게 해줬죠. 저는 원래 휴양지보다 밤에 반짝이고 생동감 있는 도시를 좋아해요. 걸어 다니면서 사람 구경하는 것도 즐기는 편이라 런던의 거리가 마음에 쏙 들었어요.', '', '‘휘파람’부터 ‘Kill This Love’까지, 다채로운 음악과 무대를 선보였어요. 그중 처음부터 ‘내 옷’처럼 잘 맞았던 컨셉트는 어떤 거였나요? 반대로 가장 큰 도전이었던 곡은 ‘Forever Young’ 활동을 할 때 제일 잘 맞았던 것 같아요. 경험이 좀 쌓이면서 무대를 둘러볼 수 있는 여유가 생겼고, 지금까지 했던 것과 다른 느낌을 준비하면서 제일 편하고 즐겁게 활동했어요. 반면 ‘Kill This Love’ 때는 한층 더 카리스마 있고 멋있는 모습을 보여드리고 싶은 욕심에 부담도 크고 걱정도 많았어요. 그래도 이를 통해 더 성숙해지고 성장할 수 있었죠. 다음 컨셉트는 또 다른 숙제로 시작하겠지만 또 어떤 성장을 가져올지 기대돼요.', '세계를 무대로 활동하고 있어요. 해외 활동 중에서 잊지 못할 경험을 꼽는다면 아무래도 코첼라 페스티벌 무대가 떠올라요. 정말 많은 아티스트와 함께하는 자리였기 때문에 우리 공연이 관객에게 어떻게 다가갈지 걱정이 많았어요. 그런데 무대에 올라 수많은 사람이 저마다 다른 언어로 우리에게 환호를 보내고 즐기는 모습에 엄청 놀라고 감동받았어요. 정말 음악을 통해 하나 되는 느낌! 이런 경험이 쌓일수록 책임감도 커지지만, 그만큼 무대를 더 즐길 수 있게 되는 것 같아요.', '블랙핑크 네 멤버 모두 패션계의 뜨거운 러브콜을 받고 있어요. 활동하면서 패션 취향이나 스타일에 대한 태도에 변한 게 있나요 여러 나라를 돌아다니면서 그 나라만의 스타일과 색깔을 많이 발견할 수 있었죠. 다른 나라 팬들이 저를 봤을 때도 우리만의 색을 나타내는 패션이 있으면 좋겠다고 느꼈어요. 평소 옷을 입을 때는 그냥 제가 하고 싶은 대로, 그날그날 강조하고 싶은 부분에 힘을 주는 편이에요. 이번 화보처럼 뻔하지 않고 쉽게 흐르지 않는 스타일링에 도전해 보고 싶네요.', '', '몸과 마음의 건강을 위해, 더 나은 ‘나’를 위해 꼭 지키는 습관이나 규칙이 있나요 딱히 정해둔 규칙은 없고, 비타민 잘 챙겨 먹고 운동도 열심히 하려고 노력 중이에요. 마음의 건강을 위해서는 어떤 일이든 깊게 생각하지 않는 편이에요. 좋은 생각이든 나쁜 생각이든, 너무 깊게 파고들어서 좋은 결과가 나온 적이 없더라고요.', 'SNS를 보면 반려견 달곰이에 대한 애정이 각별해 보여요. 달곰이는 어떤 존재인가요 존재하는 것만으로 엄청난 행복을 주는 소중한 가족이죠. 남이 볼 때 힘들 것 같은 일도 달곰이를 위한 일이기에 힘들다고 느낀 적 없어요. 이렇게 큰 행복을 주는데, 당연히 내가 책임지고 지켜줘야죠. 달곰이는 우리 멤버뿐 아니라 처음 보는 사람도 잘 따르고 반기는 편이에요. 누군가와 처음 만나서 알아가고 관계를 맺는 게 힘든 일인데도 너무 잘해내서 멋있더라고요.', '', '블랙핑크를 동경하는 전 세계 소녀들에게 전하고 싶은 메시지는 미래의 자신을 롤 모델로 삼아보라고 얘기하고 싶어요. 남의 모습을 좇기보다 자신이 꿈꾸는 내일을 바라보며 하루하루 망설임 없이 걸어가길 바라요. 저도 주위에 있는 누군가를 따라가보기도 하고, 이곳저곳 헤매며 걸어봤는데, 결국 성취감보다 공허함이 찾아오더라고요. 모두 자기 안에서 나만의 롤 모델을 만들어내면 좋겠어요.', '2019년이 끝나갑니다. 어떤 기분, 어떤 다짐이 마음속을 스치나요 올해는 많은 팬을 만나 많은 에너지를 얻은 한 해였어요. 무대에 선 우리를 바라보며 웃고 즐거워하는 팬을 보면서 마음이 꽉 차는 느낌을 받았어요. 그런데 2020년이라니… 너무 미래적이고 뭔가 징그럽지 않나요(웃음)? 팀의 목표는 저 혼자 답할 순 있는 건 아니지만 누구나 ‘오, 진짜 좋은데?’라고 할 만한 음악과 무대를 선보이는 것은 처음부터 지금까지 변치 않는 우리의 목표예요. 무대에 대한 욕심만은 멤버 모두 똑같기 때문에 블랙핑크가 존재하는 것 같아요.', '호스트가 되어 크리스마스 파티를 연다면, 어떤 계획을 세울 건가요 시끄러운 건 그다지 좋아하지 않아서 소수의 친한 사람들만 모아서 작은 파티를 할 것 같아요. 맛있는 음식을 가득 준비하고, 크리스마스 분위기를 돋우는 캐럴을 들으면서 트리도 만들고 밤새 대화하고 사진 찍으면서 노는 거예요. 아주 특별하지 않아도 충분히 즐거운 하루가 될 것 같아요.']]|STAR|1|0|Ji|E|"[""[['', '', '', '어느덧 런던에 다녀온 지 두 달이 지났네요. <엘르> 12월호 커버 촬영현장을 떠올려볼까요? 패션 에디터가 그곳에 사는 지수 씨를 상상하며 섭외했다는 촬영 장소는 마음에 들었나요 </엘르> 정말 그런 집에 한 번쯤 살아보고 싶어요. 집 뒤편에 있는 마당이랑 그곳에 자리한 사과나무, 2층의 아담한 발코니 등 주변의 여유로운 풍경이 기억에 남아요. 실제로 누군가 살고 있는 집이어서 그런지 더 정감이 느껴지고 좋았어요.', '', '', '', '', '', '블랙핑크의 첫 매거진 커버가 <엘르> 코리아(2017년 8월호)인 걸 기억하나요? 2년여가 흘러 단독으로 <엘르> 커버를 장식하게 됐어요. 그때와 지금, 많이 달라졌나요 </엘르> </엘르> 뭔가 많이 달라졌다는 느낌은 안 들어요. 데뷔 때를 떠올리면 까마득한 옛날 같다가도 바로 어제 같기도 하고 기분이 이상해요. 시간이 너무 빠르게 흘러서, 그 속에 내가 있다기보다 마치 붕 떠 있는 느낌이 들기도 하고요.', '', '', '', '', '', '최근 열중하고 있는 관심사나 새롭게 도전하는 일은 색과 색이 만나서 내는 느낌들에 대해 자세히 알고 싶어서 요즘 색 조합을 공부하고 있어요. 수업을 자주 받지는 못하지만, 이것저것 그리고 칠하면서 작은 차이에도 크게 변하는 색들을 보며 많은 걸 느끼는 중이에요.', '', '', '', '', '', '늘 밝은 모습의 지수는 보기보다 단단한 사람이 아닐까 생각해요. 자기 안에 있는 ‘강인함’을 발견한 경험이 있나요 오랫동안 제가 나약한 사람인 줄 알았는데, 시간이 지나 돌아보니 꽤 강한 사람이었구나 하는 생각이 들어요. 전부터 힘든 일이 있어도 남에게 의지할 생각은 별로 안 했어요. 가능하면 혼자 고민하고 해결하려 했지요. 홀로 견뎌야 했던 시간들이 많이 힘들었지만, 덕분에 지금 이렇게 강해질 수 있었던 것 같아요. 지금도 힘든 건 별로 얘기하고 싶지 않아요. 다른 사람들이 저를 떠올릴 때, 언제나 웃고 있으면 좋겠어요.', '', ''], ['', '이번 촬영을 위해 버버리 크리에이티브 총괄책임자 리카르도 티시가 직접 스타일링을 제안할 정도로 관심을 보였다고 해요버버리만의 ‘힙한’ 매력과 여성스러움, 이 둘 다 놓치지 않은 의상들! 스타일링도 비범해서 입으면서도 너무 즐거웠어요. 평소에 시도하지 못할 법한 스타일을 티시와의 작업을 통해 도전해 볼 수 있었기에 더욱 특별한 경험이었어요.', '커버와 영상에 버버리 캐릭터 ‘팝’과 함께 등장해요. 촬영현장에서 하이 톤으로 ‘귀엽다’는 반응을 보였다던데, 가상 모델과의 작업은 어땠나요 솔직히 첫 컷을 찍을 때는 그림이 잘 안 그려졌어요. 합성된 사진을 보고 나서는 팝과 함께 찍고 있다고 상상하면서 즐겁게 찍었어요. 캐릭터가 너무 귀엽더라고요. 제가 여기저기 팝과 같이 많이 나오게 해달라고 부탁할 정도였으니까요.', '그 밖에 이번 런던행에서 어떤 추억을 만들었나요? 본인의 감성과 잘 맞는 여행지였는지 런던은 그냥 밤길을 걷는 것으로도 예쁜 추억이 남는 곳이었어요. 낮은 건물들과 여유로운 풍경이 마음을 편안하게 해줬죠. 저는 원래 휴양지보다 밤에 반짝이고 생동감 있는 도시를 좋아해요. 걸어 다니면서 사람 구경하는 것도 즐기는 편이라 런던의 거리가 마음에 쏙 들었어요.', '', '‘휘파람’부터 ‘Kill This Love’까지, 다채로운 음악과 무대를 선보였어요. 그중 처음부터 ‘내 옷’처럼 잘 맞았던 컨셉트는 어떤 거였나요? 반대로 가장 큰 도전이었던 곡은 ‘Forever Young’ 활동을 할 때 제일 잘 맞았던 것 같아요. 경험이 좀 쌓이면서 무대를 둘러볼 수 있는 여유가 생겼고, 지금까지 했던 것과 다른 느낌을 준비하면서 제일 편하고 즐겁게 활동했어요. 반면 ‘Kill This Love’ 때는 한층 더 카리스마 있고 멋있는 모습을 보여드리고 싶은 욕심에 부담도 크고 걱정도 많았어요. 그래도 이를 통해 더 성숙해지고 성장할 수 있었죠. 다음 컨셉트는 또 다른 숙제로 시작하겠지만 또 어떤 성장을 가져올지 기대돼요.', '세계를 무대로 활동하고 있어요. 해외 활동 중에서 잊지 못할 경험을 꼽는다면 아무래도 코첼라 페스티벌 무대가 떠올라요. 정말 많은 아티스트와 함께하는 자리였기 때문에 우리 공연이 관객에게 어떻게 다가갈지 걱정이 많았어요. 그런데 무대에 올라 수많은 사람이 저마다 다른 언어로 우리에게 환호를 보내고 즐기는 모습에 엄청 놀라고 감동받았어요. 정말 음악을 통해 하나 되는 느낌! 이런 경험이 쌓일수록 책임감도 커지지만, 그만큼 무대를 더 즐길 수 있게 되는 것 같아요.', '블랙핑크 네 멤버 모두 패션계의 뜨거운 러브콜을 받고 있어요. 활동하면서 패션 취향이나 스타일에 대한 태도에 변한 게 있나요 여러 나라를 돌아다니면서 그 나라만의 스타일과 색깔을 많이 발견할 수 있었죠. 다른 나라 팬들이 저를 봤을 때도 우리만의 색을 나타내는 패션이 있으면 좋겠다고 느꼈어요. 평소 옷을 입을 때는 그냥 제가 하고 싶은 대로, 그날그날 강조하고 싶은 부분에 힘을 주는 편이에요. 이번 화보처럼 뻔하지 않고 쉽게 흐르지 않는 스타일링에 도전해 보고 싶네요.', '', '몸과 마음의 건강을 위해, 더 나은 ‘나’를 위해 꼭 지키는 습관이나 규칙이 있나요 딱히 정해둔 규칙은 없고, 비타민 잘 챙겨 먹고 운동도 열심히 하려고 노력 중이에요. 마음의 건강을 위해서는 어떤 일이든 깊게 생각하지 않는 편이에요. 좋은 생각이든 나쁜 생각이든, 너무 깊게 파고들어서 좋은 결과가 나온 적이 없더라고요.', 'SNS를 보면 반려견 달곰이에 대한 애정이 각별해 보여요. 달곰이는 어떤 존재인가요 존재하는 것만으로 엄청난 행복을 주는 소중한 가족이죠. 남이 볼 때 힘들 것 같은 일도 달곰이를 위한 일이기에 힘들다고 느낀 적 없어요. 이렇게 큰 행복을 주는데, 당연히 내가 책임지고 지켜줘야죠. 달곰이는 우리 멤버뿐 아니라 처음 보는 사람도 잘 따르고 반기는 편이에요. 누군가와 처음 만나서 알아가고 관계를 맺는 게 힘든 일인데도 너무 잘해내서 멋있더라고요.', '', '블랙핑크를 동경하는 전 세계 소녀들에게 전하고 싶은 메시지는 미래의 자신을 롤 모델로 삼아보라고 얘기하고 싶어요. 남의 모습을 좇기보다 자신이 꿈꾸는 내일을 바라보며 하루하루 망설임 없이 걸어가길 바라요. 저도 주위에 있는 누군가를 따라가보기도 하고, 이곳저곳 헤매며 걸어봤는데, 결국 성취감보다 공허함이 찾아오더라고요. 모두 자기 안에서 나만의 롤 모델을 만들어내면 좋겠어요.', '2019년이 끝나갑니다. 어떤 기분, 어떤 다짐이 마음속을 스치나요 올해는 많은 팬을 만나 많은 에너지를 얻은 한 해였어요. 무대에 선 우리를 바라보며 웃고 즐거워하는 팬을 보면서 마음이 꽉 차는 느낌을 받았어요. 그런데 2020년이라니… 너무 미래적이고 뭔가 징그럽지 않나요(웃음)? 팀의 목표는 저 혼자 답할 순 있는 건 아니지만 누구나 ‘오, 진짜 좋은데?’라고 할 만한 음악과 무대를 선보이는 것은 처음부터 지금까지 변치 않는 우리의 목표예요. 무대에 대한 욕심만은 멤버 모두 똑같기 때문에 블랙핑크가 존재하는 것 같아요.', '호스트가 되어 크리스마스 파티를 연다면, 어떤 계획을 세울 건가요 시끄러운 건 그다지 좋아하지 않아서 소수의 친한 사람들만 모아서 작은 파티를 할 것 같아요. 맛있는 음식을 가득 준비하고, 크리스마스 분위기를 돋우는 캐럴을 들으면서 트리도 만들고 밤새 대화하고 사진 찍으면서 노는 거예요. 아주 특별하지 않아도 충분히 즐거운 하루가 될 것 같아요.']]""]"
블랙핑크 지수, 런던에서의 동화 같은 스토리|http://v.media.daum.net/v/20191122161850300|2019.11.22|http://v.media.daum.net/v/20191122161850300?f=o|[['', '', ''], ['엘르 12월호 커버를 장식한 #지수 가 런던에서 잠시 다른 상상에 빠졌다. 세계를 무대로 꿈 같은 스토리를 만들어가고 있는 지수의 반짝이는 순간.']]|FASHION|1|0|Ji|E|"[""[['', '', ''], ['엘르 12월호 커버를 장식한 #지수 가 런던에서 잠시 다른 상상에 빠졌다. 세계를 무대로 꿈 같은 스토리를 만들어가고 있는 지수의 반짝이는 순간.']]""]"
런던에서 아름답게 반짝인 블랙핑크 지수|http://v.media.daum.net/v/20191115095959432|2019.11.15|http://v.media.daum.net/v/20191115095959432?f=o|[['', '', '', '', '', '', '', '', '', '', '', '', '', '', '', '', '', '', '‘스타일 아이콘’ 블랙핑크 지수가 <엘르>의 12월호 커버를 장식했다.', '', ''], ['', '', '', '', '세계를 무대로 꿈 같은 스토리를 만들어가고 있는 주인공, 블랙핑크 지수가 런던에서 <엘르>와 함께 동화적인 상상에 빠졌다.', '런던 촬영 후 진행된 인터뷰에서 지수는 “시간이 지나 돌아보니 제가 꽤 강한 사람이었구나 하는 생각이 들어요. 전부터 힘든 일이 있어도 남에게 의지할 생각은 별로 안 했어요. 가능한 혼자 고민하고 혼자 해결하려고 했어요. 혼자서도 잘 견뎌냈던 시간들 덕분에 지금 이렇게 강해질 수 있었던 것 같아요. 지금도 힘든 건 별로 얘기하고 싶지 않아요. 다른 사람들이 저를 떠올릴 때, 언제나 웃고 있으면 좋겠어요.”라고 자신 스스로에 대해 솔직하게 이야기했다.', '이번 촬영을 위해 버버리를 소화한 지수는 커버에 등장한 앙증맞은 캐릭터 ‘팝’과의 호흡을 상상하며 촬영을 유쾌하게 이어갔다. 매 컷 마다 다양한 포즈와 표정을 선보인 지수는 사랑스러운 런더너로 완벽하게 변신했다. “미래의 자신을 롤 모델로 삼아 보라고 얘기하고 싶어요. 남의 모습을 좇기보다, 자신이 꿈꾸는 내일을 바라보며 하루하루 망설임 없이 걸어가길 바라요. 저도 주위에 있는 누군가를 따라 가보기도 하고, 이곳 저곳 헤매며 걸어봤는데, 결국 성취감보다는 공허함이 찾아 오더라고요. 모두 자기 안에서 나만의 롤 모델을 만들어내면 좋겠어요”라고 블랙핑크를 사랑하는 세계의 소녀들에게 따뜻한 메시지도 전했다.', '커버 스타 지수의 화보와 인터뷰는 <엘르> 12월호 </엘르>와 <엘르> 웹사이트 elle.co.kr에서 만나볼 수 있다.']]|STAR|1|0|Ji|E|"[""[['', '', '', '', '', '', '', '', '', '', '', '', '', '', '', '', '', '', '‘스타일 아이콘’ 블랙핑크 지수가 <엘르>의 12월호 커버를 장식했다.', '', ''], ['', '', '', '', '세계를 무대로 꿈 같은 스토리를 만들어가고 있는 주인공, 블랙핑크 지수가 런던에서 <엘르>와 함께 동화적인 상상에 빠졌다.', '런던 촬영 후 진행된 인터뷰에서 지수는 “시간이 지나 돌아보니 제가 꽤 강한 사람이었구나 하는 생각이 들어요. 전부터 힘든 일이 있어도 남에게 의지할 생각은 별로 안 했어요. 가능한 혼자 고민하고 혼자 해결하려고 했어요. 혼자서도 잘 견뎌냈던 시간들 덕분에 지금 이렇게 강해질 수 있었던 것 같아요. 지금도 힘든 건 별로 얘기하고 싶지 않아요. 다른 사람들이 저를 떠올릴 때, 언제나 웃고 있으면 좋겠어요.”라고 자신 스스로에 대해 솔직하게 이야기했다.', '이번 촬영을 위해 버버리를 소화한 지수는 커버에 등장한 앙증맞은 캐릭터 ‘팝’과의 호흡을 상상하며 촬영을 유쾌하게 이어갔다. 매 컷 마다 다양한 포즈와 표정을 선보인 지수는 사랑스러운 런더너로 완벽하게 변신했다. “미래의 자신을 롤 모델로 삼아 보라고 얘기하고 싶어요. 남의 모습을 좇기보다, 자신이 꿈꾸는 내일을 바라보며 하루하루 망설임 없이 걸어가길 바라요. 저도 주위에 있는 누군가를 따라 가보기도 하고, 이곳 저곳 헤매며 걸어봤는데, 결국 성취감보다는 공허함이 찾아 오더라고요. 모두 자기 안에서 나만의 롤 모델을 만들어내면 좋겠어요”라고 블랙핑크를 사랑하는 세계의 소녀들에게 따뜻한 메시지도 전했다.', '커버 스타 지수의 화보와 인터뷰는 <엘르> 12월호 </엘르>와 <엘르> 웹사이트 elle.co.kr에서 만나볼 수 있다.']]""]"
주목! Z세대 스타들|http://v.media.daum.net/v/20191109000209918|2019.11.09|http://v.media.daum.net/v/20191109000209918?f=o|"[['', '', '', '', '', '', '', '', '', '', '', '', '', '', '', '', '', '', '', '', '', '', '', '', '', '', '', '', '', '', '', '', '', '', '', '', '', '', '', '', ''], ['', '━', 'LIL NAS X', '‘혜성처럼 등장했다’는 진부한 표현 말고 이 소년의 출현을 설명할 방법이 있을까? 어느 날 갑자기 구찌 카우보이 모자를 쓰고, 랭글러 청바지를 입고서 말을 타고 달린다는 내용의 노래를 들고 나타난 1999년생 래퍼, 릴 나스 엑스 얘기다. 비교적 진입하기 쉬운 컨트리 차트의 문을 두드렸다는 점, 그즈음 카우보이 룩으로 변신하는 이호 챌린지(Yeehaw Challenge)가 틱톡에서 유행했다는 점 등을 보면 마치 온 우주가 그를 스타로 만들기 위해 애쓴 것 같다. 그의 노래 ‘old town road’ 리믹스는 19주 동안 빌보드 ‘핫 100’ 차트의 정상을 지키며 신기록을 세웠고, MTV 뮤직 어워드에서 ‘올해의 노래상’을 수상하기도 했다. 그리고 마침내 정상에 오른 순간, 그는 커밍아웃했다. ‘성소수자 인권의 달’로 불리는 6월 마지막 날, 꼭 들어달라고 부탁한 노래 ‘c7osure’의 가사는 이 용감한 카우보이가 우리에게 건네는 메시지이기도 하다. “진실을 말하지. 내가 해방을 원하고 필요로 한다는 것을. 구속에서 벗어나기 위해 살아. 이게 항상 네가 원하던 거잖아. 원하던 거잖아.”', '', '━', 'ZENDAYA COLEMAN', '엔터테인먼트와 소셜 미디어, 10대의 문화가 한데 모여 폭발적인 시너지를 내는 교차로가 있다면, 젠다이아 콜맨은 지금 정확히 그곳에 서 있을 것이다. 지난 6월부터 방영돼 전 세계를 뜨겁게 달군 미국 HBO의 TV 시리즈 <유포리아>에서 그녀는 약물에 중독된 소녀 루 베넷을 연기했다. 청소년들의 성 정체성 혼란과 약물 중독, SNS, 몰래 카메라 등 다소 무겁고 어두운 주제를 다룬 시리즈. 10대들은 열광하고 부모들은 우려하는 이 문제적 시리즈에 대해 그녀는 어떻게 생각할까. “이건 도덕적 메시지를 주는 쇼가 아니에요. 타인에 대한 동정심을 불러일으키기 위한 것이고, 모든 사람에게는 당신이 모르는 이야기가 있다는 것, 당신이 이해 못할 그녀의 싸움도 존재한다는 것을 말하는 거죠.” <la 타임스=""""> 인터뷰를 보면 우리는 알 수 있다. Z세대가 그녀에게 그토록 열광하는 이유를. 그리고 그녀가 배우로서 이미 한 계단 올라섰다는 사실을.</la>', '', '', '━', 'STRANGER KIDS', '<기묘한 이야기>는 우리에게 무엇을 남겼나. 1980년대 스타일, 올드 팝, 스타워즈, 펩시, 리바이스 그리고 소년소녀들! 3개의 시즌이 방영되는 동안 그들은 10대들의 워너비가 되었고 20~30대에게는 먼 나라 조카가 됐다(<해리포터> 이후 이토록 흐뭇한 성장이 있었던가!). 영화 <고질라: 킹 오브 몬스터> 출연으로 연기 영역을 확장했을 뿐 아니라 ‘플로렌스 바이 밀스’라는 이름의 비건 뷰티 브랜드를 론칭한 밀리 바비 브라운. <더 골드핀치>와 <더 터닝>, <고스트 버스터즈 2020> 등의 작품을 선보일 준비를 마친 핀 울프하드 그리고 패션계가 사랑한 귀여운 주근깨 소녀 세이디 싱크까지. 그야말로 Z세대 배우들의 전성기다. 넷플릭스는 최근 10대를 주인공으로 내세운 하이틴 콘텐츠를 적극적으로 선보였다. <기묘한 이야기>뿐 아니라 <루머의 루머의 루머>, <빌어먹을 세상 따위> 그리고 <사브리나의 오싹한 체험>까지. Z세대는 자신들의 라이프스타일을 대변하는 이런 콘텐츠를 소비하고, 그 안에서 새로운 스타가 탄생한다.', '', '━', 'JADEN & WILLOW SMITH', '윌 스미스와 제이다 핀켓 스미스 부부의 두 자녀, 제이든과 윌로. 이 의좋은 남매는 비슷한 길을 걸어왔다. 엄마 뱃속에서 꼬물대던 시절부터 미디어에 노출된 ‘모태 스타’라는 점, 열 살 이전에 아빠와 함께 영화를 찍으며 데뷔했다는 점(<행복을 찾아서>와 <나는 전설이다>), 10대 초반에 이미 자기 분야의 주인공이 되었다는 점(제이든은 12세에 <베스트 키드>의 주연 배우가 되었고 윌로는 열 살에 데뷔 싱글 <whip my="""" hair=""""> 를 내놓았다). 이뿐 아니다. 뮤지션으로 꾸준히 활동한 것, 샤넬과 루이 비통 등 패션 하우스의 아이콘이 됐다는 것, 자신의 성 정체성을 당당히 밝혔다는 것이 남매의 공통점이다. “우리는 연결돼 있다”고 입버릇처럼 말하는 남매는 올 연말에 함께 ‘The Willow & Erys’라는 이름으로 미국 투어 공연에도 나선다.</whip>', '', '━', 'KAIA GERBER', '런웨이 데뷔 2년 만에 펜디, 생 로랑, 지미 추 등의 모델로 선택되고 모델스닷컴의 톱 50 랭킹과 머니 걸 리스트에 이름을 올린 카이아 거버. 2018 브리티시 패션 어워드 ‘올해의 모델상’을 수상하기도 한 그녀는 수학을 좋아하고, 컨버스 하이톱 운동화를 즐겨 신고, 보드카 소스 펜네 파스타를 사랑하는 평범한 18세 소녀다. 하지만 슈퍼모델을 엄마로 둔 성장 과정은 그녀에게 독특한 흔적을 남겼다. 리드미컬하게 어깨와 골반을 팡팡 튕기며 걷는 그녀의 파워플한 워킹은 80~90년대 슈퍼모델들의 황금기를 떠올리게 하고, 파파라치를 피하지 않고 오히려 더 멋지게 담기기 위해 애쓰는 모습은 노련해 보인다. 지난 9월, 자신의 18세 생일 파티에 입고 등장한 베르사체 드레스는 또 어떤가. 엄마가 27년 전에 입었던 스타일을 재현한 레플리카 룩은 한 시대를 풍미한 슈퍼모델에 대한 헌사로 보인다. 그러니 신디 크로퍼드의 딸이라는 이유로 그녀를 ‘패션계의 금수저’라고 칭하는 사람이 있다면 나는 그녀의 캣워크를, 지난 9월의 베르사체 드레스를 찾아보라고 하겠다. 그것은 시대가 변했다 해도 바뀌지 않는 것들에 대한 그녀 나름의 분석이며, 패션 모델이 패션 하우스와 대중 앞에서 어떤 모습으로 존재해야 하는지를 아는 영리한 소녀의 자기표현이기도 하다.', '', '━', 'BLACK PINK', '커다란 리본이 달린 크롭트 톱에 와이드 핏 데님, 보라색 카디건과 미니 백 그리고 내추럴한 헤어스타일. 지난 10월 샤넬 쇼에 참석한 제니를 보고 그녀의 성장을 실감했다. 트위드 수트를 쫙 빼 입고 참석했던 지난해와는 다른 느낌. 그 사이 그녀에겐 무슨 일이 있었을까. 바로 자신의 솔로 데뷔곡 ‘솔로’ 뮤직비디오다. 생 로랑, 구찌부터 마린 세르, 리처드 퀸까지, 20벌이 넘는 쇼피스를 자기 식으로 소화한 그녀는 ‘천진난만 청순가련 새침한 척 이제 지쳐. 난 나다워야 하니까’라는 가사처럼 자신만의 스타일을 찾았다. 제니뿐 아니다. 로제, 리사, 지수. 그들도 이미 그 기술을 습득한 듯하다. 무대 위에서는 완벽한 칼군무와 라이브 실력, 중독적인 후크로 좌중을 압도하고, 일상에서는 맨송맨송한 얼굴을 기꺼이 보여주는 그녀들. 소셜 미디어를 이용해 고유한 캐릭터를 만드는 Z세대다운 영리함이다. 활짝 오픈된 자신들의 페이지를 한국과 아시아를 넘어 이미 전 세계 사람들이 날마다 넘겨보고 있다는 사실을 그들은 알고 있다. 그리고 마음껏 즐기고 있다.']]"|STAR|0|0|Ji|E|"[""커다란 리본이 달린 크롭트 톱에 와이드 핏 데님, 보라색 카디건과 미니 백 그리고 내추럴한 헤어스타일. 지난 10월 샤넬 쇼에 참석한 제니를 보고 그녀의 성장을 실감했다. 트위드 수트를 쫙 빼 입고 참석했던 지난해와는 다른 느낌. 그 사이 그녀에겐 무슨 일이 있었을까. 바로 자신의 솔로 데뷔곡 ‘솔로’ 뮤직비디오다. 생 로랑, 구찌부터 마린 세르, 리처드 퀸까지, 20벌이 넘는 쇼피스를 자기 식으로 소화한 그녀는 ‘천진난만 청순가련 새침한 척 이제 지쳐. 난 나다워야 하니까’라는 가사처럼 자신만의 스타일을 찾았다. 제니뿐 아니다. 로제, 리사, 지수. 그들도 이미 그 기술을 습득한 듯하다. 무대 위에서는 완벽한 칼군무와 라이브 실력, 중독적인 후크로 좌중을 압도하고, 일상에서는 맨송맨송한 얼굴을 기꺼이 보여주는 그녀들. 소셜 미디어를 이용해 고유한 캐릭터를 만드는 Z세대다운 영리함이다. 활짝 오픈된 자신들의 페이지를 한국과 아시아를 넘어 이미 전 세계 사람들이 날마다 넘겨보고 있다는 사실을 그들은 알고 있다. 그리고 마음껏 즐기고 있다.']]""]"
보랏빛 향기|http://v.media.daum.net/v/20191021000124676|2019.10.21|http://v.media.daum.net/v/20191021000124676?f=o|[['', '', '', '샤넬 쇼에 참석한 제니. 그녀의 룩에서 보라색의 생기가 느껴집니다. 루스한 데님 팬츠, 리본 디테일의 톱에 화사한 오키드 컬러의 재킷을 더해 발랄하고 사랑스러운 제니표 스타일을 선보였어요. 재킷과 같은 컬러의 미니 백으로 귀여움 한 스푼 추가!', '', '', '', '', '', '아이린의 연보라색 점프 수트가 시선 강탈! 아일렛과 빅 포켓 디테일로 유틸리티 트렌드를 강조한 점프 수트지만 보라색을 베이스로 하니 드레스만큼 화려합니다. 블링블링한 주얼리와 스틸레토 힐을 매치한 아이린의 스타일링 센스까지 더해져 파티룩으로도 손색없는 아웃핏 완성!', '', '', '', '', '', '스타일리스트 에밀리 신들레브의 풍성한 퍼프 소매 재킷과 미니스커트를 보세요~! 80년대 워킹걸의 스피릿을 반영한 듯합니다. 선명한 바이올렛 컬러와 광택감 도는 소재의 매칭이 트렌디하네요.', '', '', '', '', '', '티파니는 보라색을 다채롭게 활용할 줄 아는 퍼플 마니아입니다. 소프트한 이미지의 라일락 컬러는 수트와 네온 컬러 브라톱으로 파워풀하게 소화하고 딥한 바이올렛 컬러는 바이커가 그려진 나염 티셔츠로 드레스다운 합니다. 보라색이 가진 이미지의 넓은 스펙트럼을 티파니의 룩에서 확인할 수 있어요.', '', '', '', '', '', '보라색의 우아하고 고급스러운 이미지를 극대화하는 에바 첸의 명민한 스타일링을 감상해볼까요? 리본 디테일 풀오버와 실크 소재 미디스커트, 파이톤 부츠까지 보라 계열의 톤온톤 팔레트를 사용했어요. 보라 옆에 보라를 매치한 그녀는 동물적인 스타일링 감각의 소유자!', '', '', '', '', '', '소유의 보라색 셔츠 룩은 누구나 쉽게 따라 할 수 있을 만큼 쉬워요. 특별한 액세서리가 없어도 좋고요, 엄청난 스타일링 스킬이 필요하지도 않거든요. 보라색이 가진 여성스럽고 화려한 이미지를 그대로 느끼고 싶다면 소유처럼 그레이 컬러의 데님 팬츠와 심플하게 즐겨보세요.', '', '', '', '', '', '트레이닝 룩을 사랑스럽게 입는 방법, 지수의 사진에서 배워볼까요? 부드러운 컬러와 소프트한 톤이 중요합니다. 비비드한 컬러는 너무 강렬하고 무채색은 성의 없어요. 소프트한 라벤더 컬러를 선택하면 지수처럼 러블리한 트레이닝 룩을 연출할 수 있죠.', '', ''], ['', '', '', '', '', '', '']]|FASHION|0|0|Ji|E|['트레이닝 룩을 사랑스럽게 입는 방법, 지수의 사진에서 배워볼까요? 부드러운 컬러와 소프트한 톤이 중요합니다. 비비드한 컬러는 너무 강렬하고 무채색은 성의 없어요. 소프트한 라벤더 컬러를 선택하면 지수처럼 러블리한 트레이닝 룩을 연출할 수 있죠.']
쉽게 대체되지 않을 이름, 제니|http://v.media.daum.net/v/20191010001026116|2019.10.10|http://v.media.daum.net/v/20191010001026116?f=o|[['', '', '', '', '', '', '', '', '궁금했다. 만약 지금 포털 사이트 뉴스 창에서 ‘제니’를 삭제하면 대체 몇 만 건의 뉴스가 사라질까. 어쩌면 수십만 건의 웹페이지가 분실되는 건 아닐까? 블랙핑크, 제니를 설명하기 위해 10억 뷰를 향해 가는 ‘DDU-DU DDU-DU’의 뮤직비디오 조회 수를 언급하거나 세계에서 가장 영향력 있는 스타 몇 위에 올랐다는 식의 기록을 끄집어내는 건 이제 무의미하다. 그런 수식 없이도 제니는 아이콘 그 자체로 존재하니까. 그렇기에 지금 제니의 맑은 표정을 담기로 했다. 숨길 것 없다는 듯 밝은 조명 아래서 맘껏 기대고, 눕고, 웃던 제니의 얼굴을.', '', '', '', '', '', '', '', '', '', '', '', '', '', '', '', '샤넬이 제니에게 앰배서더로서 기대하는 게 무엇인지 생각해 본 적 있나요 ‘제니가 샤넬 옷 한 벌을, 액세서리 하나를 어떻게 걸치고 어떻게 표현할까’ 그 자체가 아닐까요. 샤넬은 제 나이에 쉽게 접할 수 있는 브랜드가 아니라는 걸 잘 알고 있어요. 감사하게도 샤넬과 함께 일하면서 제가 표현할 수 있는 스타일링의 폭 또한 넓어졌고요. 저를 보는 사람에게 샤넬에 좀 더 쉽게 다가가도 괜찮다는 걸 전하고 싶어요.', '', '', '', '', '', '', '', '', '', '', '', '', '', '', '', '그래서인지 제니에게 인스타그램은 특정 순간을 잊지 않고 소중하게 여기는 마음가짐처럼 보이기도 해요. 정말이지 단기간에 여러 가지 일을 겪고 있으니까요맞아요. 행복한 순간들, 기억하고 싶은 순간들이 자꾸 늘어나고 있어요. 지난해 한국에서 첫 블랙핑크 단독 콘서트를 한 것을 시작으로 세계 여러 나라 무대에 섰고 화보, 광고 촬영 등 무대 밖의 기회도 늘어나고 있죠. 정말 빠르게 지나가는 시간들을 나름대로 기억하기 위해 자주 사진을 찍고, 글도 남기게 돼요.', '', '', '', '', '', ''], ['', '', '인스타그램에 블랙핑크 단체 사진과 함께 ‘어떤 것들은 절대 변하지 않는다(Somethings Don’t Change)’고 시작하는 글을 올렸어요. 데뷔 3주년 기념일이었죠. 어떤 마음이었을까요 매년 기념일이 될 때야 비로소 시간이 흘렀다는 걸 깨달아요. 데뷔한 지 벌써 3년이나 됐다는 게 믿기지 않거든요. 당일이 돼서야 조금 실감 나더라고요. 지수 언니, 로제, 리사…. 멤버와 같이 성장하는 모습을 보면 뿌듯하기도 하고, 한편으로는 10대 때 만났던 네 사람이 20대 중반을 향해 가는 게 낯설기도 해요. 중요한 건 이 모든 여정에서 저희 넷이 언제나 같은 자리에서 같은 꿈을 꾸고 있다는 거죠. 그런 의미에서 ‘변하지 않는다’는 표현을 썼어요.', '정확히 2년 2개월 전 블랙핑크가 K팝 그룹 최초로 <엘르> 커버를 장식했던 게 기억나요. 당시 인터뷰에서 “실력이 아닌 외모나 스타일에 대한 평가는 낯설다”고 답했는데 지금은 최고의 스타일 아이콘이 됐네요 </엘르> 어릴 때부터 무슨 옷을 입으면 좋을지, 어떤 헤어스타일이 어울릴지 자신을 스타일링하는 게 취미이자 일상이었어요. 너무 자연스러웠기 때문에 제 스타일을 관찰하고 좋아해 주는 사람들이 있다는 게 여전히 낯설긴 해요. 신기하고 고맙기도 하고요. 저란 사람이 가진 취향 자체를 관심 있게 봐준다는 거니까요.', '심지어 강력한 패션 하우스 샤넬의 앰배서더인걸요! 이제 익숙해질 때도 되지 않았나요 정말 좋아하는 브랜드와 새로운 순간을 만들어나가고 있어요. 매 순간이 기념할 만해요. 이 모든 게 당연하게 느껴지는 날은 오지 않을 것 같아요.', '', '', '', '촬영 내내 까르르 웃는 모습을 이렇게 많이 보게 될 줄 몰랐어요 정말 즐거웠으니까요. 화보 촬영은 뮤직비디오나 무대와는 또 다른 내 모습을 표현할 수 있는 시간이라 항상 기대돼요.', '샤넬 화인 주얼리와 함께했던 오늘 촬영장의 제니를 단어로 표현한다면 아무래도 사랑스럽고 소녀다운 모습을 많이 담으려 했던 것 같아요. ‘자연스러운 나(Natural me)’라고 하면 어떨까요.', '블랙핑크는 스타일링도, 사운드도 굉장히 트렌디한 그룹이에요. 실제 제니의 취향은 어떤가요 요즘은 제가 속한 세대가 아닌, 이전 것에 관심이 가요. 그게 음악이든 패션이든 간에 말이죠. 특히 필름카메라를 좋아해서 여러 대 갖고 있어요. 항상 지니고 다니면서 틈틈이 사진을 남기곤 하죠. 오늘 촬영장에서 그랬던 것처럼요.', '그리고 그 사진들이 얼마 전에 공개한 새로운 인스타그램 계정에 소개되는 거군요? 애칭인 ‘니니’를 활용한 ‘제니의 눈(lesyeuxdenini)’이라는 아이디가 의미심장해요사실 두 번째 계정을 여는 것에 대해 많이 고민했어요.', '처음 공개했던 개인 계정도 2000만 명이 훌쩍 넘는 엄청난 팔로어 수를 자랑하잖아요. SNS를 중요시하는 사람일 거라고 짐작했어요 음, SNS를 잘 활용해야 해서, 또는 다들 SNS가 중요하다니까 인스타그램을 하는 건 아니에요. 그보다 스스로 원해서 하는 게 더 커요. 사실 계정을 운영하는 건 생각보다 많은 시간과 세심함을 필요로 해요. 저는 제 일상과 사진을 공유하는 게 즐거워요. 또 다른 저를 보여줄 수 있는 플랫폼이라고 생각하기 때문에 꾸준히 하려고 일부러 노력하는 편이에요.', '', '', '', '블랙핑크의 안무 연습 영상과 라이브 영상을 찾아보고 새삼 놀랐어요. 제니를 예능 프로그램 속 귀여운 모습이나 스타일 아이콘으로만 기억하고 있구나 싶어서요. 연습생 시절부터 꾸준히 쌓아온 실력이나 노력에 대해 사람들이 조금 더 알아주길 바라는 마음이 들 때는 없는지 긴 연습생 생활 동안 해온 것들을 아직 못 보여드렸다는 생각이 들 때가 있는 건 사실이에요. 그런 모습을 하나하나 무대에서 꺼내는 게 앞으로 제게 주어진 몫이겠죠. 제가 잘하고 있다면 저를 지켜보는 분들도 알아주실 거예요. 특히 무대는 오를 때마다 새롭게 느껴지거든요. 지금도 열심히 연습하고 있어요. 더 잘하는 모습을 보여드리고 싶어서요.', '솔로 활동, 코첼라 페스티벌 무대, 월드 투어…. 아티스트로서 최근 경험한 것들이 제니의 성장에 도움이 됐을까요 그럼요! 특히 8개월에 걸친 월드 투어 동안 엄청나게 많은 걸 배우고 느꼈어요. 투어가 결정되고 무대에 서기 전에는 두렵기도 했어요. 아시아뿐 아니라 북미, 유럽, 오세아니아까지 전 세계 23개 도시에서 30여 회에 달하는 공연을 해내야 하니까요. 하지만 두려워했던 게 불필요한 시간이었다는 생각이 들 만큼 굉장한 경험이었어요.', '투어를 통해 다양한 문화권을 방문하고, 여러 사람을 만나는 것 또한 엄청난 경험이겠죠 세상에는 제가 상상했던 것보다 더 아름답고 신비로운 곳이 많더라고요. 두려워하지 않고 한 발자국만 나서면 예상치 못한 풍경이 기다리고 있다는 걸 알았어요. 자신을 조금 더 찾아가는 시간이 됐죠. 그래서인지 요즘 들어 ‘Love Yourself(자신을 사랑하라)’라는 말이 종종 떠올라요.', '피아니스트 조성진 씨가 “피아노 건반이 깨끗할 때 행복하다”고 답한 인터뷰를 보고 누구나 행복을 소소한 순간에서 느낄 수 있구나 싶었어요. 슈퍼스타인 제니에게도 그런 순간이 있나요 구름이 많고 예쁜 하늘을 볼 때요. 정말 이유를 알 수 없이 행복한 기분이 솟아나요.', '곧 ‘블링크’를 위한 첫 블랙핑크 팬 미팅이 있을 거라는데 이 소식에 대해 귀띔해 준다면 첫 팬 미팅인 만큼 오래 블링크의 기억에 남을 수 있도록 고민하고 있으니 기대해도 좋다는 거요. 자세한 건 말할 수 없지만요!', '촬영이 끝난 지 얼마 되지 않아 제니의 인스타그램 스토리에는 <엘르>가 선물한 커다란 꽃다발과 샤넬에서 준비한 케이크를 찍은 사진이 올라왔다. 앞으로 얼마나 더 소중한 순간들이 그녀 앞에 놓일지, 그 장면들이 제니의 눈에 어떻게 담길지는 알 수 없다. 하지만 제니가 자신을 둘러싼 광경을 자신의 시각으로 명징하게 바라보고 이해하고 있다는 것, 바로 그 명확한 자세가 그녀를 사랑할 수밖에 없는 건 분명하다. 척추를 반듯하게 곧추세우고 좀 더 먼 곳을 바라보려는 사람의 태도는 어쩔 수 없이 타인을 압도하기도 하니까. 그래서 지금 제니는 명백한 아이콘이다. 음악과 스타일, 그 어느 쪽도 놓칠 생각이 없는.', '']]|STAR|0|0|Ji|E|['인스타그램에 블랙핑크 단체 사진과 함께 ‘어떤 것들은 절대 변하지 않는다(Somethings Don’t Change)’고 시작하는 글을 올렸어요. 데뷔 3주년 기념일이었죠. 어떤 마음이었을까요 매년 기념일이 될 때야 비로소 시간이 흘렀다는 걸 깨달아요. 데뷔한 지 벌써 3년이나 됐다는 게 믿기지 않거든요. 당일이 돼서야 조금 실감 나더라고요. 지수 언니, 로제, 리사…. 멤버와 같이 성장하는 모습을 보면 뿌듯하기도 하고, 한편으로는 10대 때 만났던 네 사람이 20대 중반을 향해 가는 게 낯설기도 해요. 중요한 건 이 모든 여정에서 저희 넷이 언제나 같은 자리에서 같은 꿈을 꾸고 있다는 거죠. 그런 의미에서 ‘변하지 않는다’는 표현을 썼어요.']
카디건 활용백서|http://v.media.daum.net/v/20190906000137284|2019.09.06|http://v.media.daum.net/v/20190906000137284?f=o|[['', '', '', '카디건이야, 블라우스야? 퍼프 소매 카디건의 단추를 모두 잠그고 블라우스처럼 연출한 블랙핑크 지수. 플리츠 랩스커트와 매치해 귀여운 스쿨걸 룩을 연출했어요. 머리에 두른 헤어 밴드까지 모든 것이 소녀소녀하네요.', '', '', '', '', '', '모델 카이아 거버는 블랙 컬러의 크롭트 카디건을 선택했어요. 배기 핏의 데님 팬츠, 그래픽 패턴의 버킷 햇, 벨트 고리의 키링과 주머니에 살짝 끼운 선글라스까지 보는 재미가 쏠쏠한 90년대 바이브를 느껴보세요!', '', '', '', '', '', '김고은의 선택은 할머니가 떠준 듯한 소박한 패턴의 카디건입니다. 니트 소재의 풀 스커트와 매치해 여성스러운 무드를 강조했어요. 너무 착한 룩이 재미없게 느껴지지 않는 이유는 카디건 첫 번째 단추를 살짝 오픈해 섹시함을 드러냈기 때문 아닐까요?', '', '', '', '', '', '두아 리파가 입으면 카디건도 섹시할 수 있습니다. 가슴 아래 매듭을 묶은 섹시한 탱크톱 위로 양쪽 어깨가 드러나도록 느슨하게 카디건을 연출하는 방법을 택했죠. 여기에 무려 6종류의 네크리스를 레이어드하고 그윽한 스모키 아이 메이크업까지 더한 현기증 나는 걸 크러쉬 매력!', '', '', '', '', '', '패턴과 컬러를 믹스한 페미닌한 프렌치 룩을 즐겨 입는 잔느 다마의 데일리 룩에도 카디건이 등장했습니다. 그녀가 사랑하는 하이웨이스트 데님 팬츠, 플로럴 패턴의 톱 위에 가볍게 걸친 파스텔컬러의 카디건. 이런 사랑스러움 배워볼 만하겠죠?', '', '', '', '', '', '패션 블로거이자 디자이너인 아리엘 차나스는 브론즈 컬러의 꽈배기 니트 카디건을 귀엽게 소화했네요. 소매를 밀어 올려 손목을 드러내고 첫 번째와 마지막 두 개의 단추를 풀어 스킨을 살짝살짝 드러내 답답한 스타일을 탈피했어요.', '', ''], ['', '', '', '', '', '']]|FASHION|0|0|Ji|E|['카디건이야, 블라우스야? 퍼프 소매 카디건의 단추를 모두 잠그고 블라우스처럼 연출한 블랙핑크 지수. 플리츠 랩스커트와 매치해 귀여운 스쿨걸 룩을 연출했어요. 머리에 두른 헤어 밴드까지 모든 것이 소녀소녀하네요.']
백과 겨드랑이의 상관관계|http://v.media.daum.net/v/20190807111407016|2019.08.07|http://v.media.daum.net/v/20190807111407016?f=o|[['', '', '', '90년대에서 튀어나온 듯 완벽한 레트로 룩을 재현한 벨라 하디드. 원 톤으로 맞춘 룩에 루이비통의 빈티지 숄더 백과 틴티드 선글라스를 매치한 그녀의 90년대 감성에 박수를! 벨라의 룩은 출근 패션으로도 손색이 없을 것 같으니 내일 당장 시도해봐도 좋을 것 같네요.', '', '', '', '', '', '', '', '', '존재만으로도 화제가 되는 그녀들의 패션에도 어김없이 90년대 무드의 미니 백이 등장합니다. 약속이나 한 듯이 모두 겨드랑 이 아래로 당겨 맨 백들이 보이시나요? 크롭트 톱과 데님 팬츠의 실패 없는 공식에 미니 백으로 마침표를 찍은 제니와 리사의 룩은 당장에라도 따라 해 보고 싶을 정도로 스타일리시하네요. 사랑스러운 매력의 지수는 심플한 원피스에 체크 패턴의 버버리 미니 백을 매치해 센스있는 룩을 완성했어요.', '', '', '', '', '거울 셀카로 다양한 데일리 룩을 선보이는 선미도 루이비통의 모노그램 패턴 미니 백으로 90년대 스타일을 연출했어요. 블랙 컬러의 크롭트 톱, 와이드 데님 팬츠와 투박한 화이트 스니커즈의 조합, 쿨하게 걸친 숄더백, 내추럴하게 묶은 헤어까지 어느 하나 빠지는 것 없이 퍼펙트한 선미의 아웃핏은 미니 백 스타일의 정석!', '', '', '', '', '', '', '', '', '스타일 아이콘, 아이린의 ‘최애템’은 바로 블랙 컬러의 심플한 미니 백! 그녀는 이 숄더백과 사랑에 빠진 것으로 보여요. 매일 옷은 바뀌지만, 겨드랑이 아래 위치한 가방은 변하지 않거든요. 점프 수트부터 맥시 드레스까지 아이린의 데일리 룩에서 미니 백 스타일링의 힌트를 얻어보세요.', '', '', '', '넘사벽 몸매를 자랑하는 켄달 제너의 거울 셀카에도 미니 백이 등장합니다. 근육질 몸매를 그대로 드러내는 바디 컨셔스 드레스에 겨드랑이에 착붙한 미니 숄더백으로 90년대와 접속했네요.', '', ''], ['이번 시즌을 강타한 90년대 스타일의 열기를 증명이라도 하듯 셀러브리티들의 옷차림엔 세기말적인 패션 모멘트가가득합니다. 납작한 배를 드러내는 크롭트 톱과 섹시한 캐미솔, 여성스러운 미니 드레스까지 각기 다른 90년대 뉴트로를 일상에 재현하는 옷 좀 입는 스타들의 공통점은 바로 가방끈이 짧다는 것! 오해하지 마세요. 말 그대로니까요. 가방끈을 짧게 줄여 겨드랑 이 아래 바짝 붙여 메는 것이 포인트. 백의 사이즈는 작을수록 좋답니다. ‘어깨는 가볍게, 두 손은 자유롭게’가 핵심입니다.', '', '♡ 블랙핑크의 미니 백 사랑', '', '', '', '♡ 워너비 스타일 선미', '', '', '♡ 미니 백 활용 백과사전, 아이린의 데일리 룩', '', '', '', '', '♡ 켄달 제너의 픽', '']]|FASHION|0|0|Ji|E|['존재만으로도 화제가 되는 그녀들의 패션에도 어김없이 90년대 무드의 미니 백이 등장합니다. 약속이나 한 듯이 모두 겨드랑 이 아래로 당겨 맨 백들이 보이시나요? 크롭트 톱과 데님 팬츠의 실패 없는 공식에 미니 백으로 마침표를 찍은 제니와 리사의 룩은 당장에라도 따라 해 보고 싶을 정도로 스타일리시하네요. 사랑스러운 매력의 지수는 심플한 원피스에 체크 패턴의 버버리 미니 백을 매치해 센스있는 룩을 완성했어요.']
비즈 주얼리로 비주얼 업!|http://v.media.daum.net/v/20190802151437285|2019.08.02|http://v.media.daum.net/v/20190802151437285?f=o|[['', '', '', '얼마 전 블랙핑크의 멤버들이 모두 같은 주얼리를 하고 공항에 나타났어요. 우정 아이템으로 보이는 네 개의 주얼리는 바로 비즈 목걸이! 언젠가부터 인스타그램 피드에 심심치 않게 보이는 이 장난감 같은 주얼리가 올여름 아주 ‘핫’한 액세서리라는 것이 증명된 셈이죠. 어린 시절의 추억을 소환시키는 소박한 비즈 주얼리. 아묻따 ‘겟’ 하기 전에 스타들이 어떤 주얼리를 착용했는지 확인하고 사실께요~.', '', '', '', '', '', '', '블랙핑크가 공항 패션에서 보여준 비즈 목걸이는 일상에서도 쭉 함께하고 있어요. 알록달록한 비즈 사이에 위치한 스마일 펜던트가 위트있죠? 리사의 블랙 재킷 룩에도 지수의 캐주얼한 레드 티셔츠에도 찰떡궁합! 어디에나 잘 어울리는 비즈 목걸이의 스펙트럼, 대단해~!', '', '', '', '', '', '', '카리스마 있고 섹시한 무대 위의 모습과는 상반되는 키치한 패션 아이템을 즐기는 현아도 비즈 팔찌의 매력에 빠졌답니다. 비비드한 컬러의 비즈들이 불규칙적으로 꿰어진 그녀의 팔찌에는 특별한 점이 있어요. 알파벳이 새겨진 비즈로 포인트 딱! 손목 위에 있는 ‘LIKE’ 타투와 만나 유니크한 액세서리 룩이 완성되었어요.', '', '', '', '', '', '', '예쁜 것을 고르는 능력치가 만렙인 김나영도 비즈 목걸이 홀릭! 티셔츠를 입을 때도 우아한 파스텔컬러의 드레스를 입을 때도 마무리는 언제나 비즈 목걸이네요. 휴가지에선 아들 신우 군과 커플 비즈 목걸이를 연출했어요. 화장기 없는 얼굴마저 화사하게 하는 비즈 네크리스의 좋은 예로 참고하기로 해요~!', '', '', '', '', '배우 공효진은 비즈 주얼리를 직접 만드는 금손을 가지고 있어요. 실버 컬러의 작은 비즈를 베이스로 듬성듬성 꽃송이를 만들어 넣은 네크리스가 그녀의 손끝에서 만들어졌다니! 오색 찬란한 비비드 컬러의 비즈 주얼리가 부담스러운 사람은 공블리 스타일을 눈여겨보세요.', '', '', '', '', 'AOA 지민은 비즈 주얼리를 레이어드하는 탁월한 능력을 갖추고 있어요. 각기 다른 컬러의 비즈 팔찌를 여러 개 레이어드하거나 길이가 다른 펜던트 네크리스와 비즈 네크리스를 센스 있게 매치하죠. 지민의 센스 있는 주얼리 더하기 공식은 뮤직 페스티벌을 앞둔 사람들에게 꿀팁이 될 것 같아요.', '「 」', '「 」', '', '', '', '', '', '', '2) 애니루 (Anni Lu)', '', '', '', '', '', '', '3) 록산느 애슐린 (Roxanne Assoulin)', '', '', '', '', '', '', '4) 샵제이미 (Shop Jaime)'], ['━', '', '<블랙핑크 리사와 지수></블랙핑크>', '', '', '<현아></현아>', '', '', '', '<김나영></김나영>', '', '', '', '<공효진></공효진>', '', '', '', '', '1) 돈비어치킨 (Don’t be a chicken)', '닭띠 친구 두 명이 함께 디자인하고 직접 손으로 꿰어 만든 비즈 주얼리 브랜드', '', '', '', '핸드메이드로 제작하는 뉴욕 베이스의 주얼리 브랜드', '', '', '', '뉴욕 베이스의 비즈 주얼리 브랜드로 볼드한 컬러와 레터링 비즈가 특징', '', '', '', '알파벳 비즈를 이용해 본인만의 비즈 팔찌를 만들 수 있는 주얼리 브랜드', '', '']]|FASHION|0|0|Ji|E|['블랙핑크가 공항 패션에서 보여준 비즈 목걸이는 일상에서도 쭉 함께하고 있어요. 알록달록한 비즈 사이에 위치한 스마일 펜던트가 위트있죠? 리사의 블랙 재킷 룩에도 지수의 캐주얼한 레드 티셔츠에도 찰떡궁합! 어디에나 잘 어울리는 비즈 목걸이의 스펙트럼, 대단해~!', '<블랙핑크 리사와 지수></블랙핑크>']
여름을 대비하는 신상 뷰티템|http://v.media.daum.net/v/20190612144032189|2019.06.12|http://v.media.daum.net/v/20190612144032189?f=o|[['', '', '', '', '', '', '', '', '', '', '', '', '', '', '', '', '', '', '', '', '', '', '', '', '', '', '', '', '', '', '', '', '', '', '', '', '', '', '', '', '', '', '', '', '', '', ''], ['━', 'SKIN CARE', '', '', '', '', '', '', '━', 'MAKE-UP', '', '', '', '', '', '', '', '━', 'BODY, HAIR, PERFUME', '', '', '', '', '', '']]|BEAUTY|0|2|Ji|E|[]
샤넬 뷰티와 함께한 6가지 건강한 습관들|http://v.media.daum.net/v/20190529093952731|2019.05.29|http://v.media.daum.net/v/20190529093952731?f=o|[['', '', '', '', '', '', '', '', '', '', '', '', '', '', '', '', '', '', '', '', '', '(차례대로)', '', '', '', '', '', '', '', '', '', '', '', '', '', '', '', '', '', '', '', ''], ['', 'HYDRATE AFTER WAKING UP', '하루를 시작하는 방법으로 공복에 마시는 물 한 잔보다 좋은 건 없다. 체내에 축적된 독소를 배출하는 건 물론이고 피부의 혈액순환을 촉진해 생기와 윤기를 더해주니까! 푹 자고 일어난 듯한 숙면 피부는 마이크로 버블 샷으로 강력한 보습력과 플럼핑 효과를 선사하는 이드라 뷰티 마이크로 리퀴드 에센스, 이드라 뷰티 마이크로 쎄럼, 이드라 뷰티 마이크로 크림을 순서대로 발라 완성한 것. 사용 제품은 모두 Chanel.', '', 'FEEL CLEAN', '부드러운 거품과 따뜻한 물로 피부를 씻어내는 시간을 통해 잠에서 덜 깬 몸과 마음을 촉촉하고 개운하게 일깨워주자. 처음 펴 바를 땐 마이크로 버블이 물처럼 터지면서 신선한 느낌을 주고, 문지를수록 농밀한 질감이 피부를 감싸듯 코팅하는 이드라 뷰티 마이크로 크림을 듬뿍 발라 맑고 투명하게 빛나는 피부를 표현했다. 사용 제품은 모두 Chanel.', '테리 소재의 크롭트 톱은 & Other Stories.', '', 'GIVE A SMALL BEAUTY TREATMENT', '자신을 아름답게 꾸미고 가꾸는 시간을 갖자. 평소보다 공들인 스킨케어, 번거롭고 귀찮게 여기던 홈 스파 트리트먼트, 매니큐어나 향수를 바꿔보는 등 사소할지라도 당신에게 긍정의 마인드와 자신감을 선사해 준다면 OK!', '(차례대로)', '1 미세한 진줏빛 입자가 은은하게 빛나는 피부를 표현해 메이크업하기에 최적의 상태로 만들어주는 광채 수분 프라이머. 이드라 뷰티 까멜리아 워터 크림, 8만9천원.', '2 이슬을 머금은 꽃잎처럼 싱그럽고 촉촉한 피부를 선사하는 고농축 세럼. 미세한 물방울들이 피부에 닿자마자 빠르게 확산돼 피부 속부터 차오르는 수분감을 만끽할 수 있는 이드라 뷰티 마이크로 쎄럼, 13만원.', '3 세안 직후 약 5000개의 마이크로 버블이 터지며 피부 장벽을 강화하고 결을 매끈하게 정돈하는 워터 타입의 에센스. 이드라 뷰티 마이크로 리퀴드 에센스, 13만7천원, 모두 Chanel.', '', '1 가브리엘 샤넬이 사랑했던 도시이자 따뜻한 햇살로 반짝이는 지중해 연안 리비에라의 풍광을 담은 향수. 레 조 드 샤넬 파리-리비에라, 18만9천원.', '2 아무것도 바르지 않은 듯 내추럴한 헬시 스킨을 완성한다. 고농축된 피그먼트 캡슐이 수분 젤과 믹스되면서 피부 톤에 꼭 맞게 밀착되는 레 베쥬 워터-프레시 틴트, 9만5천원.', '3 핸드백 속의 액세서리 같은 매혹적인 핸드크림. 나를 위한 작은 사치를 느낄 수 있는 리치한 텍스처의 라 크렘 망. 8만원, 모두 Chanel.', '', 'READ MORE', '책을 읽으며 기억하고 싶은 구절이나 느낀 점을 노트에 적다 보면 복잡했던 머릿속이 정리되고 창의적인 아이디어가 샘솟을 것. 은은하게 빛나는 윤기를 선사하는 프라이머인 이드라 뷰티 까멜리아 워터 크림을 바르고, 피그먼트 캡슐이 수분 젤과 만나 자연스럽고 건강한 피부를 연출하는 레 베쥬 워터-프레시 틴트, 라이트를 브러시로 곱게 펼쳐 바른다. 레 베쥬 립 밤, 인텐스를 입술과 양 볼에 톡톡 두드려 발라 여름 햇살에 기분 좋게 달아오른 느낌을 연출. 사용 제품은 모두 Chanel.', '퍼프 소매 블라우스는 & Other Stories.', '수시로 뿌려 피부에 수분 코팅과 항산화 효과를 주는 이드라 뷰티 에센스 미스트는 Chanel.', '', 'LOVE YOURSELF', '평소엔 쳐다보지도 않던 화장대 위의 거울. 주말만큼은 그 속에 비친 자신에게 말을 건네보자. ‘지금 내 모습 그대로도 충분히 예뻐’ ‘나는 아름다운 피부를 지녔어’라고. 마이크로 버블 입자가 피부에 닿는 즉시 쿨링감을 선사하는 이드라 뷰티 마이크로 쎄럼과 이드라 뷰티 마이크로 크림을 충분히 흡수시켜 속부터 차오른 플럼핑 피부를 연출. 은은한 진줏빛 윤기를 선사하는 프라이머, 이드라 뷰티 까멜리아 워터 크림으로 마무리한다. 사용 제품은 모두 Chanel.', '크로셰 소재의 브라톱은 Avec Vous. 데님 팬츠는 Bershka. 펜던트 네크리스는 Mzuu.', '', 'EAT HEALTHY', '헐레벌떡 집을 나서기 바빴던 평일 아침은 잠시 잊길. 신선한 과일과 채소, 통곡물 빵, 갓 내린 향긋한 커피 한 잔이면 충분. 영양 가득한 아침 첫 끼를 여유롭게 즐기다 보면 재충전되는 몸과 마음을 느낄 수 있을 것. 자연스럽고 건강해 보이는 피부는 레 베쥬 워터-프레시 틴트, 라이트를 브러시로 둥글둥글 펴 발라 완성했다. 얼굴에서 튀어나온 윤곽 중심으로 바움 에쌍씨엘 글로우 스틱, 트랜스페어런트를 톡톡 두드려 발라 빛 반사 효과를 극대화한 다음, 레 베쥬 립 밤, 인텐스를 입술과 양 볼에 가볍게 패팅해 6월의 열기에 발그레하게 달뜬 혈색과 생기를 연출. 사용 제품은 모두 Chanel.', '오버사이즈 티셔츠는 Recto. 조개 모티프의 헤어핀은 High Cheeks.']]|BEAUTY|0|2|Ji|E|[]
활짝 핀 블랙핑크|http://v.media.daum.net/v/20180404142840507|2018.04.04|http://v.media.daum.net/v/20180404142840507?f=o|[[], ['아름답고 강렬하며 눈부신 존재, 블랙핑크', '', '어깨를 강조한 플라워 패턴의 실크 드레스, 이어링은 가격 미정, Louis Vuitton.', '', '플라워 패턴의 자수 디테일이 들어간 롱 베스트, 풍성한 슬리브의 블라우스, 골드 컬러 트위스트 백은 가격 미정, 모두 Louis Vuitton.', '', '플라워 자수 장식이 돋보이는 앤티크한 분위기의 코트, 아치라이트 스니커즈, 골드 이어링, 바닥에 놓인 트위스트 백은 가격 미정, 모두 Louis Vuitton.', '', '풍성한 슬리브와 로맨틱한 플라워 패턴이 특징인 블라우스, 골드 이어링과 알파벳 펜던트 링, 플로럴 패턴의 트위스트 백은 가격 미정, 모두 Louis Vuitton.', '<엘르> 뮤즈가 되어 꽃과 함께 촬영했어요. 누군가에게 꽃 선물을 한다면 지수 가장 좋아하는 은방울꽃을 다른 이들에게도 선물하고 싶어요. 제니 노란 히아신스. 제 탄생화예요. 로제 하얀 장미는 화이트 초콜릿을 연상케 해요. 가까이 두고 기분이 좋아지라며 선물할래요. 리사 순수하면서도 러블리한 느낌의 핑크색 장미.', '블랙핑크 소개란에 꼭 넣고 싶은 수식어는 지수 ‘항상 색다른’. 제니 ‘영감을 주는’. 리사 ‘다양한 매력의’. 로제 ‘실력파’.', '나란 사람을 가장 잘 표현할 수 있는 단어는 지수 미소. 로제 솔직함, 음악, 긍정심. 리사 댄스, 블랙핑크, 남동생. 제니 Shiny, New, Black.', '<블핑하우스>에서 “우리 이거 해볼까”라고 시작해 착착 해나가는 모습이 보기 좋아요. 함께해서 좋은 점은 지수 무엇을 하든 든든해요. 그래서 새로운 도전도 마음 편하게 시도할 수 있어요. 무엇보다 넷이서 무대에 있을 때 가장 즐거워요. 제니 서로 믿고 의지해서 실패에 대한 두려움이 없어요. 음악적으로 많은 걸 해보고 싶어요. 로제 하루도 심심할 겨를이 없어요. 각자 성격은 다르지만 오랜 시간 함께해서 말하지 않아도 통해요. 리사 가족 같아요. 가장 가까운 사람들과 하고 싶은 것을 함께 한다는 게 너무 기뻐요.', '데뷔를 준비하던 시절, 가장 기억에 남는 건지수 매달 있었던 연습 평가 시간. 다 같이 힘들고 지칠 때도 있었지만 돌이켜보면 즐거운 추억이에요. 로제 기타를 치고 노래 부르는 것에 푹 빠져 밤낮없이 영상을 찾아보고 연습한 적 있어요. 무언가에 열정이 생기면 행복해요. 제니 연습실에 혼자 남아 좋아하는 아티스트의 노래를 크게 틀어놓고 미래의 내 모습을 상상하며 연습하곤 했어요. 그 새벽 시간을 잊지 못해요.', '멤버만 아는 서로의 재능은 로제 일단 지수 언니는 게임을 굉장히 잘해요. 게임을 시작하면 ‘걸 크러시’ 모드가 돼요. 제니 언니는 촉이 남달라요. 언니가 “그건 이렇게 될 것 같아”라고 하면 정말 비슷한 일이 일어나요. 그리고 리사는 진정한 ‘흥부자’예요. 원래 춤을 잘 추지만 특이한 춤도 잘 춰요. 지수 리사는 사진도 잘 찍어요. 사진에 관심을 갖더니 요즘 전문가처럼 찍어요. 리사 만화를 많이 보는 지수 언니는 만화 캐릭터 목소리로 말을 할 수 있어요.', '<엘르>의 스페셜 에디터가 된다면 지수 뮤직비디오는 완성된 영상보다 훨씬 다양하고 많은 장면을 찍거든요. 촬영장의 비하인드 신을 취재하면 재미있을 것 같아요. 제니 스타일링부터 촬영까지, 화보를 직접 기획하고 진행해 보고 싶어요. 로제 평소 인터뷰 영상을 즐겨봐요. <엘르>의 인터뷰 영상 프로듀싱을 맡는다면 신나게 할 수 있어요.', '블랙핑크로서 무엇을 더 잘하고 싶나요 제니 사람들과 음악 신에 좋은 영향을 주고 싶어요. 리사 랩과 춤을 잘하고 싶어요. 더 멋있게. 로제 항상 힘이 돼주는 ‘블링크’ 팬들에게 더 좋은 음악을 들려주기. 지수 무대에서 가장 빛나는 아티스트가 되길 꿈꿔요.', '', '(왼쪽부터) 리사가 입은 볼륨감을 강조한 슬리브리스드레스, 펜던트 네크리스, 블랙 아이코닉 샌들, 오른손에 쥔 플라워 장식의 트위스트 백은 가격 미정, 모두 Louis Vuitton. 지수가 입은 플라워 포인트의 블랙 페이턴트 톱, 골드 뱅글들은 가격 미정, Louis Vuitton. 브리프와 블랙 힐은 스타일리스트 소장품. 제니가 입은 러플 장식이 인상적인 플라워 패턴의 크롭트 톱, 블랙 미니스커트는 가격 미정, 모두 Louis Vuitton. 블랙 힐은 스타일리스트 소장품. 로제가 입은 러플 디테일의 플라워 프린트 톱, 골드 이어링은 가격 미정, 모두 Louis Vuitton. 블랙 스키니 팬츠와 블랙 힐은 가격 미정, 모두 스타일리스트 소장품.', '사진 김희준', '비주얼디렉터 지은', '패션에디터 허세련', '피처에디터 김아름, 김영재', '헤어 한지선', '메이크업 원조연', '네일 박은경(Unistella)', '소품 스타일리스트 Jaden Cho', '패션어시스턴트 김아라, 유지은', '디자인 전근영']]|STAR|0|0|Ji|E|['<엘르> 뮤즈가 되어 꽃과 함께 촬영했어요. 누군가에게 꽃 선물을 한다면 지수 가장 좋아하는 은방울꽃을 다른 이들에게도 선물하고 싶어요. 제니 노란 히아신스. 제 탄생화예요. 로제 하얀 장미는 화이트 초콜릿을 연상케 해요. 가까이 두고 기분이 좋아지라며 선물할래요. 리사 순수하면서도 러블리한 느낌의 핑크색 장미.', '블랙핑크 소개란에 꼭 넣고 싶은 수식어는 지수 ‘항상 색다른’. 제니 ‘영감을 주는’. 리사 ‘다양한 매력의’. 로제 ‘실력파’.', '나란 사람을 가장 잘 표현할 수 있는 단어는 지수 미소. 로제 솔직함, 음악, 긍정심. 리사 댄스, 블랙핑크, 남동생. 제니 Shiny, New, Black.', '<블핑하우스>에서 “우리 이거 해볼까”라고 시작해 착착 해나가는 모습이 보기 좋아요. 함께해서 좋은 점은 지수 무엇을 하든 든든해요. 그래서 새로운 도전도 마음 편하게 시도할 수 있어요. 무엇보다 넷이서 무대에 있을 때 가장 즐거워요. 제니 서로 믿고 의지해서 실패에 대한 두려움이 없어요. 음악적으로 많은 걸 해보고 싶어요. 로제 하루도 심심할 겨를이 없어요. 각자 성격은 다르지만 오랜 시간 함께해서 말하지 않아도 통해요. 리사 가족 같아요. 가장 가까운 사람들과 하고 싶은 것을 함께 한다는 게 너무 기뻐요.', '데뷔를 준비하던 시절, 가장 기억에 남는 건지수 매달 있었던 연습 평가 시간. 다 같이 힘들고 지칠 때도 있었지만 돌이켜보면 즐거운 추억이에요. 로제 기타를 치고 노래 부르는 것에 푹 빠져 밤낮없이 영상을 찾아보고 연습한 적 있어요. 무언가에 열정이 생기면 행복해요. 제니 연습실에 혼자 남아 좋아하는 아티스트의 노래를 크게 틀어놓고 미래의 내 모습을 상상하며 연습하곤 했어요. 그 새벽 시간을 잊지 못해요.', '멤버만 아는 서로의 재능은 로제 일단 지수 언니는 게임을 굉장히 잘해요. 게임을 시작하면 ‘걸 크러시’ 모드가 돼요. 제니 언니는 촉이 남달라요. 언니가 “그건 이렇게 될 것 같아”라고 하면 정말 비슷한 일이 일어나요. 그리고 리사는 진정한 ‘흥부자’예요. 원래 춤을 잘 추지만 특이한 춤도 잘 춰요. 지수 리사는 사진도 잘 찍어요. 사진에 관심을 갖더니 요즘 전문가처럼 찍어요. 리사 만화를 많이 보는 지수 언니는 만화 캐릭터 목소리로 말을 할 수 있어요.', '<엘르>의 스페셜 에디터가 된다면 지수 뮤직비디오는 완성된 영상보다 훨씬 다양하고 많은 장면을 찍거든요. 촬영장의 비하인드 신을 취재하면 재미있을 것 같아요. 제니 스타일링부터 촬영까지, 화보를 직접 기획하고 진행해 보고 싶어요. 로제 평소 인터뷰 영상을 즐겨봐요. <엘르>의 인터뷰 영상 프로듀싱을 맡는다면 신나게 할 수 있어요.', '블랙핑크로서 무엇을 더 잘하고 싶나요 제니 사람들과 음악 신에 좋은 영향을 주고 싶어요. 리사 랩과 춤을 잘하고 싶어요. 더 멋있게. 로제 항상 힘이 돼주는 ‘블링크’ 팬들에게 더 좋은 음악을 들려주기. 지수 무대에서 가장 빛나는 아티스트가 되길 꿈꿔요.', '(왼쪽부터) 리사가 입은 볼륨감을 강조한 슬리브리스드레스, 펜던트 네크리스, 블랙 아이코닉 샌들, 오른손에 쥔 플라워 장식의 트위스트 백은 가격 미정, 모두 Louis Vuitton. 지수가 입은 플라워 포인트의 블랙 페이턴트 톱, 골드 뱅글들은 가격 미정, Louis Vuitton. 브리프와 블랙 힐은 스타일리스트 소장품. 제니가 입은 러플 장식이 인상적인 플라워 패턴의 크롭트 톱, 블랙 미니스커트는 가격 미정, 모두 Louis Vuitton. 블랙 힐은 스타일리스트 소장품. 로제가 입은 러플 디테일의 플라워 프린트 톱, 골드 이어링은 가격 미정, 모두 Louis Vuitton. 블랙 스키니 팬츠와 블랙 힐은 가격 미정, 모두 스타일리스트 소장품.']
엘르 최초 K팝 그룹 단체 커버의 주인공 블랙핑크|http://v.media.daum.net/v/20170807150938837|2017.08.07|http://v.media.daum.net/v/20170807150938837?f=o|[[], ['블랙핑크가 쓰는 걸 그룹의 새로운 역사는 이미 시작됐다', '', '지수가 입은 파워 숄더 톱과 페이턴트 스커트, 리사가 입은 원 숄더 벨벳 드레스와 사이하이 부츠, 제니가 입은 오프숄더 실크 톱과 페이턴트 팬츠, 로제가 입은 슬리브리스 톱과 드레이핑 스커트, 레더 부츠는 모두 Saint Laurent by Anthony Vaccarello.', '', '(왼쪽) 제니가 입은 하트 모티프의 스웨터와 언밸런스 라인의 스웨이드 스커트, 프린지 장식의 이어링, 지수가 입은 러플 드레이핑의 미니드레스와 볼드한 크리스털 이어링, 로고 장식의 초커, 부츠는 모두 Saint Laurent by Anthony Vaccarello.', '', '로제가 입은 풍성한 프린지 디테일의 원 숄더 드레스와 레더 부츠, 지수가 입은 오버사이즈 후디드 톱과 블랙 셔츠, 도트 패턴의 티어드 스커트, 드레이핑 부츠, 리사가 입은 퍼 트리밍 블루종과 드레이핑 스커트는 모두 Saint Laurent by Anthony Vaccarello.', '', '볼드한 가죽 러플 장식의 원 숄더 드레스와 크리스털 사이하이 부츠는 모두 Saint Laurent by Anthony Vaccarello.', '', '지수가 입은 그린 컬러의 스웨이드 미니드레스와 프린지 장식의 이어링, 레더 부츠, 로제가 입은 벌키한 모헤어 니트 톱과 클래식한 데님 팬츠, 슬링백 슈즈는 모두 Saint Laurent by Anthony Vaccarello.', '', '제니가 입은 과장된 벨 슬리브 톱과 레더 쇼츠, 앵클 스트랩 펌프스, 크리스털 이어링, 리사가 입은 샤이니한 무통 재킷과 레더 스커트, 터틀넥 스웨터, 드레이핑 부츠는 모두 Saint Laurent by Anthony Vaccarello.', '', '물결치는 플라운스 디테일의 벨벳 미니 드레스는 Saint Laurent by Anthony Vaccarello.', '', '지수가 입은 자카르 재킷과 블랙 톱, 레더 스커트, 제니가 입은 비즈 재킷과 블랙 톱, 로제가 입은 플리츠 셔츠와 비즈 장식의 트윌, 레더 쇼츠, 리사가 입은 화이트 면 티셔츠와 베스트는 모두 Saint Laurent by Anthony Vaccarello.', '', '리사가 입은 화이트 티셔츠와 비즈 장식 베스트, 데님 팬츠, 로고 힐 펌프스, 지수가 입은 자카르 재킷과 블랙 톱, 레더 스커트와 부츠, 제니가 입은 비즈 재킷과 블랙 톱, 스키니 벨트, 데님 스커트, 레더 부츠, 로제가 입은 블랙 셔츠와 비딩 장식 베스트, 레더 쇼츠, 앵클부츠는 모두 Saint Laurent by Anthony Vaccarello.', '', '크리스털 라펠의 파워 숄더 재킷과 블랙 셔츠, 스키니 팬츠, 레더 부츠는 모두 Saint Laurent by Anthony Vaccarello.', '', '크리스털을 촘촘하게 세팅한 미니드레스와 레더 롱부츠는 모두 Saint Laurent by Anthony Vaccarello.', '', '리사가 입은 원 숄더 레더 롱 드레스와 블랙 부츠, 제니가 입은 오버사이즈 블루종과 슬로건 장식의 티셔츠, 레이어드한 풀오버, 플리츠스커트, 레더 부츠, 뉴스보이 캡, 로제가 입은 볼드한 드레이핑 레더 드레스와 블랙 부츠는 모두 Saint Laurent by Anthony Vaccarello.', '머릿속에 선명히 대조되는 두 단어를 붙인 이름을 스마트폰 검색창에 넣어봤다. 최근 싱글 ‘마지막처럼’ 뮤직비디오가 유튜브에서 K팝 그룹 노래 중 역대 최단 기간 6000만 뷰를 돌파했다는 뉴스가 뜬다. 지난해 8월에 데뷔한 블랙핑크는 이미 ‘휘파람’ ‘붐바야’ ‘불장난’까지 1억 뷰 뮤직비디오를 세 편이나 보유하고 있다. 글로벌한 팬덤을 거느린 YG엔터테인먼트가 오랫동안 공들여 선보인 신인 걸 그룹. 매력적인 비주얼과 트렌디한 음악, 빈틈없이 화려한 퍼포먼스는 ‘뭐가 새로울 수 있을까?’라는 질문을 단숨에 무색하게 만들었다. 그리고 오늘 <엘르> 코리아 최초로 K팝 그룹 단체 커버의 주인공이 됐다. 치열한 경쟁 속에서 수 년 동안 트레이닝받은 네 명의 정예 멤버 지수, 제니, 로제, 리사. 신비주의를 벗고 각종 음악 방송과 예능 프로그램에 얼굴을 내비치느라 바쁜 그녀들이 애써 피곤한 기색을 털고 스튜디오에 들어섰다.', '“데뷔 1~2년 전부터 확정된 멤버 넷이서 24시간 호흡을 맞춰왔기에 팀워크가 좋아요. 이번에 라디오에 첫 출연했는데 떨리면서도 재미있었어요. 얼마 전 팬 사인회를 통해 처음으로 팬들과 만난 것도 의미 있었고요.” 정해진 리더가 없는 블랙핑크에서 ‘맏언니’로서 여러 가지 역할을 하고 있는 멤버 지수. 무대에선 겁없이 걸 크러시 매력을 뿜어내다가 인터뷰나 방송에선 볼 붉히는 수줍은 소녀가 되는 동생들을 대신해 마이크를 잡거나 ‘몸 개그’를 펼친다. “제가 그렇게 나서면 애들이 좀 풀어지는 것 같아서요. 평소에는 조용한 편이에요. 신날 때는 제일 들떠서 시끄럽게 굴기도 하지만요.” 청순한 외모와 달리 말끝마다 남다른 강단이 느껴지는 지수는 앞으로 닥칠지 모를 연예계 생활의 터프한 면에도 어느 정도 각오가 돼 있다. “이 일을 할 거면 굳게 마음먹고 해야 되는 것 같아요. 저는 감정을 쌓아두는 편이 아니에요. 그냥 슬프면 슬프다 하고, 울고 싶으면 울어요. 그때그때 느끼는 것을 표현하는 성격이라 오히려 스트레스를 덜 받지 않나 싶어요.”', '동글동글하면서도 시크한 분위기를 풍기는 매력적인 얼굴을 지닌 제니는 블랙핑크 정식 데뷔 전부터 일찌감치 YG의 뉴 페이스로 알려진 멤버다. 소위 말하는 ‘비주얼 담당’일 거라 짐작했는데 무대에서 파워풀한 랩과 춤 실력을 선보여 많은 이들을 깜짝 놀라게 했다. “데뷔하고 나서 저에 대한 그런 관심이 놀라웠어요. 연습생 시절 내내 랩과 노래, 춤 연습만 해서 무대에 서는 건 자신 있는데, 외모나 스타일에 대한 평가는 낯설어요.” 뉴질랜드에서 공부하던 제니는 미국 유학 수속을 앞두고, 음악과 관련된 일을 하고 싶다는 속마음을 어머니한테 털어놓고 한국에 왔다. “이대로 가면 내가 좋아하는 일을 못 찾을 것 같다는 생각이 들었어요. 그래서 엄마한테 울면서 전화했죠. 난 엄마가 원하는 선생님이나 변호사는 될 수 없다고요.” 본능대로 자신의 운명을 찾아나선 소녀, 팬들이 찍어 올린 제니의 ‘사복 패션’만 봐도 감각이 넘치는 이 소녀에게 ‘스타’보다 잘 어울리는 직업이 있을까 싶다. 그런 제니의 걸 크러시 대상은? “저한테 넘버원은 항상 리한나예요. 제가 추구하는 모든 면을 가지고 있어요.”', '제니가 블랙핑크의 비주얼 중심이라면, 사운드의 중심은 로제. ‘휘파람’ ‘불장난’ 등 한 번 들으면 잊히지 않는 중독성 강한 노래는 로제의 개성 있는 목소리가 기여한 바가 크다. 그러나 호주의 조용한 시골 동네에서 자란 소녀는 자신의 보석 같은 재능을 알지 못했다. 2012년 아버지의 권유로 참가한 YG 오디션에서 1등을 하기 전까지는(무려 700:1의 경쟁률을 뚫고). 그날부터 로제 앞에는 상상해 본 적 없는 미래가 펼쳐졌다. “어린 나이에 가족과 떨어져 지내는 게 힘들지 않았다고 할 순 없죠. 한국에는 멤버 외에 아는 사람, 아는 곳이 없었어요. 덕분에 음악을 더 많이 듣고 좋아하게 됐어요. 음악 때문에 스트레스도 많이 받았지만 또 음악이 유일한 위로였으니까요.”', '로제와 스물한 살 동갑내기인 태국 출신의 리사 또한 YG 해외 오디션을 통해 발탁된 멤버. 빅뱅과 2NE1의 음악을 들으며 K팝 가수에 대한 꿈을 품었기에 합격의 기쁨은 더욱 컸다. “정말 하고 싶은 일이라 전혀 고민하지 않았어요. 외동딸이라 엄마 아빠는 걱정이 많으셨지만요.” 4년간 매일 2시간씩 한국어를 공부했고 감자탕을 즐겨 먹는 리사에게 대한민국은 낯선 타국이 아니다. “한국에 온 지 얼마 안 됐을 때부터 그냥 제 집 같았어요. 지하철도 잘 타고 길도 잘 찾아 다녀요.” 데뷔 후 오랜만에 가족을 만나러 방콕에 다녀온 리사는 고국에서 벌써 자신의 얼굴을 알아보는 팬이 생긴 데 놀랐다. 일본 진출을 앞두고 있는 요즘, 국경을 넘나들며 사는 경험이 새삼 경이롭게 느껴지는 듯하다. “신기해요. 제가 어떻게 여기까지 왔을까 하는 생각이 들어요.”', '밤이 깊어지고 본격적인 촬영이 시작됐다. 데뷔한 지 1년도 안 된 신인 그룹이 과연 생 로랑의 에지 있는 최신 컬렉션 의상을 소화할 수 있을까 우려한 것도 잠시, 수줍던 모습은 온데간데없고 자신감 넘치는 포즈와 눈빛으로 모니터를 꽉 채우는 멤버들. 지드래곤, 씨엘 등 음악과 패션을 융합해 자신만의 독창성을 보여준 YG 아티스트 선배들의 뒤를 이어 블랙핑크 또한 새로운 스타일 아이콘으로서의 가능성이 느껴졌다. “아직 보여드릴 게 너무 많아요. 여러 가지 시도를 하면서 저희만의 색깔을 찾아가고 싶어요. 우리가 표현하고 싶은 여성의 이미지도 그런 거예요. 자신이 원하는 바를 알고 자신 있게 드러낼 줄 아는 여성.” 대중의 취향을 좇아가는 데 급급하기보다, 새롭고 다양한 시도를 거듭하며 대중의 사랑을 얻겠다는 자신감. 블랙핑크가 쓰는 걸 그룹의 새로운 역사는 이미 시작됐다.', '사진 김영준', '스타일리스트 최경원', '에디터 방호광, 김아름', '디자인 오주희']]|STAR|0|0|Ji|E|['지수가 입은 파워 숄더 톱과 페이턴트 스커트, 리사가 입은 원 숄더 벨벳 드레스와 사이하이 부츠, 제니가 입은 오프숄더 실크 톱과 페이턴트 팬츠, 로제가 입은 슬리브리스 톱과 드레이핑 스커트, 레더 부츠는 모두 Saint Laurent by Anthony Vaccarello.', '(왼쪽) 제니가 입은 하트 모티프의 스웨터와 언밸런스 라인의 스웨이드 스커트, 프린지 장식의 이어링, 지수가 입은 러플 드레이핑의 미니드레스와 볼드한 크리스털 이어링, 로고 장식의 초커, 부츠는 모두 Saint Laurent by Anthony Vaccarello.', '로제가 입은 풍성한 프린지 디테일의 원 숄더 드레스와 레더 부츠, 지수가 입은 오버사이즈 후디드 톱과 블랙 셔츠, 도트 패턴의 티어드 스커트, 드레이핑 부츠, 리사가 입은 퍼 트리밍 블루종과 드레이핑 스커트는 모두 Saint Laurent by Anthony Vaccarello.', '지수가 입은 그린 컬러의 스웨이드 미니드레스와 프린지 장식의 이어링, 레더 부츠, 로제가 입은 벌키한 모헤어 니트 톱과 클래식한 데님 팬츠, 슬링백 슈즈는 모두 Saint Laurent by Anthony Vaccarello.', '지수가 입은 자카르 재킷과 블랙 톱, 레더 스커트, 제니가 입은 비즈 재킷과 블랙 톱, 로제가 입은 플리츠 셔츠와 비즈 장식의 트윌, 레더 쇼츠, 리사가 입은 화이트 면 티셔츠와 베스트는 모두 Saint Laurent by Anthony Vaccarello.', '리사가 입은 화이트 티셔츠와 비즈 장식 베스트, 데님 팬츠, 로고 힐 펌프스, 지수가 입은 자카르 재킷과 블랙 톱, 레더 스커트와 부츠, 제니가 입은 비즈 재킷과 블랙 톱, 스키니 벨트, 데님 스커트, 레더 부츠, 로제가 입은 블랙 셔츠와 비딩 장식 베스트, 레더 쇼츠, 앵클부츠는 모두 Saint Laurent by Anthony Vaccarello.', '머릿속에 선명히 대조되는 두 단어를 붙인 이름을 스마트폰 검색창에 넣어봤다. 최근 싱글 ‘마지막처럼’ 뮤직비디오가 유튜브에서 K팝 그룹 노래 중 역대 최단 기간 6000만 뷰를 돌파했다는 뉴스가 뜬다. 지난해 8월에 데뷔한 블랙핑크는 이미 ‘휘파람’ ‘붐바야’ ‘불장난’까지 1억 뷰 뮤직비디오를 세 편이나 보유하고 있다. 글로벌한 팬덤을 거느린 YG엔터테인먼트가 오랫동안 공들여 선보인 신인 걸 그룹. 매력적인 비주얼과 트렌디한 음악, 빈틈없이 화려한 퍼포먼스는 ‘뭐가 새로울 수 있을까?’라는 질문을 단숨에 무색하게 만들었다. 그리고 오늘 <엘르> 코리아 최초로 K팝 그룹 단체 커버의 주인공이 됐다. 치열한 경쟁 속에서 수 년 동안 트레이닝받은 네 명의 정예 멤버 지수, 제니, 로제, 리사. 신비주의를 벗고 각종 음악 방송과 예능 프로그램에 얼굴을 내비치느라 바쁜 그녀들이 애써 피곤한 기색을 털고 스튜디오에 들어섰다.', '“데뷔 1~2년 전부터 확정된 멤버 넷이서 24시간 호흡을 맞춰왔기에 팀워크가 좋아요. 이번에 라디오에 첫 출연했는데 떨리면서도 재미있었어요. 얼마 전 팬 사인회를 통해 처음으로 팬들과 만난 것도 의미 있었고요.” 정해진 리더가 없는 블랙핑크에서 ‘맏언니’로서 여러 가지 역할을 하고 있는 멤버 지수. 무대에선 겁없이 걸 크러시 매력을 뿜어내다가 인터뷰나 방송에선 볼 붉히는 수줍은 소녀가 되는 동생들을 대신해 마이크를 잡거나 ‘몸 개그’를 펼친다. “제가 그렇게 나서면 애들이 좀 풀어지는 것 같아서요. 평소에는 조용한 편이에요. 신날 때는 제일 들떠서 시끄럽게 굴기도 하지만요.” 청순한 외모와 달리 말끝마다 남다른 강단이 느껴지는 지수는 앞으로 닥칠지 모를 연예계 생활의 터프한 면에도 어느 정도 각오가 돼 있다. “이 일을 할 거면 굳게 마음먹고 해야 되는 것 같아요. 저는 감정을 쌓아두는 편이 아니에요. 그냥 슬프면 슬프다 하고, 울고 싶으면 울어요. 그때그때 느끼는 것을 표현하는 성격이라 오히려 스트레스를 덜 받지 않나 싶어요.”']
나의 '패피' 지수는 몇 점?|http://v.media.daum.net/v/20170616103034624|2017.06.16|http://v.media.daum.net/v/20170616103034624?f=o|[[], ['최신 패션에 민감한 트렌드 세터라 자부하는 당신! 다음의 퀴즈를 통해 숨겨진 ‘패피’지수를 테스트해보길', '주로 3~5cm의 굽에 발뒤꿈치를 노출하는 슬링백이나 뮬 형태로 디자인되며, 고양이처럼 살금살금 걷게 된다는 뜻이 담긴 이 힐의 정확한 명칭은?', '', '패션계 금수저들의 엄마를 찾아 연결하시오.', '', '보이시하면서도 페미닌한 매력으로 패션계에 걸 크러시 열풍을 일으키고 있는 일명 ‘반삭’ 헤어스타일을 무엇이라 부를까?', '', '엠마 와슨, 스칼렛 요한슨, 리한나 같은 슈퍼스타처럼 이번 시즌 하우스 브랜드의 디자이너들이 컬렉션을 통해 자신의 사회적·정치적 견해를 직접적으로 드러내 이슈가 됐다. 이들이 공통적으로 지지하는, 여성의 권리와 기회의 평등을 강조하는 이념은?', '', '2017 F/W 샤넬, 발렌시아가, 루이 비통, 마크 제이콥스 등 빅 하우스 브랜드의 런웨이에 혜성처럼 등장하며 코리언 특급 모델로 등극한 신인 모델들의 이름을 각각 연결하시오.', '', '에디터 허세련', '디자인 전근영']]|FASHION|1|0|Ji|E|"[""[[], ['최신 패션에 민감한 트렌드 세터라 자부하는 당신! 다음의 퀴즈를 통해 숨겨진 ‘패피’지수를 테스트해보길', '주로 3~5cm의 굽에 발뒤꿈치를 노출하는 슬링백이나 뮬 형태로 디자인되며, 고양이처럼 살금살금 걷게 된다는 뜻이 담긴 이 힐의 정확한 명칭은?', '', '패션계 금수저들의 엄마를 찾아 연결하시오.', '', '보이시하면서도 페미닌한 매력으로 패션계에 걸 크러시 열풍을 일으키고 있는 일명 ‘반삭’ 헤어스타일을 무엇이라 부를까?', '', '엠마 와슨, 스칼렛 요한슨, 리한나 같은 슈퍼스타처럼 이번 시즌 하우스 브랜드의 디자이너들이 컬렉션을 통해 자신의 사회적·정치적 견해를 직접적으로 드러내 이슈가 됐다. 이들이 공통적으로 지지하는, 여성의 권리와 기회의 평등을 강조하는 이념은?', '', '2017 F/W 샤넬, 발렌시아가, 루이 비통, 마크 제이콥스 등 빅 하우스 브랜드의 런웨이에 혜성처럼 등장하며 코리언 특급 모델로 등극한 신인 모델들의 이름을 각각 연결하시오.', '', '에디터 허세련', '디자인 전근영']]""]"
