title|link|date|contents|category|title_name|check|word_jenny|member|magazine
부담스럽지 않아, 볼드한 주얼리.|http://www.marieclairekorea.com/fashion/2020/09/%eb%b6%80%eb%8b%b4%ec%8a%a4%eb%9f%bd%ec%a7%80-%ec%95%8a%ec%95%84-%eb%b3%bc%eb%93%9c%ed%95%9c-%ec%a3%bc%ec%96%bc%eb%a6%ac/|2020-09|['볼드한 주얼리에 눈길이 가는 계절이다.\n두꺼운 체인, 화려한 보석, 주렁주렁한 진주 목걸이는\n울, 니트, 가죽과 같은 소재를 만났을 때 배는 매력적인 법.\n여름엔 약간 부담스러울 수 있겠지만,\n요즘같은 때엔 또 얘기가 다르다.\n미우미우, 루이 비통, 사카이 등\n2020 가을/겨울 컬렉션 런웨이에서 영감 받은\n주얼리 스타일링을 소개한다.', 'LEATHER + CRYSTAL', '화려한 크리스털 주얼리는\n꼭 칵테일 드레스에만 매치해야 하는 게 아니다.\n되려 드레스에는 촌스러울 수 있다.\n미우미우 컬렉션에서처럼\n재킷 안에 쿨하게 매치하자.\n이왕이면 가죽 재킷으로.', 'S/E/O SEOUL의 가을/겨울 시즌\n크롭 가죽 트렌치코트.\n정말 가슴 밑까지만 내려 오는 짧은 기장으로\n단품으로 입거나, 재킷 위에 레이어드 해도 멋스럽다.\n가격은 26만8천원.', '', '미국 LA를 베이스로 한 주얼리 플랑(Flan)은\n만드는 사람의 취향에 따라\n맛이 천차만별로 달라지는 디저트,\n‘플랑’을 모티프로 전개된다.\n주얼리는 착용하는 주체에 따라\n그 스타일이 다르며,\n그에 따르는 모든 취향을 존중한다는 뜻.\n클래식한 디자인이 눈에 띄는\n에머랄드 목걸이와 귀고리.\n가죽 재킷과 환상의 궁합을 자랑할 게 뻔하다.\n회색 스웨트셔츠나 후드 티셔츠와도 멋스러울 것.\n목걸이는 15만9천원,\n귀고리는 11만9천원이다.', '', 'BIG CHAIN + SCARF', '생 로랑은 록 시크의 대명사답게\n볼드한 체일 목걸이를\n정말 다양한 룩에 스타일링 했다.\n특히 매력적이었던\n체크무늬 스카프와\n골드 체인 네크리스의 조화.\n청바지만 입으면 딱이다.', '생 로랑의 얇은 타이 스카프.\n색이면 색, 패턴이면 패턴\n모두 ‘겨울’을 대표한다.\n목에 한 두번 대충 감아주거나,\n터틀넥을 입은 것처럼\n목 전체를 감싸 연출해도 좋다.\n네타포르테(Net-A-Porter)에서 판매 중으로\n가격은 50만원대.', '', '먼데이 에디션 특유의 시크함이 느껴지는\n볼드 체인 목걸이.\n티셔츠에 매치해도 멋지지만\n니트와 함께하면 더 빛을 발할 듯.\n현재 공식 홈페이지에서 세일 중으로\n가격은 8만5천5백원.', '', 'PEARL +  CAMEL COAT', '진주 목걸이는 여름부터 강세다.\n겨울에도 계속 이어질 예정.\n다만 가을/겨울에는 알이 작은 깜찍한 디자인보다\n클래식한 디자인의 굵은 진주에 도전하자.', '모양이 불균형한 담수 진주를 엮은 목걸이.\n적당한 길이에 진주알 크기도 크지 않아\n매일 하기 좋다.\n블랙 핑크 제니 등 셀럽들에게도 사랑받는 제품.\n베이직 태그와, 사진의 블랙 스타 태그\n두 버전 중 선택할 수 있다.\n가격은 8만9천원.', '', '위켄드 막스마라(Weekend MaxMara)의\n더블 레이어 버진 울 벨트 코트.\n안감이 없는 코트로 가볍게 걸치기 좋고\n오버사이즈 핏이라 아무렇게나 입어도 멋스럽다.\n온라인 특가 진행 중으로 1백60만원대 판매 중.', '']|fashion|0|0|['모양이 불균형한 담수 진주를 엮은 목걸이.\\n적당한 길이에 진주알 크기도 크지 않아\\n매일 하기 좋다.\\n블랙 핑크 제니 등 셀럽들에게도 사랑받는 제품.\\n베이직 태그와, 사진의 블랙 스타 태그\\n두 버전 중 선택할 수 있다.\\n가격은 8만9천원.']|Je|M
스타들이 선택한 데일리백은?|http://www.marieclairekorea.com/fashion/2020/08/%ec%8a%a4%ed%83%80%eb%93%a4%ec%9d%b4-%ec%84%a0%ed%83%9d%ed%95%9c-%eb%8d%b0%ec%9d%bc%eb%a6%ac%eb%b0%b1%ec%9d%80/|2020-08|['‘어? 이거 어디 꺼지?’하고 지나쳤던\n스타들의 인스타그램 속 가방을 모아보았다.', '벌써 몇 개는 품절이라 하니\n더 늦기 전에 얼른 손에 넣자.', ' ', '', ' ', 'Https://Www.Instagram.Com/P/B_RfMJint_G/?Utm_source=Ig_web_button_share_sheet', '평소 모던하면서도 캐주얼한 룩에\n센스 있는 컬러 매치를 즐기는 차정원.', '청량한 블루 셔츠엔 화이트 컬러를,\n시크한 블랙 재킷에는 블랙 컬러의 크로스백을 매치했다.', '두 가지 룩의 공통점은\n바로 텔파 백을 매치했다는 것.', '텔파 TELFAR\nSmall White Shopping Bag, $150', '양각의 로고 장식을 더해\n어디든 매치하기 좋은 베이식한 디자인이 특징.', '두 가지 스트랩으로 토트백처럼 손에 들거나\n간편하게 숄더백으로도 착용할 수 있다.', '무려 17가지 색상과 3가지 크기로 구성돼있으니\n각자의 취향에 맞게 선택해보자.', '', ' ', ' ', 'Https://Www.Instagram.Com/P/CDoGGFFjs7D/?Utm_source=Ig_web_button_share_sheet', '블루 컬러 아이템들로 사랑스러운 레트로 룩을 완성한 제니.\n제니의 룩에 시크함을 더해준 미니 숄더백은 니히 제품.', '니히 NIEEH\nEnvelope Bag_BLACK, 9만3천원', '브랜드 시그니처인 택(Tag) 디자인의 지퍼가 포인트.\n기본 스트랩과 체인 스트랩을 활용해\n다양한 방식으로 연출할 수 있다.', '', ' ', ' ', 'Https://Www.Instagram.Com/P/CBdVyjuDiUs/?Utm_source=Ig_web_button_share_sheet', ' ', 'Https://Www.Instagram.Com/P/CDvxpFJDqX2/?Utm_source=Ig_web_button_share_sheet', '오연서가 데님 원피스에도, 캐주얼한 티셔츠에도 매치한 제품은\n무디디의 귀여운 에코백.', '', '무디디 MUDIDI\nFlower Eco Bag(002 White), 3만8천원', '컬러풀한 플라워 패턴이 매력적인 에코백.', '넉넉한 수납공간을 갖췄으며\n외부의 작은 포켓에는\n자주 사용하는 소지품을 쉽게 보관할 수 있다.', '', ' ', ' ', 'Https://Www.Instagram.Com/P/CDskgbbARm0/?Utm_source=Ig_web_button_share_sheet', '헤어밴드와 트위드 미니스커트를 착용한 예리.\n민트 컬러의 앙증맞은 미니 백으로 룩에 포인트를 주었다.', '에트알 Et Al\nLeaf Bag (Mint), 21만8천원', '이름처럼 나뭇잎에서 영감을 받아\n유연한 곡선 형태가 특징이다.', '가방 내부의 D링을 통해 스트랩을 묶어\n길이를 자유롭게 조절할 수 있으며,\n뒷면의 벨트 스트랩으로 짧은 크로스 백 형태로 메거나\n웨이스트 백으로도 활용할 수 있다.', '', ' ', ' ', 'Https://Www.Instagram.Com/P/CDLNdVbjKP5/?Utm_source=Ig_web_button_share_sheet', ' ', '', '선미가 출근 룩에 자주 들고 다니는 바이 파의 숄더백.\n90년대 감성의 미니 숄더백을 찾고 있었다면 주목할 것.', '바이 파 BY FAR\nRACHEL SOLAR CROCO EMBOSSED LEATHER, 52만8천원', '얇고 긴 직사각형 형태로\n필요한 소지품만 넣어 가볍게 들고 다니기 좋다.', '현재 선미가 멘 컬러는 품절이지만\n공식 홈페이지에서 16가지 버전으로 만나볼 수 있다.', '', ' ', ' ', 'Https://Www.Instagram.Com/P/CBNfAGwAK8o/?Utm_source=Ig_web_button_share_sheet', '프릴로 장식된 러블리한 레드 원피스와\n레이브 스튜디오의 숄더백을 함께 매치한 나은.', '', '레이브스튜디오 RAIVE STUDIO\nReal Leather Luke Bag In White, 14만8천원', '군더더기 없이 깔끔한 디자인과 적당한 크기로\n어떤 룩에나 매치하기 좋은 숄더백.\n100% 소가죽으로 제작돼 튼튼한 내구성까지 갖췄다.', '', ' ']|fashion|0|0|['블루 컬러 아이템들로 사랑스러운 레트로 룩을 완성한 제니.\\n제니의 룩에 시크함을 더해준 미니 숄더백은 니히 제품.']|Je|M
돌고 돌아 다시 유행하는 타이다이|http://www.marieclairekorea.com/fashion/2020/08/%eb%8f%8c%ea%b3%a0-%eb%8f%8c%ec%95%84-%eb%8b%a4%ec%8b%9c-%ec%9c%a0%ed%96%89%ed%95%98%eb%8a%94-%ed%83%80%ec%9d%b4%eb%8b%a4%ec%9d%b4/|2020-08|['유행은 돌고 도는 법,\n레트로 열풍과 함께 올 한 해 많은 사랑을 받고 있는 타이다이.\n한소희, 제니, 조이, 이유비 등 톱스타들도 푹 빠진 아이템.\n여름의 끝을 잡고 즐기기 좋은\n타이다이 티셔츠와 원피스를 소개한다.', ' ', ' ', '', 'Nornot 노르낫\n루즈핏 타이다이 유아아트 네온 핑크 티셔츠, 9만8천원.', '성별과 체형에 상관없이\n누구나 편하게 착용할 수 있는 루즈 핏 티셔츠.\n여기에 편한 와이드 팬츠로\n마무리하면 그야말로 금상첨화.', '', ' ', ' ', '', 'Adidas 아디다스\n크롭 티셔츠- 타이다이 핑크, 3만9천원.', '아디다스 오리지널스 특유의 로고 티셔츠에\n타이다이 기법이 더해진 크롭 티셔츠.\n오버 사이즈 핏으로 편하게 입을 수 있어 좋다.', '', ' ', ' ', '', 'Lookast 룩캐스트\n블루오로라 타이다이 미니 원피스, 10만 8천원.', '원피스 하나로 간편하게 외출 준비 완료!\n우주를 담은 듯한 컬러와 플리츠 소재가 매력적이다.', '', ' ', ' ', '', ' NOOP 눕\n블루 타이다이 타마라 드레스, 9만5천원.', '햇빛이 뜨거운 여름에\n피부 노출이 부담스럽다면\n롱 원피스를 선택해보자.\n얇은 코튼 소재로 가볍게 입기 좋다.', '', ' ', ' ', '', 'Sisley 시슬리 By SSF SHOP\n타이다이 셔츠형 원피스, 23만 8천원.', '초록색과 분홍색 타이다이 프린트가\n사랑스러운 셔츠 원피스.\n부드러운 쉬폰 소재로\n착용감도 좋다.', '', ' ', ' ', '', 'OFF-WHITE 오프화이트 By SSF SHOP\nOff-White 타이다이 티셔츠, 42만 4천원.', '화려한 컬러의 타이다이가 부담스럽다면\n차분한 컬러를 선택해 보자.\n데님 쇼츠 하나면 바캉스 룩을 완성할 수 있다.', '', ' ', ' ', '', 'SCULPTOR 스컬프터\nKitten Tie Dye Tee Beige, 4만 9천원.', '스컬프터에서\n‘세상의 모든 유기묘를 위한 후원 챌린지’가 진행 중이다.\n판매 수익금 일부가\n유기묘보호단체로 기부되니,\n귀여운 티셔츠도 구매하고,\n따뜻한 마음도 전해보자.', '', ' ', ' ', ' ']|fashion|0|0|"[""['유행은 돌고 도는 법,\\n레트로 열풍과 함께 올 한 해 많은 사랑을 받고 있는 타이다이.\\n한소희, 제니, 조이, 이유비 등 톱스타들도 푹 빠진 아이템.\\n여름의 끝을 잡고 즐기기 좋은\\n타이다이 티셔츠와 원피스를 소개한다.""]"|Je|M
묶고 묶고 또 묶고|http://www.marieclairekorea.com/fashion/2020/08/%eb%ac%b6%ea%b3%a0-%eb%ac%b6%ea%b3%a0-%eb%98%90-%eb%ac%b6%ea%b3%a0/|2020-08|['스카프는 그저 두르기만 하는 것이 아니다.', '묶을 수 있는 곳 어디든 묶으면\n스카프 한 장 차이로 뭐든 새롭게 변한다.', '오늘은 익히 ‘스카프’하면 떠올리는\n정방형의 카레(CarrÉ) 스카프가 아닌,\n직사각형 모양의 긴 타이 스카프에 대해 알아보자.', '따로 접을 필요 없이 간편하게 묶을 수 있어\n두루두루 활용할 수 있다는 것이 장점.', '조이처럼 머리에 리본을 묶어주거나\n윤아와 차정원처럼 목에 질끈 묶어도 좋고,', '요즘같이 더운 날씨에 조금 더 가볍게 착용하고 싶다면\n줄을 길게 늘어뜨려 초커처럼 연출하거나\n손목이나 허리에 묶어 활용하는 것을 추천한다.', '제니처럼 가방에 리본 형태로 장식해 주거나\n손잡이에 둘러 사용하는 것도 하나의 방법.', '스카프 하나만 잘 고른다면\n언제 어디서든 손쉽게\n센스 있는 스타일링을 연출할 수 있을 것.', '오래 사용할 수 있는 스카프를 갖고 싶다면\n패션 하우스들의 타이 스카프를 선택하자.', ' ', '구찌 GUCCI\nGG 플로라 프린트 실크 넥 보우, 25만원', '구찌의 대표적인 GG 프린트와\n비토리오 아코르네로의 플로라 모티브가 결합된 넥 보우.\n한쪽 면은 구찌 특유의 사랑스러운 핑크 컬러다.', '친환경적인 공정으로 제작된\n오가닉 실크 소재를 사용한 것이 특징.', '', ' ', '에르메스 HERMÈS\nCouvertures Et Tenues De Jour Bandana 맥시 트윌리 슬림, 43만원', '스카프 하면 최초의 실크 스카프를 만든\n에르메스를 빼놓을 수 없다.', '에르메스를 상징하는 마차와\n반다나 프린트가 혼합된 패턴이 돋보이는 스카프.\n180cm의 긴 사이즈로 스카프나 헤어 액세서리는 물론\n허리에 묶어 벨트로 활용할 수도 있다.', '', ' ', '', '에르메스 HERMÈS\nCoeur Laque 스카프 링, 44만원', '스카프를 고정할 수 있는 에르메스의 스카프 링.\n스카프 링을 더해 센스 있는 포인트를 연출하자.', '', ' ', '', '루이 비통 LOUIS VUITTON\nABC 방도(로즈 팝), 40만원', '루이 비통의 2020 스카프&방도 액세서리 컬렉션 제품.', '네 명의 테이스트메이커와 함께해\n독창적이며 장난스러운 디자인과\n센스 있는 스카프 활용법을 제안한다.', '동화책에서 영감을 받아 각 글자를 동물로 표현하고\n그래피티가 떠오르는 팝한 모노그램 패턴이 돋보인다.\n클래식한 모노그램 패턴을 양 끝에 더해 매력을 배가시켰다.', '', ' ', '', '버버리 BURBERRY\n모노그램 로고 프린트 실크 스키니 스카프, 28만원', '버버리의 창립자 토마스 버버리(Thomas Burberry)의\n이니셜을 딴 TB 로고가 프린트된 실크 스카프.', '은은한 광택을 띠는 트윌 소재와\n주홍빛의 버밀리언 컬러가 어우러져 더욱 고급스럽다.', '', ' ', '', '생 로랑 SAINT LAURENT\n스퀘어 시퀸 라발리에르 스카프, 약 80만원', '목에 두르기 좋은 생 로랑의 시크한 스카프.\n무난한듯 하지만 빛을 받으면\n반짝이는 스팽글이 매력적이다.', '', ' ', '', '프라다 PRADA\n마이크로 트윌리 비네트 실크 스카프, 24만5천원', '장난스러운 일러스트가 더해진 리본 형태의 스카프.\n네온 컬러의 모서리 라인이 발랄함을 더해준다.', '', ' ', '', '로에베 LOEWE\nHand Scarf In Cashmere, 97만원', '블루, 그린 컬러가 배색된 캐시미어 스카프.\n양 끝 손가락 형태의 디자인이 독특하다.\n간절기에 손이 자주 갈 것 같은 제품.', '']|fashion|0|0|['제니처럼 가방에 리본 형태로 장식해 주거나\\n손잡이에 둘러 사용하는 것도 하나의 방법.']|Je|M
제니도 도전한 블리치 헤어|http://www.marieclairekorea.com/beauty/2020/08/%ec%a0%9c%eb%8b%88%eb%8f%84-%eb%8f%84%ec%a0%84%ed%95%9c-%eb%b8%94%eb%a6%ac%ec%b9%98-%ed%97%a4%ec%96%b4/|2020-08|['1990년대를 강타했던 블리치 헤어가 돌아왔다! 촌스럽다고 치부되던 지난날을 뒤로하고, 새로 컴백한 스타들이 앞다투어 선택하는 헤어 트렌드로 떠오르며 올여름 유행하는 스타일임을 당당히 입증했다. 지금부터 블리치 헤어로 스타일 변신에 시도한 스타들을 살펴보자.', '우리가 흔히 브‘ 릿지’라고 부르는 이 염색의 정확한 명칭은 블리치(Bleach) 헤어. 표백하다라는 뜻으로 모발을 불규칙하게 섹션을 나눈 후 부분적으로 모발 속 멜라닌 색소를 빼내 밝게 탈색하는 것을 말한다. 블리치는 정수리에서 모발 끝까지 그러데이션을 이루게 하는 형태의 옹브레, 옹브레보다 컬러를 부드럽게 표현하는 송브르, 세로로 가닥가닥 블리치를 넣은 발레아주 등 표현 방법에 따라 다양하게 나뉜다. 해외에서는 정수리 부분에 형광 그린 컬러로 블리치를 넣은 빌리 아일리시를 시작으로 앞머리만 붉게 염색한 두아 리파, 자연스러운 발레아주를 가미한 카일리 제너 등 워너비 셀러브리티들이 일찌감치 블리치 헤어를 선보이며 대유행을 예고했다.', '올여름엔 특히 앞머리나 옆머리만 탈색해 포인트를 주는, 일명 뉴트로 블리치 헤어가 대세로 떠올랐다. 탈색 부위를 정확하게 나누어 원래 모발과 섞이지 않도록 스타일링하는 것이 핵심이다. 가장 파격적으로 스타일 변신에 성공한 연예인은 바로 제니. 블랙핑크의 신보 <하우 유 라이크 댓(How You Like That)> 커버에서 앞머리만 탈색한 제니의 스타일은 사진이 올라오자마자 ‘더듬이 헤어’, ‘제니 탈색’ 등이 검색 순위에 오르며 큰 화제가 되었다. 트와이스 채영도 뉴트로 블리치를 선택했다. “포인트 탈색이기 때문에 원하는 섹션을 정확하게 나누는 것이 가장 중요해요. 새로운 앨범 컨셉트에 맞춰 시원한 느낌을 줄 수 있는 빈티지 블루 컬러를 탈색 부위에 입히기 위해, 컬러를 여러 번 더해 원하는 색이 나올 때까지 테스트를 거치는 과정이 필요했죠.” 트와이스 채영의 헤어를 전담하는 룰루 헤어 메이크업 임진희 팀장의 설명이다. 피프틴앤드의 박지민에서 제이미로 활동명을 바꾸며 이미지 변신에 성공한 제이미도 새로운 헤어스타일이 변화에 큰 몫을 했다. 전체적으로 핑크 컬러를 입힌 머리에 앞부분만 금발로 포인트를 주어 자유로운 팝 스타로서 새 출발을 알렸다.', '(여자)아이들 민니처럼 풀 뱅 스타일에 블리치를 더하면 말광량이 소녀 같은 이미지를 줄 수 있다. “앞머리의 컬러가 확실하게 나뉘기 때문에 옆과 뒤는 탈색모와 기존 헤어 컬러가 자연스럽게 섞이도록 위쪽 머리를 조금 남겨두고 블리치를 했죠. 이 덕분에 과하지 않으면서 도 확실한 포인트가 되는 스타일을 완성할 수 있었어요.” 민니의 헤어를 책임지는 루710 서진이 실장의 말이다.', '힙스터 무드로 변신하는 데 발레아주 스타일의 블리치만큼 좋은 방법도 없다. 보이시한 목소리와 시크한 분위기로 여성 팬을 끌어모으고 있는 밴드 새소년의 보컬 황소윤은 블리치가 대세로 떠오르기 전부터 꾸준히 이 헤어스타일을 고수해왔다. “소윤 씨는 슬릭 헤어나 웨트 헤어 등 주로 강렬한 스타일링을 시도하기 때문에, 블리치가 많이 들어가면 자칫 과해 보일 수 있어 최소한만 했어요. 목뒤와 정수리 쪽으로 섹션을 나눈 후, 가볍게 자른 커트와 잘 어울릴 수 있도록 하이라이트를 불규칙하게 넣어 러프한 분위기를 극대화했습니다.” 소윤의 헤어를 전담하는 오지혜 실장이 스타일링 팁을 전했다. 최근 성황리에 종영한 Mnet <굿 걸>에서 카리스마 있는 무대를 선보인 카드의 전지우가 선택한 스타일도 블리치 헤어다. 탈색을 여러 번 해 흰색에 가깝게 멜라닌 색소를 빼낸 화이트 블리치를 검은 모발과 동일한 비율로 잡아 화려한 분위기를 완성했다. 이렇게 섹션을 많이 잡은 블리치 헤어는 가르마 방향에 따라 완전히 다른 스타일을 보여줄 수 있어 활용도가 높다.', '블리치 헤어는 전체 탈색이 부담스러운 사람들에게 좋은 대안이 될 듯하다. 특히 위로 묶었을 때 색이 자연스럽게 섞여 더욱 빛을 발한다. 이 유행이 지나가기 전, 블리치 헤어로 색다른 분위기를 즐겨보는 건 어떨까. 개성 있는 스타일에 도전한 것만으로 밋밋한 일상에 새로운 활력이 생길지 모르니 말이다.', ' ']|beauty|1|0|"[""['1990년대를 강타했던 블리치 헤어가 돌아왔다! 촌스럽다고 치부되던 지난날을 뒤로하고, 새로 컴백한 스타들이 앞다투어 선택하는 헤어 트렌드로 떠오르며 올여름 유행하는 스타일임을 당당히 입증했다. 지금부터 블리치 헤어로 스타일 변신에 시도한 스타들을 살펴보자.', '우리가 흔히 브‘ 릿지’라고 부르는 이 염색의 정확한 명칭은 블리치(Bleach) 헤어. 표백하다라는 뜻으로 모발을 불규칙하게 섹션을 나눈 후 부분적으로 모발 속 멜라닌 색소를 빼내 밝게 탈색하는 것을 말한다. 블리치는 정수리에서 모발 끝까지 그러데이션을 이루게 하는 형태의 옹브레, 옹브레보다 컬러를 부드럽게 표현하는 송브르, 세로로 가닥가닥 블리치를 넣은 발레아주 등 표현 방법에 따라 다양하게 나뉜다. 해외에서는 정수리 부분에 형광 그린 컬러로 블리치를 넣은 빌리 아일리시를 시작으로 앞머리만 붉게 염색한 두아 리파, 자연스러운 발레아주를 가미한 카일리 제너 등 워너비 셀러브리티들이 일찌감치 블리치 헤어를 선보이며 대유행을 예고했다.', '올여름엔 특히 앞머리나 옆머리만 탈색해 포인트를 주는, 일명 뉴트로 블리치 헤어가 대세로 떠올랐다. 탈색 부위를 정확하게 나누어 원래 모발과 섞이지 않도록 스타일링하는 것이 핵심이다. 가장 파격적으로 스타일 변신에 성공한 연예인은 바로 제니. 블랙핑크의 신보 <하우 유 라이크 댓(How You Like That)> 커버에서 앞머리만 탈색한 제니의 스타일은 사진이 올라오자마자 ‘더듬이 헤어’, ‘제니 탈색’ 등이 검색 순위에 오르며 큰 화제가 되었다. 트와이스 채영도 뉴트로 블리치를 선택했다. “포인트 탈색이기 때문에 원하는 섹션을 정확하게 나누는 것이 가장 중요해요. 새로운 앨범 컨셉트에 맞춰 시원한 느낌을 줄 수 있는 빈티지 블루 컬러를 탈색 부위에 입히기 위해, 컬러를 여러 번 더해 원하는 색이 나올 때까지 테스트를 거치는 과정이 필요했죠.” 트와이스 채영의 헤어를 전담하는 룰루 헤어 메이크업 임진희 팀장의 설명이다. 피프틴앤드의 박지민에서 제이미로 활동명을 바꾸며 이미지 변신에 성공한 제이미도 새로운 헤어스타일이 변화에 큰 몫을 했다. 전체적으로 핑크 컬러를 입힌 머리에 앞부분만 금발로 포인트를 주어 자유로운 팝 스타로서 새 출발을 알렸다.', '(여자)아이들 민니처럼 풀 뱅 스타일에 블리치를 더하면 말광량이 소녀 같은 이미지를 줄 수 있다. “앞머리의 컬러가 확실하게 나뉘기 때문에 옆과 뒤는 탈색모와 기존 헤어 컬러가 자연스럽게 섞이도록 위쪽 머리를 조금 남겨두고 블리치를 했죠. 이 덕분에 과하지 않으면서 도 확실한 포인트가 되는 스타일을 완성할 수 있었어요.” 민니의 헤어를 책임지는 루710 서진이 실장의 말이다.', '힙스터 무드로 변신하는 데 발레아주 스타일의 블리치만큼 좋은 방법도 없다. 보이시한 목소리와 시크한 분위기로 여성 팬을 끌어모으고 있는 밴드 새소년의 보컬 황소윤은 블리치가 대세로 떠오르기 전부터 꾸준히 이 헤어스타일을 고수해왔다. “소윤 씨는 슬릭 헤어나 웨트 헤어 등 주로 강렬한 스타일링을 시도하기 때문에, 블리치가 많이 들어가면 자칫 과해 보일 수 있어 최소한만 했어요. 목뒤와 정수리 쪽으로 섹션을 나눈 후, 가볍게 자른 커트와 잘 어울릴 수 있도록 하이라이트를 불규칙하게 넣어 러프한 분위기를 극대화했습니다.” 소윤의 헤어를 전담하는 오지혜 실장이 스타일링 팁을 전했다. 최근 성황리에 종영한 Mnet <굿 걸>에서 카리스마 있는 무대를 선보인 카드의 전지우가 선택한 스타일도 블리치 헤어다. 탈색을 여러 번 해 흰색에 가깝게 멜라닌 색소를 빼낸 화이트 블리치를 검은 모발과 동일한 비율로 잡아 화려한 분위기를 완성했다. 이렇게 섹션을 많이 잡은 블리치 헤어는 가르마 방향에 따라 완전히 다른 스타일을 보여줄 수 있어 활용도가 높다.', '블리치 헤어는 전체 탈색이 부담스러운 사람들에게 좋은 대안이 될 듯하다. 특히 위로 묶었을 때 색이 자연스럽게 섞여 더욱 빛을 발한다. 이 유행이 지나가기 전, 블리치 헤어로 색다른 분위기를 즐겨보는 건 어떨까. 개성 있는 스타일에 도전한 것만으로 밋밋한 일상에 새로운 활력이 생길지 모르니 말이다.', ' ']""]"|Je|M
매일매일 입고 싶은 티셔츠|http://www.marieclairekorea.com/fashion/2020/07/%eb%a7%a4%ec%9d%bc%eb%a7%a4%ec%9d%bc-%ec%9e%85%ea%b3%a0-%ec%8b%b6%ec%9d%80-%ed%8b%b0%ec%85%94%ec%b8%a0/|2020-07|['', '하루 종일 흘린 땀으로\n매일 같이 옷을 바꿔 입는 여름엔\n티셔츠만한 것이 없다.', '월, 화, 수, 목, 금, 토, 일\n일주일 동안 그날의 무드에 맞는\n티셔츠를 골라 입어보자.', '', '신나게 주말을 보내고 일상으로 복귀하는 월요일은\n이유 없이 힘들 수밖에.', '지오다노 GIORDANO\n스마일 티셔츠, 1만9천8백원.', '월요일이라 더 바쁜 아침엔\n손에 잡히는 대로 입어도 잘 어울리는\n깔끔한 화이트 티셔츠를 입어보자.', '편하게 입을 수 있는 오버사이즈 핏의 티셔츠에\n지오다노의 시그니처 스마일 아트워크로\n발랄한 디자인을 선보였다.', '12가지 색상, 디자인으로 출시되었으니\n취향껏 골라 입어보자.', '', ' ', '라코스테 LACOSTE\n반팔 오버핏 스웻셔츠(ADY), 11만9천원.', '화요일에는 화사한 티셔츠를 골라보자.', '피케 같은 시원한 소재로 제작돼\n여름에 제격인 라코스테의 티셔츠.\n핑크 컬러의 크록 자수가 귀여운 포인트다.', '', ' ', '타미힐피거 TOMMY HILFIGER\n코튼 스트라이프 보트넥 티셔츠, 8만8천원.', '미팅이나 회의가 있는 날엔 스트라이프 티셔츠를 선택하자.\n캐주얼해 보이지만 재킷 하나만 더해줘도\n금세 포멀한 룩으로 연출할 수 있다.', '', ' ', '', '메종키츠네 MAISON KITSUNE\n20FW Unisex Long Sleeve Tee-Shirt Fox Head Patch(Grey), 19만5천원.', '목요일. 힘들지만 아직 지치기에는 이르다.\n장마로 추적추적 비까지 내려 제법 쌀쌀한 날엔\n얇은 롱슬리프 티셔츠를 입어보자.', '티셔츠 하나만으로는 밋밋해보이지만\n쇼츠와 레인부츠를 함께 매치한다면\n멋스럽게 착용할 수 있다.', '', ' ', '와이낫어스 WHYNOTUS\nTie Dye Halter Top(Camel), 4만2천원.', '왠지 모르게 기분이 좋다.\n그렇다 오늘은 금요일이다.\n불금을 위해 톡톡 튀는 옷을 선택해본다.', '홀터넥 형태의 타이다이 티셔츠는\n요즘 핫한 브랜드 와이낫어스 제품.', '제니는 원숄더 형태로 착용해\n센스 있는 스타일링을 선보였다.', '제니처럼 길게 내려오는 네크리스나\n볼드한 체인, 비즈 초커로 포인트를 주자.', '', ' ', '에잇세컨즈  8seconds\n20FW 화이트 코튼 절개 래글런 티셔츠, 3만9천9백원.', '데이트가 있는 토요일에는\n로맨틱한 스타일로 꾸며보자.', '소매 스트링으로 볼륨을 더해\n블라우스처럼 러블리하게 연출해 주며\n코튼 소재의 티셔츠라 편하게 착용할 수 있다.', '', ' ', '와이잭 YJACK\nYJACK Short Sleeve Loose & Relax', '일주일은 월화수목금툘 이라고 했던가.\n벌써 일요일이 다가왔다.', '내일 또 새로운 일상을 맞이하기 위해\n오늘은 밀린 집안일도 하고\n간단히 집 앞 마트에서 장을 보며 시간을 보낸다.', '이런 날에는 집에서도 밖에서도 입기 좋은\n와이잭 티셔츠를 추천한다.', '실크처럼 부드러운 원사를 사용해 착용감이 좋고\n여러 번 세탁해도 변형이 없다.', '']|fashion|0|0|['제니는 원숄더 형태로 착용해\\n센스 있는 스타일링을 선보였다.', '제니처럼 길게 내려오는 네크리스나\\n볼드한 체인, 비즈 초커로 포인트를 주자.']|Je|M
요즘 대세! 하이라이트 염색|http://www.marieclairekorea.com/beauty/2020/07/%ec%9a%94%ec%a6%98-%eb%8c%80%ec%84%b8-%ed%95%98%ec%9d%b4%eb%9d%bc%ec%9d%b4%ed%8a%b8-%ec%97%bc%ec%83%89/|2020-07|['90년대 ‘매직키드 마수리’에서나 보던\n브릿지 염색이 다시 돌아왔다.', '시크릿 브릿지, 투톤 염색, 발레아쥬,\n옴브레, 솜브레라는 다양한 이름으로\n한층 더 트렌디해진  하이라이트 염색.\n도전해 보고 싶은데, 어떻게 해봐야할지 모르겠다면?\n스타들의 인스타그램 속 헤어에서  답을 찾아보자.', ' ', '', ' ', '일명 ‘더듬이 머리’와 함께 컴백해\nSNS에서 화제가 되었던 블랙핑크 제니의 앞머리 브릿지.\n흰색에 가까운 금발로 앞머리 부분만 탈색을 해\n머리를 묶으면 금발로,\n머리를 푸르면 흑발과 금발이 오묘하게 어우러지는 헤어로\n다양하게 스타일링 할 수 있다.', ' ', ' ', 'Https://Www.Instagram.Com/P/B5xtspNp-Ji/', ' ', '모발 전체적으로 군데 군데 하이라이트를 촘촘하게 넣는\n발레아쥬 헤어를 선보인 레드벨벳 웬디.\n헤어 컬러가 아주 밝지도 않고, 모발 손상도도 덜해\n전체 탈색이 부담스러운 사람에게 추천한다.', ' ', 'Https://Www.Instagram.Com/P/CCcjKGch-K6/', ' ', '머리 안쪽 부분에만 부분탈색을 한 후\n여러 컬러로 염색을 하는\n시크릿 브릿지 스타일링을 한 ITZY의 예지.\n겉으로 볼 땐 컬러가 잘 안보이지만\n안쪽으로는 알록달록 컬러가 살짝살짝 보여 매력적이다.', ' ', ' ', 'Https://Www.Instagram.Com/P/CCOTZhZp6Sz/', ' ', '허리까지 길게 내려오는 스트레이트 헤어에\n톤 다운된 핑크 컬러로 브릿지를 넣어 포인트를 준 이유비.\n탈색한 부분의 컬러는 금방 빠지기 때문에\n주기적으로 다른 컬러를 입혀주면\n다양한 색상의 브릿지를 즐길 수 있다.', ' ', ' ', 'Https://Www.Instagram.Com/P/CCdjqe8gK76/', ' ', '세로 결을 따라 다른 컬러가 들어가는 브릿지와는 달리\n층을 나눠 그러데이션으로 컬러를 표현하는 투톤 염색.\n헤이즈는 헤어 끝 부분을 초록색으로 염색해\n위로 올라올수록 금발로 밝아지는 투톤 스타일링을 연출했다.', ' ', ' ', ' ', 'Https://Www.Instagram.Com/P/B86NQzWlohR/', ' ', '앞머리와 헤어 끝 부분에 파란색으로 물들이는\n솜브레 염색으로 포인트를 준 트와이스 채영.\n솜브레 염색은 소프트한 옴브레 염색으로\n두 세가지의 컬러가 그라데이션 된다.\n블루 톤의 헤어 컬러는 색이 천천히 빠지면서\n민트, 그린 컬러로 다양하게 변형되기 때문에\n빠진 정도에 따라 오묘한 블루-그린 그라데이션이 완성된다.']|beauty|0|0|['일명 ‘더듬이 머리’와 함께 컴백해\\nSNS에서 화제가 되었던 블랙핑크 제니의 앞머리 브릿지.\\n흰색에 가까운 금발로 앞머리 부분만 탈색을 해\\n머리를 묶으면 금발로,\\n머리를 푸르면 흑발과 금발이 오묘하게 어우러지는 헤어로\\n다양하게 스타일링 할 수 있다.']|Je|M
더울 땐 올림머리|http://www.marieclairekorea.com/beauty/2020/06/%eb%8d%94%ec%9a%b8-%eb%95%90-%ec%98%ac%eb%a6%bc%eb%a8%b8%eb%a6%ac/|2020-06|['머리카락 한 올 남기지 않고 싹~ 올려버리고 싶은 더운 날씨!\n다행히 무더위와 함께 뉴트로 열풍으로\n헤어 스크런치(A.K.A 곱창끈)와\n헤어 클로(A.K.A 집게핀)의 유행도 찾아와\n올 여름 액세서리를 활용한\n시원한 올림머리 스타일을 즐길 수 있게 되었다.', '그런데 이 올림머리, 어떻게 해야할까?\n더위도 잡고 스타일도 잡을 수 있는\n스타들의 인스타그램 속\n올림머리 스타일링에서 힌트를 얻어보자.', ' ', '아이유의 시그니처 헤어인 똥머리.\n아이유는 똥머리에 스크런치로 포인트를 주어\n발랄한 스타일을 완성했다.\n앞머리와 잔머리를 자연스럽게 내려주면\n꾸민듯 안꾸민듯,\n일명 ‘꾸안꾸’의 정석으로 연출할 수 있다.', ' ', ' ', '(여자)아이들의 민니 역시\n앞머리를 내린 채로 높게 묶은 헤어에\n스크런치로 포인트를 주었다.\n핑크 컬러의 셔츠와 스크런치 색깔을 통일해\n귀여운 느낌 500배!', ' ', '', '하이칙스 HIGH CHEEKS\n줄리 스크런치 1만2천원.', '반묶음에도, 올림머리에도 잘 어울리는 스크런치.\n화사한 패턴으로 여름에 활용도가 높다.', '', ' ', '', '엔조블루스 ENZOBLUES\n스크런치 퍼플블루 8천원.', '간편하게 묶을 수 있는 스크런치.\n타이다이 스타일로 신비스러운 매력까지 느낄 수 있다.', '', ' ', ' ', '제니는 90년대 패션의 전유물인\n레오파드 패턴의 헤어 클로를 활용해\n미국 드라마 ‘프렌즈’의 레이첼을 연상시키는\n올림머리를 선보였다.\n머리를 한 데 모아 베베 꼬은 후\n폭포수처럼 흘러내리는 머리를\n집게핀을 이용해 고정하면 된다.', ' ', ' ', '오연서는 메탈 소재의 헤어 클로를 사용해\n아무렇게나 말아올린 듯 무심하지만\n우아한 매력을 뽐냈다.\n자연스럽게 흘러내리는 옆머리가 포인트다.', ' ', ' ', '', '더센토르 THE CENTAUR\n페이퍼클립 헤어 핀 4만9천원.', '책상에서 볼 법한 집게와 핀을\n헤어 핀에 유니크하게 접목시켰다.\n집게 사이즈가 커 머리숱이 많은 사람도\n쉽게 머리를 올릴 수 있다.', '', ' ', '', '러브 미 몬스터 LOVE ME, MONSTER\n레트로 헤어 클립 3만9천원.', '자연스럽게 틀어올린 머리를\n연출할 수 있는 헤어 클로.\n브라운과 올리브 컬러가 섞인\n레오파드 패턴으로 레트로한 매력이 물씬 느껴진다.', '', ' ', ' ', '5:5 가르마를 타\n앞머리까지 똑같은 비율로 나눈 후\n양갈래로 높이 묶어 틀어올려\n뿌까머리를 완성한 있지의 예지.\n앞머리는 굵게 컬을 넣어\n사랑스러움을 배가시켰다.', ' ', '태연 역시 여름에 어울리는\n청량한 컬러의 오렌지 헤어를\n양갈래로 말아올린 스타일을 연출했다.\n앙증맞은 리본 헤어핀으로\n포인트를 주어 상큼함을 더했다.', ' ', ' ', ' ', '', '판타스틱 플래닛 FANTASTIC PLANET\n로맨틱 리본 헤어 핀 2만5천원.', '똥머리 스타일로 시원하게 올려 묶은 후\n포인트 주기 좋은 리본 핀.\n반묶음과 포니테일에도 활용할 수 있다.', '', ' ', ' ', '', '펜디 Fendi By FARFETCH\n헤어밴드, 190 €.\n펜디의 모노그램과 캘리그래피 프린트로 만든 헤어밴드.\n실크 소재의 부드러운 촉감이 매력적이다.', '']|beauty|0|0|['제니는 90년대 패션의 전유물인\\n레오파드 패턴의 헤어 클로를 활용해\\n미국 드라마 ‘프렌즈’의 레이첼을 연상시키는\\n올림머리를 선보였다.\\n머리를 한 데 모아 베베 꼬은 후\\n폭포수처럼 흘러내리는 머리를\\n집게핀을 이용해 고정하면 된다.']|Je|M
도전 더위사냥! 스타들의 반다나 헤어 활용법|http://www.marieclairekorea.com/beauty/2020/05/%eb%8f%84%ec%a0%84-%eb%8d%94%ec%9c%84%ec%82%ac%eb%83%a5-%ec%8a%a4%ed%83%80%eb%93%a4%ec%9d%98-%eb%b0%98%eb%8b%a4%eb%82%98-%ed%97%a4%ec%96%b4-%ed%99%9c%ec%9a%a9%eb%b2%95/|2020-05|['여름에 가장 빛을 발하는 반다나 헤어 스타일링.\n상큼 발랄함은 물론 시원함까지 주기 때문이다.\n스타일도, 더위도 잡고 싶은 사람들이라면\n스타들의 반다나 헤어 스타일링법을 참고해보자.', ' ', '제니처럼 이마에 둘러 연출하는 것이 반다나 스타일링의 정석.\n머리 전체에 굵은 컬의 웨이브를 넣고\n관자놀이 위쪽에 반다나를 묶은 후\n뒤로 매듭지어주면 된다.', '너무 꽉 매면 결의에 찬 투사처럼 보일 수 있으니\n반다나 윗 부분의 헤어를 조금씩 잡아당겨 빼내\n볼륨감을 살려주는 것이 좋다.', ' ', '반다나 스타일링의 입문자라면\n나은처럼 낮게 묶은 포니테일에 반다나를 둘러\n청순하게 연출할 것을 추천한다.\n여기에 조금 더 신경쓴듯한 느낌을 주고 싶다면\n반다나와 함께 머리를 세 가닥으로 땋아내려\n포인트를 주는 것도 좋은 방법.', ' ', '반다나는 스트레이트 헤어와도 잘 어울리지만\n지효 셀카 속 스타일처럼\n끝에만 큰 컬을 넣어 말아주는 웨이브 헤어에도 찰떡이다.\n이때 반다나를 묶은 쪽의 매듭을 위로 올려\n토끼처럼 연출하면 발랄함을 더할 수 있다.\n앞머리가 있는 사람이라면 가르마를 나눈 앞머리에 컬을 넣어\n앞으로 자연스럽게 내려주면 된다.', ' ', '', '치렁치렁 내려오는 머리가 답답하다면\n조이의 반묶음 하이 포니테일 스타일에 도전해보자.\n귀 위쪽 라인보다 위에 있는 머리를\n하나로 높이 모아 세게 묶은 후\n반다나로 장식해 마무리하면 끝.\n시원함은 물론 발랄함까지 더할 수 있다.\n얼굴이 작아보이고 싶다면\n자연스럽게 잔머리를 내리는 것도 잊지 말자.', ' ', '반다나를 평평하게 접어\n헤어밴드처럼 연출하는 것도 좋은 방법이다.\n최대한 반듯하게 접어 정수리 앞쪽 부분에 둘러준 후\n뒷 머리 아래로 묶어 고정해주면 된다.\n현아처럼 긴 생머리에도 잘 어울리는 스타일이지만\n단발머리에 연출하면 발랄함을 극대화할 수 있다.', ' ', ' ', '이것도 저것도 원하는 스타일이 아니라면\n레드벨벳 슬기처럼 얼굴 전체에 반다나를 둘러\n성냥팔이 소녀처럼 귀엽게 스타일링 해보는건 어떨까.\n한여름에 하기엔 좀 더워보인다고?\n오히려 반다나가 직사광선을 가려주고\n열을 식혀줘 시원함을 느낄 수 있다.', '']|beauty|0|0|['제니처럼 이마에 둘러 연출하는 것이 반다나 스타일링의 정석.\\n머리 전체에 굵은 컬의 웨이브를 넣고\\n관자놀이 위쪽에 반다나를 묶은 후\\n뒤로 매듭지어주면 된다.']|Je|M
HOME, SWEET JENTLE HOME – Video|http://www.marieclairekorea.com/video/2020/04/home-sweet-jentle-home-video/|2020-04|[]|video|0|0|[]|Je|M
제니, 젠틀홈 패키지 언박싱|http://www.marieclairekorea.com/video/2020/04/%ec%a0%9c%eb%8b%88-%ec%a0%a0%ed%8b%80%ed%99%88-%ed%8c%a8%ed%82%a4%ec%a7%80-%ec%96%b8%eb%b0%95%ec%8b%b1/|2020-04|[]|video|1|0|['[]']|Je|M
제니의 젠틀홈 투어|http://www.marieclairekorea.com/video/2020/04/jentle-home-tour/|2020-04|[]|video|1|0|['[]']|Je|M
제니와 젠틀몬스터가 함께 꾸민 공간|http://www.marieclairekorea.com/celebrity/2020/03/home-sweet-jentle-home/|2020-03|['']|celebrity|1|0|"[""['']""]"|Je|M
CHANEL|http://www.marieclairekorea.com/runway/2019/05/chanel-4/|2019-05|[]|runway|0|0|[]|Je|M
어글리 슈즈의 시대는 계속된다|http://www.marieclairekorea.com/fashion/2019/03/%ec%96%b4%ea%b8%80%eb%a6%ac-%ec%8a%88%ec%a6%88%ec%9d%98-%ec%8b%9c%eb%8c%80%eb%8a%94-%ea%b3%84%ec%86%8d%eb%90%9c%eb%8b%a4/|2019-03|['라프 시몬스와 아디다스가 협업한 ‘오즈위고(Ozweego)부터 수많은 셀럽의 사랑은 물론 품절대란으로 여전히 구하기 어렵다는 발렌시아가의 ‘트리플 S’까지. 구찌, 루이비통, 프라다 등 많은 하우스 브랜드뿐만 아니라 다양한 패션 브랜드에서 어글리 슈즈를 내놓았다. 이제는 데일리 아이템으로 등극!', '존재감을 확실히 드러내는 어글리 슈즈는 믹스매치하기에 가장 좋은 아이템. 어울리지 않을 것 같은 드레시한 맥시 드레스는 물론 미니 스커트와 연약해 보이는 샤스커트에 매치해 스포티하고 에너지틱하게 스타일링 할 수 있다. 뿐만 아니라 슬라우치 룩에도 매치해 트렌디함을 더해준다. 사실 어떤 룩에 매치를 해도 어글리 슈즈만의 매력을 발산하며 그만의 스타일을 완성해주는 만능템이라고도 할 수 있다.', '새 시즌 뉴트로 룩과도 잘 어울리는 어글리 슈즈, 지금 사도 아깝지 않을 가성비 좋은 슈즈를 골라보았다.', ' ', '', '어글리 슈즈는 무겁다는 단점을 단번에 없애 버릴 디스커버리 익스페디션의 버킷 디워커. 디스커버리의 자체 개발 기술 ‘멀티셀’을 적용해 기존 어글리 슈즈의 단점인 무게감을 감소시켰다. 뿐만 아니라 신발 밑바닥 아웃솔에 멀티셀이 적용돼 충격분산 효과가 일어나 미끄럼을 방지해줘 가벼운 트레킹이나 아웃도어 활동에도 적합하게 신을 수 있다. 기능뿐만 아니라 청키한 디자인으로 이미 많은 사람들의 사랑을 받고 있는 제품이다.  가격 12만 9천원', '‘버킷 디워커’ 바로 보러 가기 ', ' ', '스트리트를 휩쓸고 있는 휠라의 ‘디스럽터2’. 1998년 휠라 크로스 트레이닝 FILA CROSS TRAINING 라인 디스럽터 DISRUPTOR를 다시 만들어 탄생한 디스럽터2. 휠라의 로고와 아이코닉한 톱니모양의 오버솔로 뉴트로 트렌드에 제격인 제품이다. 이 외에도 휠라에는 레이, 휠라 바리케이드 엑스티 97, 히트 앤 런98 등 다양한 어글리 슈즈가 있으니 취향껏 골라보자. 가격 6만 9천원', '‘디스럽터 2’ 바로 보러 가기 ', ' ', '90년대 러닝화 디자인에서 영감을 받은 팔콘 슈즈. 팔콘 슈즈의 매력은 바로 컬러풀한 컬러에 있다. 다양한 컬러 매치로 고를 수 있는 재미가 솔솔하다. 이번 아디다스 오리지널스 2019 SS 팔콘 캠페인의 앰베서더로 블랙핑크의 제니와 리사가 활동해 더 많은 사랑을 받고 있는 팔콘. 90년대 감성을 듬뿍 담아 냈기에 뉴트로 룩을 완성하기에 더할 나위 없이 좋다. 가격 10만 9천원', '‘팔콘’ 바로 보러 가기']|fashion|0|0|['90년대 러닝화 디자인에서 영감을 받은 팔콘 슈즈. 팔콘 슈즈의 매력은 바로 컬러풀한 컬러에 있다. 다양한 컬러 매치로 고를 수 있는 재미가 솔솔하다. 이번 아디다스 오리지널스 2019 SS 팔콘 캠페인의 앰베서더로 블랙핑크의 제니와 리사가 활동해 더 많은 사랑을 받고 있는 팔콘. 90년대 감성을 듬뿍 담아 냈기에 뉴트로 룩을 완성하기에 더할 나위 없이 좋다. 가격 10만 9천원']|Je|M
칼 라거펠트의 마지막 샤넬 컬렉션|http://www.marieclairekorea.com/fashion/2019/03/%ec%b9%bc-%eb%9d%bc%ea%b1%b0%ed%8e%a0%ed%8a%b8%ec%9d%98-%eb%a7%88%ec%a7%80%eb%a7%89-%ec%83%a4%eb%84%ac-%ec%bb%ac%eb%a0%89%ec%85%98/|2019-03|['지난 2월 19일, 칼 라거펠트가 세상을 떠나고\n3월에 있을 샤넬 컬렉션에 대한 말이 많았다.\n대부분이 ‘슬플 것 같다’는 이야기였지만\n칼 라거펠트는 평소 슬픔을 좋아하는 사람은 아니었기에\n쇼는 쇼대로 진행될 거라는 이야기도 많았다.', '인비테이션엔 얼음으로 만든\n샤넬 로고가 등장했다.\n늘 그랑팔레를 환상의 공간으로 만들어 놓는 샤넬이지만', '막상 쇼 장에 발을 들이기 전까지\n무엇을 기대해야 할지 가늠할 수 없었다.', '3월 5일, 오전 10시 30분.\n늘 샤넬의 쇼가 있는 파리 패션위크 마지막 날 이 시간,\n그랑팔레 앞은 다른 쇼와는 비교할 수 없는 인파가 몰려 있었다.', '기분 탓이었는지 모르겠지만,\n유난히 어두운 옷을 입은 게스트가 많아 보였다.', '드디어 들어선 셔 장엔 눈이 가득했다.', '에디터가 찍은 샤넬 쇼 장 360도\n\n바닥에도 폭신폭신한 인공 눈이 깔려 있었다.', '2019 가을/겨울 컬렉션은,\n칼 라거펠트가 디자인 한 마지막 샤넬 컬렉션이다.\n도대체 이런 상황에서 어떤 컬렉션을 보여줘야 할지,\n남아있는 이들은 고민이 많았을 터다.', '쇼에 참석하는 에디터 역시 마음이 복잡했다.\n슬퍼해야 할까, 역사에 남을 쇼를 직접 본다는 사실에 흥분해야 할까.\n결정적으로 둘 다였다.', '모든 샤넬 쇼가 그랬듯,\n샤넬을, 칼 라거펠트를 사랑하는 이들이 그랑 팔레에 모였다.\n\n캐롤린 드 매그레(Caroline De Maigret)\n\n크리스틴 스튜어트(Kristen Stewart)\n\n쇼에 모델로도 등장했던 펠넬로페 크루즈(Penelope Cruz)\n\n안나 무글라리스(Anna Mouglalis)\n\n마리옹 꼬띠아르(Marion Cottilard)\n\n1990년대부터 샤넬의 뮤즈였던\n클라우디아 쉬퍼와 나오미 캠벨.', '그리고 제니 등 수 많은 셀럽들이 찾았다.', '슬픔은 느낄 새가 없었다.\n놀라운 무대와, 여기저기 인사를 나누는 분위기에\n한참 취해있을 때 즈음 쇼가 시작됐다.', '조용한 분위기 속,\n모델들이 한명씩 걸어나와 오두막집 앞에 섰다.\n그리고 1분간 애도의 시간을 갖겠다는 안내방송이 흘러 나왔다.', '쇼 장은 한 순간 조용해 졌다.\n그리고 그의 목소리가 흘러 나왔다.\n얼마 전 샤넬 포드캐스트에 나왔던 음성이었다.', '오프닝 룩은 칼 라거펠트의 ‘베이비’ 카라 델레빈이었다.\n\n그리고 칼 라거펠트의 오랜 친구이자 뮤즈,\n마리아칼라 보스코노도 모델로 등장했다.', '칼 라거펠트, 그리고 현 수장  버지니 비아르(Virginie Viard)는\n샤넬의 본질에 집중한 듯 했다.\n트위드 ‘팬츠’ 슈트.\n지난 날 가브리엘 샤넬이\n여성들에게 ‘자유’를 선사했던 그 룩이\n다시 샤넬 컬렉션의 오프닝을 장식했다.', '트위드 슈트, 코트 등이 등장한 섹션에 이어\n노르딕 패턴의 니트웨어,\n팝한 컬러의 다운 재킷\n그리고 눈을 연상시키는\n백색의 트위드와 퍼로 완성된 드레스 등', '럭셔리한 알프스 산장에 어울릴 법한 룩들이 쉼 없이 등장했다.\n그리고 거의 모든 룩이,\n(다시 한 번 말하지만)샤넬의 정수, 화이트, 블랙, 베이지에 중점을 뒀다.', '그리고 이 룩들은\n수주, 페넬로페 크루즈와 같은\n칼 라거펠트의 뮤즈들에게 입혀졌다.', '한 손에 흰 장미를 들고 워킹하던 페넬로페 크루즈.', '', '항상 샤넬의 컬렉션은 나무랄 게 없었다.\n판타지를 현실화시키는 유일무이한 브랜드이기도 하고,\n샤넬이 만드는 모든 건, 아름답기 마련이니까.', ' ', '그런데 이번 컬렉션은 왠지 모르게 더 특별했다.\n그의 마지막 컬렉션이라는 생각을 하지 않더라도,\n팬츠 한 벌, 가방 하나,\n액세서리 까지도 완벽했다.\n\n볼드한 체크, 하운드 투스 패턴의 트위드 모자.', '까멜리아가 장식된 리본 핀.', '컬렉션 내내 등장했던 윈터 부츠.', '트위드 소재 클래식 백.\n모두 다 너무 예뻐서, 아름다워서, 갖고 싶어서 울 뻔 했다.', '칼 라거펠트와 버지니 비아르는\n온통 눈으로 뒤덮인 설원에서도\n샤넬과 함께라면 이토록 아름다울 수 있음을\n몸소 보여줬다.', '아주 잠깐, 오두막 앞에 버지니 비아르가 나타났다.\n피날레도 시작하기 전이었다.\n너무 찰나였어서 차마 카메라에 담을 수도 없었다.', '그리고 피날레가 시작됐다.\n카라 델레빈, 미카 아르가나라즈, 마리아칼라 보스코노 등\n샤넬의 ‘우먼’들이 한 번에 걸어 나왔다.\n\n손을 잡기도, 팔짱을 끼거나 어깨에 손을 얹은 샤넬의 여자들은\n\n참을 수 없는 눈물을 보이긴 했지만,\n대부분 행복한 얼굴로 피날레를 걸었다.', '이 때 쯤, 칼 라거펠트가 등장하곤 했다.\n웃는 얼굴로, 한 손을 흔들며 인사를 하곤 했다.', '대신 모두가 자리에서 일어났다.\n그렇게 몇 분 동안 기립 박수가 끊이지 않았다.\n\n피날레 곡으론\n펜디 컬렉션에 이어\n데이비드 보위의 <Heroes>가 흘러 나왔다.', '모델들이 모두 백스테이지로 들어가고,\n노래만 흘러 나오는 샤넬의 설원에서\n우린 차마 자리를 뜨지도 못한 채\n한참이고 박수를 쳤다.', '못내 아쉬워 하며,\n이 시대의 또 다른 HERO가 남긴\n마지막 컬렉션을 추앙하며.', ' ']|fashion|0|0|['그리고 제니 등 수 많은 셀럽들이 찾았다.']|Je|M
2019 F/W 패션위크 다이어리 #파리|http://www.marieclairekorea.com/fashion/2019/03/2019-f-w-%ed%8c%a8%ec%85%98%ec%9c%84%ed%81%ac-%eb%8b%a4%ec%9d%b4%ec%96%b4%eb%a6%ac-%ed%8c%8c%eb%a6%ac/|2019-03|['2019 F/W 시즌, 파리 패션위크를 뜨겁게 달군 키워드는? 팝콘처럼 커다랗게 부푼 어깨 라인이다. 생 로랑을 비롯해 발렌시아가, 알렉산더 맥퀸, 지방시 등의 메인 컬렉션엔 1980년대 레트로풍의 직각 어깨 패드, 봉긋하게 솟은 퍼프 숄더 등 다양한 형태로 변주한 어깨 라인이 등장했다.', ' ', '파리로 무대를 옮긴 타미 힐피거는 지지 하디드에 이어 영화 <위대한 쇼맨>으로 명성을 얻은 젠다야 콜먼과 합작한 컬렉션을 선보였다. 샹젤리제의 아르데코 극장에서 1천여 명의 관객을 동원해 대대적으로 쇼를 펼친 타미는 레트로풍의 롤러스케이트장에서 댄서들의 흥겨운 춤을 시작으로 인종, 사이즈, 연령대를 초월한 모델들을 다양하게 런웨이에 세웠다. 디올은 또 어떤가? 마리아 그라치아 치우리는 로댕 뮤지엄을 이탈리아의 컨셉추얼 아티스트 토마소 빈가의 아트 프린팅으로 장식해 눈길을 끌었다. 의도적으로 남성 이름을 앞세워 작품 활동을 하는 토마소 빈가는 ‘여자로서, 그리고 페미니스트로서’ 제 목소리를 키울 수 있는 무대를 꾸몄다고 밝혔다. 그 결과 다양한 여자의 누드 사진과 알파벳을 감각적으로 조합한 세트가 탄생했고, 그 덕분에 ‘시스터후드 이즈 글로벌(Sisterhood Is Global)’ 이란 컬렉션의 테마가 더 효과적으로 전달됐다.', ' ', '루이 비통 재단 미술관이 파리 패션위크 기간에 <코톨드 컬렉션: 인상주의에 대한 시선(The Courtauld Collection. A Vision For Impressionism)> 전시를 개최했다. 인상주의 미술의 주요 컬렉션 중 하나로 손꼽히는 영국 기업가 새뮤얼 코톨드의 컬렉션을 탐구하는 이번 전시엔 그의 보물 같은 소장품 1백여 점을 대거 선보였다. 마네, 쇠라, 세잔, 고흐, 고갱 등 19세기 말부터 20세기 초에 걸쳐 탄생한 위대한 프랑스 회화 작품을 직접 볼 수 있는 귀한 기회다. 전시는 6월 17일까지 열린다니, 그 기간에 파리에 간다면 관람해보길.', ' ', '지난 2월 19일 칼 라거펠트가 타계한 후 그가 진두지휘한 샤넬의 마지막 컬렉션이 펼쳐졌다. 매 시즌 그랑 팔레를 다양한 공간으로 변신시키는 샤넬은 이번 시즌 쇼장을 광활한 설산으로 꾸몄다(흡사 천국 같은 모습이었다!). 쇼 시작 전, 1분간의 경건한 묵념 이후 칼이 생전에 한 코멘트가 흘러나왔고, 컬렉션엔 칼의 지난 아카이브를 집약해 오마주한 룩이 펼쳐졌다. 이뿐만이 아니다. 카라 델레바인, 마리아칼라 보스코노 등 칼이 사랑했던 모델들이 모두 모인 건 물론 샤넬의 앰배서더 페넬로페 크루즈가 하얀 꽃 한 송이를 든 채 워킹하며 패션 거장을 기렸다. 눈물짓는 기라성 같은 모델들과 기립 박수를 치는 관객이 함께 장식한 피날레는 또 어떤가! 감동 또 감동이었다.', ' ', '빅 쇼가 많은 패션위크답게 파리엔 이번에도 셀러브티리가 대거 초대됐다. 샤넬의 뮤즈 제니, 루이 비통의 앰배서더 배두나는 물론 지방시 쇼에선 려원, 로저 비비에 쇼에선 신민아, 발렌티노 쇼에선 박신혜가 프런트로에서 포착됐다.']|fashion|0|0|"[""빅 쇼가 많은 패션위크답게 파리엔 이번에도 셀러브티리가 대거 초대됐다. 샤넬의 뮤즈 제니, 루이 비통의 앰배서더 배두나는 물론 지방시 쇼에선 려원, 로저 비비에 쇼에선 신민아, 발렌티노 쇼에선 박신혜가 프런트로에서 포착됐다.']""]"|Je|M
따뜻하고 아름다운 #방한템|http://www.marieclairekorea.com/fashion/2018/12/%eb%94%b0%eb%9c%bb%ed%95%98%ea%b3%a0-%ec%95%84%eb%a6%84%eb%8b%a4%ec%9a%b4-%eb%b0%a9%ed%95%9c%ed%85%9c/|2018-12|['', '에디터는 아무리 추워도 패딩을 입지 않았다.\n불편하기도 했지만 예쁘지 않아서다.\n올 해는 패딩에 굴복했다. 추위에 진 거다.\n스마트폰을 24/7 붙들고 있어야 하는 직업 특성상\n장갑은 사치지만 올 해는 장갑에도 도전해 보고 싶다.\n나이가 드니, 정수리도 추워지는 것 같아 모자도 검색하고 있다.\n방한을 위한 액세서리를 몸소 찾아본 건 처음이다.\n아무래도 불편하고, 같은 이야기지만 예쁘지 않아서였다.\n그런데 마음 먹고 찾아보니 영하의 날씨가 아니어도\n손이 갈 만한 예쁜 방한템이 이렇게나 많다.', '방한템 스텝 1. 머플러+블랭킷\n\n이번 시즌, 머플러를 목에 칭칭감아 두르기 보다\n한 쪽 어깨에 툭, 혹은\n\n이렇게 목에 대충 둘러 보자.\n과연 이게 따뜻할까?\n라는 의심을 품겠지만, 따뜻하다.\n그리고 심플한 코트 위에 화려한 패턴\n또는 컬러의 목도리만 둘러도 룩이 180도 변한다.', '망고의 페이크 퍼 스툴.\n세일 가, 59000원에 판매 중이다.\n\n대충 목에 걸치기만 해도 존재감이 확실한\n구찌(GUCCI)의 로고 머플러.\n69만원이다.\n\n아크네 스튜디오(ACNE STUDIOS)의\n사랑스러운 핑크색 머플러.\nMATCHES FASHION에서 약 10만원대에 판매 중이다.', '머플러에서 한 단계 업그레이드 하고 싶다면\n블랭킷을 추천한다.', '', '로에베 로고 장식 블랭킷.\n코트 위에 툭 걸치기만 해도 차원이 다르게 따뜻하다.\n드라마틱한 실루엣은 덤.\nSSENSE 에서 세일 중으로 약 80만원이다.\n\n캘빈 클라인(CALVIN KLEIN)과 펜들턴(PENDLETON)의\n콜라보레이션 블랭킷.\nFAR FETCH에서 40만원대에 판매 중이다.', '2. 가죽 장갑', '물론, 손 시려울 때 꼭 필요한 방한템이지만,\n그냥 스타일링 액세서리로도 훌륭한 장갑.\n이왕이면 선명한 컬러, 화려한 디자인으로\n칙칙한 겨울 옷차림에 포인트를 주자.', '망고의 리본 장식 장갑.\n손 등이 살짝 보여 섹시하다.\n세일 중이어서 19000원에 구매 가능!\n\n아르마니 꼴레찌오니의 민트 컬러 장갑.\nYOOX에서 무려 70% 할인해 8만원대다.', '손 등을 레오파드 프린트 송치로 장식한\n보테가 베네타의 가죽 장갑.\n40만원대로 Matches Fashion에서\n판매 중이다.', '구슬 장식이 화려한 프라다의 가죽 장갑.\n파티 룩으로도 제격일 듯.\nMYTHERESA 에서\n약 100만원대에 판매 중.', '스타일링에 대한 두려움이 없는 이라면 롱 글러브도 도전할 것.', '소매가 비교적 짧은 코트를 입을 때 스타일링 하기 좋은 롱 글러브.\n우아하면서도 따뜻하다.\n\n8 By YOOX의 롱 글러브.\n100% 양가죽으로 만든 클래식한 디자인이다.\n가격은 10만원대.\n\n아넬(AGNELLE)의 버건디 색 롱 글러브.\n1930년대부터 장갑만 만들어온 장갑 장인 브랜드다.\n양가죽 소재로 부드럽고 편하기까지.\n가격은 약 20만원대로 합리적인 편이다.\nNet-A-Porter에서 판매 중.', '3. 비니\n\n힙합하는 남자들의 전유물이 아니다.\n카이아 거버처럼 쿨하게 연출해 보자.\n선글라스와 함께 1990년대 서태지 룩을 빙의해도 좋다.\n\n심플한 블랙 비니 정도는 하나쯤 있으면\n언제든 써먹는 효자 아이템이다.\n8 By YOOX의 제품으로\n약 7만원대다.', '크리스털 장식이 깜찍한 비니.\n구찌(GUCCI)제품으로 70만원대다.\n\n메탈릭 실버 컬러 비니.\n세일 가로 15000원. 자라(ZARA)', '세인트우즈(SAINT WOODS)의 클래식한 비니.\n오프닝 세리머니에서 세일 중으로\n3만원대다.', '4. 스타킹\n\n남자들은 이해 못하겠지만 스타킹은 꽤나 따뜻한 방한템이다.\n게다가 이만큼 쉽게 스타일링에 한 끗을 더해주는 아이템도 없다.\n\n블랙 핑크 제니가 입어서 국내에서 이름을 알린\n마린 세르(MARINE SERRE)의 스타킹.\nFAR FETCH에서 80만원대에 판매 중이다.\n\n발렌시아가(BALENCIAGA)의 메탈릭 그레이 타이츠.\nMYTHERESA 에서 약 20만원대에 판매 중.\n\n구찌(GUCCI)의 화려한 레이스 타이츠.\nSSENSE에서 약 40만원대에 판매 중이다.']|fashion|0|0|"[""4. 스타킹\\n\\n남자들은 이해 못하겠지만 스타킹은 꽤나 따뜻한 방한템이다.\\n게다가 이만큼 쉽게 스타일링에 한 끗을 더해주는 아이템도 없다.\\n\\n블랙 핑크 제니가 입어서 국내에서 이름을 알린\\n마린 세르(MARINE SERRE)의 스타킹.\\nFAR FETCH에서 80만원대에 판매 중이다.\\n\\n발렌시아가(BALENCIAGA)의 메탈릭 그레이 타이츠.\\nMYTHERESA 에서 약 20만원대에 판매 중.\\n\\n구찌(GUCCI)의 화려한 레이스 타이츠.\\nSSENSE에서 약 40만원대에 판매 중이다.']""]"|Je|M
2019 S/S 패션위크 다이어리 #파리|http://www.marieclairekorea.com/fashion/2018/10/2019-ss-%ed%8c%a8%ec%85%98%ec%9c%84%ed%81%ac-%eb%8b%a4%ec%9d%b4%ec%96%b4%eb%a6%ac-%ed%8c%8c%eb%a6%ac/|2018-10|['이번 시즌 가장 큰 기대를 모은 쇼는 단연 셀린느가 아닐까? 엄청난 규모의 컬렉션장이 셀러브리티와 프레스로 빈자리 없이 가득 찼고, 뒤이어 북을 치는 군악대와 함께 마른 몸의 모델들이 런웨이에 등장했다. 골드와 블랙, 시퀸과 비즈, 보디콘셔스 실루엣과 볼륨 슬리브 등의 디테일로 완성된 쇼피스를 두고 반응은 극명하게 갈렸다. 모던함의 정수를 보여주었던 과거의 셀린느에 대한 그리움을 토로하거나, 패션 월드의 슈퍼스타 에디 슬리먼이 지극히 ‘에디스럽게’ 풀어낸 새로운 셀린느에 대한 만족감을 드러내거나!', '특별한 장치 없이 담백하게 진행된 지난 시즌과 달리, 새 시즌 파리에서 펼쳐진 몇몇 컬렉션은 예술 공연 무대를 방불케 했다. 디올은 은은한 조명 아래 현대무용 퍼포먼스를 선보였고, 구찌 쇼에서는 객석에 앉아 있던 제인 버킨이 쇼 도중 일어나 ‘Baby Alone In Babylone’ 을 부르는 서프라이즈 공연이 열렸으며, 르메르는 스닉스 밴드를 섭외해 감각적인 음악을 더한 것. 각각의 공연은 브랜드가 추구하는 테마와 잘 어우러져 쇼에 생동감을 불어넣었다.', '구찌는 새 시즌 프랑스에서 받은 영감과 프랑스에 대한 경외심을 표현하기 위해 이례적으로 파리에서 컬렉션을 진행했고, 프랑스 음악 예술의 터전으로 자리 잡은 테아트르 르 팔라스를 쇼장으로 택해 그 의미를 더했다. 연극의 형태인 ‘모순 극장’을 테마로 한 새 시즌의 극적인 쇼피스와 그로테스크한 비디오아트, 웅장하고 역사 깊은 장소가 어우러진 구찌의 쇼는 늘 그렇듯 압도적이었다.', '테마에 맞게 공들여 꾸민 쇼 스페이스는 룩에 활기를 불어넣는다. 벽면을 바다 사진으로 채우고 모래사장과 밀려오는 파도까지 완벽하게 재현한 샤넬과 브랜드 심벌 형태의 거대한 조형물에 불을 지른(!) 릭 오웬스, 트로카데로 광장에 수반 무대를 설치한 생 로랑의 쇼가 대표적인 예. 특히 에펠탑의 불빛과 튀어 오르는 물방울로 드라마틱한 효과를 더한 생 로랑의 쇼는 더없이 아름다웠다.', '각 브랜드의 이미지를 대변하는 스타들과의 만남 역시 컬렉션 기간에 놓쳐선 안 될 관전 포인트 중 하나. 이번 시즌에는 배두나, 공효진, 신민아, 정려원, 씨엘, 블랙핑크 제니, 엑소 카이가 각각 루이 비통과 디올, 로저 비비에, 지방시, 생 로랑, 셀린느, 샤넬, 구찌의 쇼와 프레젠테이션에 참석하기 위해 파리를 방문하며 화제를 모았다. 특히 구찌 쇼장 앞을 가득 메운 채 한글 플래카드를 들고 카이의 이름을 연호하던 팬들의 모습은 파리의 인상적인 기억 중 하나로 남았을 정도.']|fashion|0|0|"[""각 브랜드의 이미지를 대변하는 스타들과의 만남 역시 컬렉션 기간에 놓쳐선 안 될 관전 포인트 중 하나. 이번 시즌에는 배두나, 공효진, 신민아, 정려원, 씨엘, 블랙핑크 제니, 엑소 카이가 각각 루이 비통과 디올, 로저 비비에, 지방시, 생 로랑, 셀린느, 샤넬, 구찌의 쇼와 프레젠테이션에 참석하기 위해 파리를 방문하며 화제를 모았다. 특히 구찌 쇼장 앞을 가득 메운 채 한글 플래카드를 들고 카이의 이름을 연호하던 팬들의 모습은 파리의 인상적인 기억 중 하나로 남았을 정도.']""]"|Je|M
마리끌레르 X 샤넬|http://www.marieclairekorea.com/ad-campaign/2018/10/who-am-i-2/|2018-10|['', ' ', '따뜻한 딥 브라운 컬러 아이섀도를 눈두덩이와 눈 아래에 번진 듯 발라 눈매를 그윽하게 연출했다. 아이라이너로 눈매를 강조한 뒤 루쥬 알뤼르 벨벳 엑스트렘 마뜨 #112 클래식 레드를 입술 가득 채워 그려 매혹적인 매트 립을 완성했다. 제품은 모두 샤넬', '속눈썹을 깔끔하게 정돈하고 블러셔를 양 볼 중앙이 아닌 광대뼈 라인을 따라 터치해 우아하게 혈색이 도는 느낌을 연출했다. 루쥬 알뤼르 리퀴드 파우더 마뜨 #952 로지 코랄로 입술을 파우더리하게 만든 다음 손톱에 무광 레드 컬러인 르 베르니 #636을 발라 매트한 질감을 강조했다. 제품은 모두 샤넬', '눈썹을 풍성하게 살리고 아이라인은 깨끗하게 그려 눈매를 강조했다. 빨간 벽돌색의 루쥬 알뤼르 벨벳 엑스트렘 마뜨 #116로 입술에 에지를 더하고 손톱은 르 베르니 #638을 전체적으로 바르거나 누드 컬러 네일과 반씩 발라 아티스틱한 터치를 가미했다. 제품은 모두 샤넬', '누드 핑크 섀도를 눈두덩이에 바른 뒤 마스카라를 풍성하게 연출했다. 입술엔 루쥬 알뤼르 벨벳 엑스트렘 마뜨 #118 MLBB 컬러를 발라 지적인 무드 완성! 제품은 모두 샤넬', ' ', '', ' ', '', ' ', '“샤넬의 이번 메이크업 컬렉션은 ‘매트’라는 추상적인 개념에서 시작했어요. 자신감 넘치고 대담하며\n세련되고 우아한 여성을 상상했지요. 아주 당당한 여성이요. 제가 가장 좋아하는 여성이기도 하고요.”', '샤넬 글로벌 크리에이티브 메이크업& 컬러 디자이너 루치아피카', ' ', '눈머리에 짙은 브라운 섀도로 음영감을 더해 고혹적인 눈매를 완성했다. 입술에는 은은하게 발색되는 루쥬 알뤼르 리퀴드 파우더 마뜨 #956을 발라 수채화처럼 번진 듯한 느낌을 더했다. 손톱은 르 베르니 #636 레드로 프렌치 네일을 연출해 페미닌한 매력을 더했다. 제품은 모두 샤넬  ']|ad-campaign|0|0|[]|Je|M
Who Am I|http://www.marieclairekorea.com/celebrity/2018/10/who-am-i/|2018-10|['', ' ', '따뜻한 딥 브라운 컬러 아이섀도를 눈두덩이와 눈 아래에 번진 듯 발라 눈매를 그윽하게 연출했다. 아이라이너로 눈매를 강조한 뒤 루쥬 알뤼르 벨벳 엑스트렘 마뜨 #112 클래식 레드를 입술 가득 채워 그려 매혹적인 매트 립을 완성했다. 제품은 모두 샤넬', '속눈썹을 깔끔하게 정돈하고 블러셔를 양 볼 중앙이 아닌 광대뼈 라인을 따라 터치해 우아하게 혈색이 도는 느낌을 연출했다. 루쥬 알뤼르 리퀴드 파우더 마뜨 #952 로지 코랄로 입술을 파우더리하게 만든 다음 손톱에 무광 레드 컬러인 르 베르니 #636을 발라 매트한 질감을 강조했다. 제품은 모두 샤넬', '눈썹을 풍성하게 살리고 아이라인은 깨끗하게 그려 눈매를 강조했다. 빨간 벽돌색의 루쥬 알뤼르 벨벳 엑스트렘 마뜨 #116로 입술에 에지를 더하고 손톱은 르 베르니 #638을 전체적으로 바르거나 누드 컬러 네일과 반씩 발라 아티스틱한 터치를 가미했다. 제품은 모두 샤넬', '누드 핑크 섀도를 눈두덩이에 바른 뒤 마스카라를 풍성하게 연출했다. 입술엔 루쥬 알뤼르 벨벳 엑스트렘 마뜨 #118 MLBB 컬러를 발라 지적인 무드 완성! 제품은 모두 샤넬', ' ', '', ' ', '', ' ', '“샤넬의 이번 메이크업 컬렉션은 ‘매트’라는 추상적인 개념에서 시작했어요. 자신감 넘치고 대담하며\n세련되고 우아한 여성을 상상했지요. 아주 당당한 여성이요. 제가 가장 좋아하는 여성이기도 하고요.”', '샤넬 글로벌 크리에이티브 메이크업& 컬러 디자이너 루치아피카', ' ', '눈머리에 짙은 브라운 섀도로 음영감을 더해 고혹적인 눈매를 완성했다. 입술에는 은은하게 발색되는 루쥬 알뤼르 리퀴드 파우더 마뜨 #956을 발라 수채화처럼 번진 듯한 느낌을 더했다. 손톱은 르 베르니 #636 레드로 프렌치 네일을 연출해 페미닌한 매력을 더했다. 제품은 모두 샤넬  ']|celebrity|0|0|[]|Je|M
제니의 가을 립&네일|http://www.marieclairekorea.com/beauty/2018/10/%ec%a0%9c%eb%8b%88%ec%9d%98-%ea%b0%80%ec%9d%84-%eb%a6%bd%eb%84%a4%ec%9d%bc/|2018-10|['', '강렬한 눈빛만큼이나 파워풀한 힘을 지닌 컬러는 단연 레드다. 매트한 레드 립은 글로시할 때보다 훨씬 도발적이다.', ' ', '', '가을의 감성이 느껴지는 내추럴 브라운, 누드 핑크는 지적인 매력을 담아내기에 최적의 컬러다. 상반된 컬러를 조합하기보다 톤온톤으로 디자인해 룩에 통일감을 줄 것.', ' ', '', '크림 섀도와 파우더 섀도를 레이어링해 눈매를 깊이 있게 연출했다면 레드 립을 소프트하게 연출해보자. 수채화 같은 블러 효과로 한층 부드럽고 페미닌한 레드를 보여줄 수 있다.', ' ', '', '강렬한 색감의 매트 립만으로도 얼굴의 혈색을 살릴 수 있다. 칙칙함을 걷어내고 화려한 조명이 되어줄 브릭 레드로 시각적 효과를 극대화할 것.', ' ', '', '은은한 치크와 어우러진 파우더리한 매트 립은 우아함을 극대화시킨다. 마른 장미 빛깔로 물든 입술에 시선이 집중될 수 있도록 컬러와 텍스처 를 절제할 것.']|beauty|1|0|"[""['', '강렬한 눈빛만큼이나 파워풀한 힘을 지닌 컬러는 단연 레드다. 매트한 레드 립은 글로시할 때보다 훨씬 도발적이다.', ' ', '', '가을의 감성이 느껴지는 내추럴 브라운, 누드 핑크는 지적인 매력을 담아내기에 최적의 컬러다. 상반된 컬러를 조합하기보다 톤온톤으로 디자인해 룩에 통일감을 줄 것.', ' ', '', '크림 섀도와 파우더 섀도를 레이어링해 눈매를 깊이 있게 연출했다면 레드 립을 소프트하게 연출해보자. 수채화 같은 블러 효과로 한층 부드럽고 페미닌한 레드를 보여줄 수 있다.', ' ', '', '강렬한 색감의 매트 립만으로도 얼굴의 혈색을 살릴 수 있다. 칙칙함을 걷어내고 화려한 조명이 되어줄 브릭 레드로 시각적 효과를 극대화할 것.', ' ', '', '은은한 치크와 어우러진 파우더리한 매트 립은 우아함을 극대화시킨다. 마른 장미 빛깔로 물든 입술에 시선이 집중될 수 있도록 컬러와 텍스처 를 절제할 것.']""]"|Je|M
조이 바이 디올 향수의 뮤즈, 제니퍼 로렌스와 나눈 인터뷰|http://www.marieclairekorea.com/beauty/2018/08/joybydior/|2018-08|['', 'BASE 디올스킨 포에버 언더커버 24 웨어 풀 커버리지. #020 라이트 베이지, 디올 백스테이지 컨투어 팔레트. #001 유니버설, 루즈 블러쉬. #263 하자드\nEYE 디올 백스테이지 아이 팔레트. #001 웜 뉴트럴, 디올쇼 아이코닉 오버컬 마스카라. #090 블랙\nLIP 루즈 디올 울트라 루즈. #485 울트라 러스트', ' ', '조이 바이 디올’은 디올 하우스에서 20년 만에 선보이는 향수다. 이 특별한 향수의 뮤즈가 된 기분이 어떤가? 향수에 대한 가장 오래된 기억은 어머니가 즐겨 뿌리던 ‘미스 디올’의 향이다. 그래서 미스 디올의 향을 맡으면 어머니가 떠오르면서 마음이 편안해진다. 미스 디올은 제2차 세계대전 직후인 1947년 탄생한 디올 하우스 최초의 향수다. 미스 디올이 탄생한 지 70년이 지난 오늘날, 새로운 디올 향수를 대표하는 뮤즈가 된다는 건 무척 특별한 경험이다. 게다가 조이 바이 디올은 그 시작점이 바로 나라는 점에서 더욱 의미 있다. 새로운 향수를 제안받고 어머니와 함께 파리에 있는 디올 퍼퓨머 크리에이터 프랑수아 드마쉬의 작업실을 찾았다. 그곳에서 조이 바이 디올에 담길 여러 노트의 향을 직접 맡아봤다. 샌들우드, 머스크, 시트러스 그리고 풍부한 플로럴 노트의 향이었다.', '조이 바이 디올의 향을 처음 맡았을 때 첫인상이 어땠나? 완성된 향수의 향을 처음 맡은 건 조이 바이 디올 광고 캠페인 촬영장이었다. 향을 맡는 순간 바로 사랑에 빠졌다. 일반적인 향수와 달리 톱 노트와 미들 노트, 베이스 노트로 구분 짓기 어려운데, 베르가모트와 만다린의 상쾌한 향, 로즈와 재스민의 풍부한 플로럴 향, 부드러운 우디 향이 어우러져 상쾌하면서도 너무 강하거나 가볍지 않고, 모던하면서도 클래식한 매력을 지녔다.', '미스 디올을 비롯한 기존 디올 향수와 어떤 점이 다른가? 나는 사실 ‘미스 디올’과 ‘쟈도르’ 등 디올의 모든 향수를 사랑한다. ‘조이 바이 디올’은 기존 향수들과 확연히 다른 느낌인데, 플로럴 향이 기존 향수보다 더 강렬하면서도 전체적으로 향이 부드럽고 자연스럽다. 꽃과 시트러스 향의 과일, 우드, 머스크가 어우러진 매혹적인 향을 풍기는 조이 바이 디올은 모든 가능성을 담은, 모두에게 열려 있는 향수라는 생각이 든다.', '디올 향수에는 디올 하우스가 추구하는 여성상이 투영돼 있다고 알려져 있다. 조이 바이 디올 향을 맡았을 때 떠오른 특별한 이미지가 있나? 디올은 내게 새 향수를 만드는 작업에 동참해줄 것을 제안하면서 프랑스 해안에 자리한 그라스 지역의 사진을 보여주었다. 디올 향수를 비롯해 화장품에 사용하는 수많은 종류의 꽃이 자라는 곳인데, 내가 지금까지 본 그 어떤 곳보다 아름다웠다. 조이 바이 디올의 향을 처음 맡았을 때 사진 속 이미지가 뇌리에 스쳤다. 향수가 자연의 싱그러운 향을 닮은 샌들우드나 아름다운 플로럴 향처럼 자연 속에서 맡을 수 있는 노트로 이뤄져 있기 때문인 것 같다. 그래서 향수를 뿌렸다기보다 자연의 향을 그대로 입은 듯한 기분이 든다. 거의 매일 향수를 뿌리고 자연에 가까운 향을 좋아하는데 마음에 쏙 드는 향을 찾기는 어려웠다. 그래서 조이 바이 디올이 더 마음에 든다.', '이번 향수를 조향한 프랑수아 드마쉬는 당신의 당당하고 활기찬 에너지와 감각적인 여성성을 새 향수에 담고자 했다고 말했다. 조이 바이 디올에 당신의 개성이 잘 묻어난다고 생각하나? 물론이다. 나는 조이 바이 디올의 시작 단계부터 디올과 긴밀하게 협업해왔다. 디올은 나를 나 자신이 아닌 다른 모습으로 변화시키려고 하지 않았다. 그래서 단순히 모델이 아니라 디올 하우스의 일원이 된 듯한 기분으로 모든 과정을 함께할 수 있었다.', '조이 바이 디올의 향을 처음 맡는 순간 사랑에 빠졌다. 베르가모트와 만다린의 상쾌한 향과 로즈와 재스민의 풍부한 플로럴 향, 부드러운 우디 향이 어우러져 모던하면서도 클래식한 매력이 느껴졌다.', '‘조이 바이 디올’이라는 이름이 마음에 드나? 프랑수아 드마쉬는 여성의 행복과 환희의 순간을 향으로 재해석했는데, 그런 점에서 더없이 잘 어울리는 이름이다. 크리스찬 디올은 1947년 여성들의 행복과 아름다움을 위해 미스 디올을 탄생시켰다. 사회에서 일어나는 여러 가지 일들로 여성의 삶과 행복이 위협받는 지금이야말로 여성의 행복을 가장 중요하게 여기는 디올 하우스의 신념을 담은 새 향수를 선보이기에 적합한 시기라고 생각한다.', '조이 바이 디올을 처음 공개하는 행사가 LA에서 열렸는데, 새 향수의 밝고 활기찬 이미지와 잘 어울리는 장소인 것 같다. 20년 만에 아주 특별하고 새로운 향수를 선보이니만큼 모든 사람에게 어떤 열망 같은 특별한 감정을 불러일으켜야 한다고 생각했다. LA 하면 할리우드의 고전 영화가 생각나고 화려했던 당시의 사회 분위기가 떠오른다. 여성들은 향수를 뿌리는 간단한 행위로 자신이 더욱 글래머러스하고 매혹적으로 변신하길 기대한다. LA는 여성들에게 어떤 기대감과 특별한 감정을 불러일으키는 도시라는 점에서 조이 오브 디올을 처음 선보이기에 완벽한 장소다.', '2013년부터 줄곧 디올 패션 하우스의 뮤즈로 활동하고 있고, 2015년에는 디올 코스메틱의 뮤즈로 활동하기도 했다. 디올과 친밀한 관계를 맺은 것이 당신의 스타일에도 영향을 주었나? 골든 글로브 시상식을 비롯해 내 인생의 극적인 순간마다 디올의 쿠튀르 드레스와 함께했다. 그동안 입어본 옷 중 특히 아름다운 옷의 상당수가 디올의 의상이다. 2015년 ‘디올 어딕트’ 광고 캠페인 모델로 활동하며 디올의 메이크업 제품을 다양하게 사용해보았는데 제품의 기능이 탁월해 몇 가지 제품만으로 간단하게 메이크업을 끝내는 걸 즐기게 됐다. 디올 브론저와 프라이머 등을 즐겨 사용하는데, 특히 ‘디올 어딕트 립 글로우’는 파우치에 항상 가지고 다\n닐 정도로 사랑하는 제품이다. 바르자마자 입술을 촉촉하고 생기 있어 만들어주어 수시로 바른다.', '크리스찬 디올은 여성을 기쁘고 행복하게 하기 위해 아름다운 옷과 향수, 립스틱을 만들었다. 당신의 삶에서 당신을 행복하게 하는 것은 무엇인가? 친구들과 보내는 시간, 반려견과 함께 하는 산책, 즐겁게 웃는 순간순간들. 이런 것들이 내게 기쁨을 주고 나를 행복하게 한다.', ' ']|beauty|1|0|"[""['', 'BASE 디올스킨 포에버 언더커버 24 웨어 풀 커버리지. #020 라이트 베이지, 디올 백스테이지 컨투어 팔레트. #001 유니버설, 루즈 블러쉬. #263 하자드\\nEYE 디올 백스테이지 아이 팔레트. #001 웜 뉴트럴, 디올쇼 아이코닉 오버컬 마스카라. #090 블랙\\nLIP 루즈 디올 울트라 루즈. #485 울트라 러스트', ' ', '조이 바이 디올’은 디올 하우스에서 20년 만에 선보이는 향수다. 이 특별한 향수의 뮤즈가 된 기분이 어떤가? 향수에 대한 가장 오래된 기억은 어머니가 즐겨 뿌리던 ‘미스 디올’의 향이다. 그래서 미스 디올의 향을 맡으면 어머니가 떠오르면서 마음이 편안해진다. 미스 디올은 제2차 세계대전 직후인 1947년 탄생한 디올 하우스 최초의 향수다. 미스 디올이 탄생한 지 70년이 지난 오늘날, 새로운 디올 향수를 대표하는 뮤즈가 된다는 건 무척 특별한 경험이다. 게다가 조이 바이 디올은 그 시작점이 바로 나라는 점에서 더욱 의미 있다. 새로운 향수를 제안받고 어머니와 함께 파리에 있는 디올 퍼퓨머 크리에이터 프랑수아 드마쉬의 작업실을 찾았다. 그곳에서 조이 바이 디올에 담길 여러 노트의 향을 직접 맡아봤다. 샌들우드, 머스크, 시트러스 그리고 풍부한 플로럴 노트의 향이었다.', '조이 바이 디올의 향을 처음 맡았을 때 첫인상이 어땠나? 완성된 향수의 향을 처음 맡은 건 조이 바이 디올 광고 캠페인 촬영장이었다. 향을 맡는 순간 바로 사랑에 빠졌다. 일반적인 향수와 달리 톱 노트와 미들 노트, 베이스 노트로 구분 짓기 어려운데, 베르가모트와 만다린의 상쾌한 향, 로즈와 재스민의 풍부한 플로럴 향, 부드러운 우디 향이 어우러져 상쾌하면서도 너무 강하거나 가볍지 않고, 모던하면서도 클래식한 매력을 지녔다.', '미스 디올을 비롯한 기존 디올 향수와 어떤 점이 다른가? 나는 사실 ‘미스 디올’과 ‘쟈도르’ 등 디올의 모든 향수를 사랑한다. ‘조이 바이 디올’은 기존 향수들과 확연히 다른 느낌인데, 플로럴 향이 기존 향수보다 더 강렬하면서도 전체적으로 향이 부드럽고 자연스럽다. 꽃과 시트러스 향의 과일, 우드, 머스크가 어우러진 매혹적인 향을 풍기는 조이 바이 디올은 모든 가능성을 담은, 모두에게 열려 있는 향수라는 생각이 든다.', '디올 향수에는 디올 하우스가 추구하는 여성상이 투영돼 있다고 알려져 있다. 조이 바이 디올 향을 맡았을 때 떠오른 특별한 이미지가 있나? 디올은 내게 새 향수를 만드는 작업에 동참해줄 것을 제안하면서 프랑스 해안에 자리한 그라스 지역의 사진을 보여주었다. 디올 향수를 비롯해 화장품에 사용하는 수많은 종류의 꽃이 자라는 곳인데, 내가 지금까지 본 그 어떤 곳보다 아름다웠다. 조이 바이 디올의 향을 처음 맡았을 때 사진 속 이미지가 뇌리에 스쳤다. 향수가 자연의 싱그러운 향을 닮은 샌들우드나 아름다운 플로럴 향처럼 자연 속에서 맡을 수 있는 노트로 이뤄져 있기 때문인 것 같다. 그래서 향수를 뿌렸다기보다 자연의 향을 그대로 입은 듯한 기분이 든다. 거의 매일 향수를 뿌리고 자연에 가까운 향을 좋아하는데 마음에 쏙 드는 향을 찾기는 어려웠다. 그래서 조이 바이 디올이 더 마음에 든다.', '이번 향수를 조향한 프랑수아 드마쉬는 당신의 당당하고 활기찬 에너지와 감각적인 여성성을 새 향수에 담고자 했다고 말했다. 조이 바이 디올에 당신의 개성이 잘 묻어난다고 생각하나? 물론이다. 나는 조이 바이 디올의 시작 단계부터 디올과 긴밀하게 협업해왔다. 디올은 나를 나 자신이 아닌 다른 모습으로 변화시키려고 하지 않았다. 그래서 단순히 모델이 아니라 디올 하우스의 일원이 된 듯한 기분으로 모든 과정을 함께할 수 있었다.', '조이 바이 디올의 향을 처음 맡는 순간 사랑에 빠졌다. 베르가모트와 만다린의 상쾌한 향과 로즈와 재스민의 풍부한 플로럴 향, 부드러운 우디 향이 어우러져 모던하면서도 클래식한 매력이 느껴졌다.', '‘조이 바이 디올’이라는 이름이 마음에 드나? 프랑수아 드마쉬는 여성의 행복과 환희의 순간을 향으로 재해석했는데, 그런 점에서 더없이 잘 어울리는 이름이다. 크리스찬 디올은 1947년 여성들의 행복과 아름다움을 위해 미스 디올을 탄생시켰다. 사회에서 일어나는 여러 가지 일들로 여성의 삶과 행복이 위협받는 지금이야말로 여성의 행복을 가장 중요하게 여기는 디올 하우스의 신념을 담은 새 향수를 선보이기에 적합한 시기라고 생각한다.', '조이 바이 디올을 처음 공개하는 행사가 LA에서 열렸는데, 새 향수의 밝고 활기찬 이미지와 잘 어울리는 장소인 것 같다. 20년 만에 아주 특별하고 새로운 향수를 선보이니만큼 모든 사람에게 어떤 열망 같은 특별한 감정을 불러일으켜야 한다고 생각했다. LA 하면 할리우드의 고전 영화가 생각나고 화려했던 당시의 사회 분위기가 떠오른다. 여성들은 향수를 뿌리는 간단한 행위로 자신이 더욱 글래머러스하고 매혹적으로 변신하길 기대한다. LA는 여성들에게 어떤 기대감과 특별한 감정을 불러일으키는 도시라는 점에서 조이 오브 디올을 처음 선보이기에 완벽한 장소다.', '2013년부터 줄곧 디올 패션 하우스의 뮤즈로 활동하고 있고, 2015년에는 디올 코스메틱의 뮤즈로 활동하기도 했다. 디올과 친밀한 관계를 맺은 것이 당신의 스타일에도 영향을 주었나? 골든 글로브 시상식을 비롯해 내 인생의 극적인 순간마다 디올의 쿠튀르 드레스와 함께했다. 그동안 입어본 옷 중 특히 아름다운 옷의 상당수가 디올의 의상이다. 2015년 ‘디올 어딕트’ 광고 캠페인 모델로 활동하며 디올의 메이크업 제품을 다양하게 사용해보았는데 제품의 기능이 탁월해 몇 가지 제품만으로 간단하게 메이크업을 끝내는 걸 즐기게 됐다. 디올 브론저와 프라이머 등을 즐겨 사용하는데, 특히 ‘디올 어딕트 립 글로우’는 파우치에 항상 가지고 다\\n닐 정도로 사랑하는 제품이다. 바르자마자 입술을 촉촉하고 생기 있어 만들어주어 수시로 바른다.', '크리스찬 디올은 여성을 기쁘고 행복하게 하기 위해 아름다운 옷과 향수, 립스틱을 만들었다. 당신의 삶에서 당신을 행복하게 하는 것은 무엇인가? 친구들과 보내는 시간, 반려견과 함께 하는 산책, 즐겁게 웃는 순간순간들. 이런 것들이 내게 기쁨을 주고 나를 행복하게 한다.', ' ']""]"|Je|M
18FW 뷰티 트렌드 #글리터메이크업|http://www.marieclairekorea.com/beauty/2018/08/18fw-%eb%b7%b0%ed%8b%b0-%ed%8a%b8%eb%a0%8c%eb%93%9c-%ea%b8%80%eb%a6%ac%ed%84%b0%eb%a9%94%ec%9d%b4%ed%81%ac%ec%97%85/|2018-08|['지난 시즌 눈부신 활약을 보인 글리터 메이크업 트렌드가 더 화려하고 과감해져서 돌아왔다. 지암바티스타 발리 쇼는 마치 가면을 쓴 것처럼 얼굴 전체를 실버 글리터로 뒤덮은 모델들이 등장해 화제를 모았다. 프린 바이 손턴 브레가치 쇼에서는 제주 해녀에게 영감을 받아 이마와 앞머리에 미세한 골드 글리터를 흩뿌려 은하수처럼 반짝이게 연출하기도 했다. 실험적인 글리터 메이크업과 대비되는 미니멀한 글리터 메이크업도 눈길을 끈다. 투명한 스와로브스키 크리스털을 눈꺼풀에 불규칙하게 붙인 케이트 스페이드 쇼와 섬세한 실버 글리터를 눈꺼풀에 정교하게 붙인 제니 쇼가 대표적이다.', ' ', ' ', ' ']|beauty|0|0|"[""['지난 시즌 눈부신 활약을 보인 글리터 메이크업 트렌드가 더 화려하고 과감해져서 돌아왔다. 지암바티스타 발리 쇼는 마치 가면을 쓴 것처럼 얼굴 전체를 실버 글리터로 뒤덮은 모델들이 등장해 화제를 모았다. 프린 바이 손턴 브레가치 쇼에서는 제주 해녀에게 영감을 받아 이마와 앞머리에 미세한 골드 글리터를 흩뿌려 은하수처럼 반짝이게 연출하기도 했다. 실험적인 글리터 메이크업과 대비되는 미니멀한 글리터 메이크업도 눈길을 끈다. 투명한 스와로브스키 크리스털을 눈꺼풀에 불규칙하게 붙인 케이트 스페이드 쇼와 섬세한 실버 글리터를 눈꺼풀에 정교하게 붙인 제니 쇼가 대표적이다.""]"|Je|M
오간자와 튈의 영특함|http://www.marieclairekorea.com/fashion/2018/03/%ec%98%a4%ea%b0%84%ec%9e%90%ec%99%80-%ed%8a%88%ec%9d%98-%ec%98%81%ed%8a%b9%ed%95%a8/|2018-03|[' ', '이번 시즌 런웨이는 오간자와 튈의 바스락거리는 소리로 가득 찼다. 여배우의 드레스나 발레리나의 치마자락쯤에나 있는 옷의 소재로만 느껴지는 이들을 일상에서 소화해내기란 썩 쉬운 일은 아니다. 하지만 사랑스러운 룩을 연출하고 싶은 특별한 날엔 더없이 좋은 소재다. 이들만큼 풍성한 벌키함과 아슬아슬한 투명감을 가진 소재는 없으니까. 또한 양과 믹스매치에 따라 우아한 드레시한 무드와 귀여운 캐주얼 룩 모두 연출 할 수 있는 영특함도 갖추고 있다. 잘 포장된 캔디처럼 달콤해 보이는 스타들의 풍성한 오간자 그리고 튈 룩과 일상에 특별함을 더해 줄 쇼핑 리스트를 소개한다.', ' ', ' ', '누가 누가 더 벌키한지 내기라도 하듯 킴 카다시안, 두아 리파, 아이린, 조단 던은 풍성한 오간자에 몸을 맡겼다.', ' ', '소재가 부담스럽다면 블랙핑크의 제니나 카밀라 카베요처럼 올블랙 스타일링은 어떨까.', ' ', ' ', '은밀히 다리라인이 비치는 스커트로 레이어링을 하는 것도 좋은 선택 !', ' ', ' ', '오간자와 튈의 진가는 시선을 사로잡는 매력이 필요한 날에 알 수 있다. 존재만으로도 근사한 시스루 드레스는 주인공이 되고 싶은 하루에 최적의 아이템.', ' ', ' ', '데님과 프린트 티셔츠 같은 데일리 아이템과 매치하는 것도 좋은 방법이다. 옷장에 잠들어있는 베이직한 아이템이 지겨워졌다면 소재와 컬러를 달리해보자. 매 봄가을마다 걸치던 트렌치일지라도 은은한 어두운 빛으로 속이 비친다면 무엇을 받쳐입어도 세련돼 보이지 않을까.', ' ', ' ', '장난기 많은 아리따운 아가씨처럼 자그마한 위트를 줄 수 있는 아이템. 미니멀한 백과 슈즈로 오간자와 튈의 우아한 매력을 느껴보자.']|fashion|0|0|['소재가 부담스럽다면 블랙핑크의 제니나 카밀라 카베요처럼 올블랙 스타일링은 어떨까.']|Je|M
Blooming Scene|http://www.marieclairekorea.com/celebrity/2018/02/blooming-scene-2/|2018-02|['', '', '', '데뷔한 지 1년 반이 지났어요. 5년의 연습 기간까지 합하면 긴 시간을 함께했죠. 지금의 자리까지 잘 와준 서로를 칭찬하며 인터뷰를 훈훈하게 시작해볼까요? 지수 제니는 항상··· 서로 없을 때 대답하면 안 될까요?(웃음) 제니는 항상 블랙핑크만의 색을 만들고, 그 색이 확실히 드러날 수 있도록 고민하고 행동해요. 제니 아, 감사합니다.(웃음) 로제는 연습생 때의 초심을 잃지 않고 늘 열심히 해요. 그 태도만으로도 팀 전체에 좋은 자극을 줘요. 로제 우리 리사는 막내로, 또 친구로 늘 해피 바이브를 주는 사람이에요. 타인을 위로할 줄 알고, 힘이 될 줄 아는 아이요. 리사 (민망해서) 못 듣겠어요. 지수 죄송합니다. 저희가 이런 일이 잘 없어서···.(웃음) 제가 요약할 수 있을 것 같아요. 리사는 인간 비타민! 리사 지수 언니는 맏언니만의 리더십이 있어요. ‘우리 이렇게 하자, 하자’ 하면서 한 사람 한 사람에게 힘을 불어넣어줘요.', '<블핑하우스>가 방송 5회 만에 누적 조회수 4천만 뷰를 넘었어요. 첫 단독 리얼리티 프로그램인데도 전혀 어색해 보이지 않던데요. 로제 어느 순간부터는 카메라가 있다는 사실도 잊고 지냈어요. 방송을 보고 나서야 아, 그때도 찍고 있었구나 했죠.', '모니터하면서 이불킥 할 만한 장면은 없었어요? 그때 왜 그랬나 싶고. 지수 나중에 하게 되지 않을까요? 내년쯤엔 다시 보지 못할 것 같 아요. 제니 내년이 뭐야, 다 끝나고 보기만 해도. 지수 맞아, 맞아.', '4명이 자매처럼 친해 보였어요. 제니 연습 기간이 길기도 했지만 저희처럼 합숙 기간이 긴 팀도 드물거든요. 같이 산 지 7년 정도 되니 이제 저희에겐 숙소가 집이고, 멤버들이 가족이에요. 지수 가족처럼 가까이 지내면서도 서로 지킬 건 지키는 터라 더 잘 지낼 수 있는 것 같아요. 제니 생활과 관련한 것 들은 각자 알아서 잘하는 편이고요. 이제는 서로를 워낙 잘 알아서 굳이 말을 하지 않더라도 누군가 힘들어 보이면 혼자 있을 시간을 주기도 하면서 방해하지 않으려 해요. 이제 그 정도는 잘 맞춰진 것 같아요.', '여럿이 섞여 바쁜 와중에도 지키고 싶은 나만의 모습이 있다면요? 리사 멤버들이 말해준 인간 비타민의 모습? 그렇게 쭉 가고 싶어요. 해피하게···. 로제 쉽게 감동하고 쉽게 빠져들고 설레는 저의 모습을 계속 지켜가고 싶어요. 이런 게 가끔씩 콤플렉스일 때도 있는데 그 또한 제 모습이니까요. 제니 저는 어릴 때부터 이런저런 걸 많이 배웠거든요. 아무래도 데뷔할 때까지는 여기에 집중하다 보니 다른 시도들은 하지 못했는데 아주 사소한 것이라도 배우고 직접 해보고 싶어요. 모험심을 잃지 않고 살고 싶어요. 무엇이든 배우면서. 블랙핑크 와!(박수) 제니 박수 뭐야.(웃음) 지수 생각이 많은 편이라 책 읽고 글 쓰는 걸 좋아해요. 읽고 쓰는 일이 중요해서 그걸 제대로 못하면 방황하게 되더라고요. 그 습관을 계속 유지하는 게 중요할 것 같아요.', '블랙핑크는 현재를 충분히 즐기고 있나요? 제니 저희는 4명 모두 욕심도 많고, 꿈도 커요. 누군가는 지금까지 이뤄낸 것만으로도 만족하고 즐겨도 좋다고 생각할 수 있겠지만 우리 스스로는 앞으로 해내야 할 것이 많다고 생각해요. ‘다음에는 이런 걸 해보자’ 하는 태도를 더 중요하게 생각하는 편이라 즐기기보다는 긴장하며 살고 있는 것 같아요.', '매사에 긴장하고 힘을 내는 게 쉬운 일은 아닐 텐데요. 지수 꿈을 이루고 나면 허무해질 수도 있잖아요. ‘어? 이제 어떡하지?’ 하는 느낌이요. 그런데 저희는 ‘이거 다음에는 이거, 그리고 그다음에는 다른 이거’ 하며 다음을 더 생각해요. 다행히 모두 같은 마음이라 힘내서 활동할 수 있는 것 같아요. 제니 맞아요. 서로 재촉해요. 더 해야 한다고.', '4명의 멤버가 한마음, 한뜻으로 움직일 수 있는 원동력은 뭐예요? 제니 자만하는 게 아니라 저희는 각자 서로에게 보이는 가능성을 믿어요. 저 역시 멤버들을 봤을 때 더 잘할 수 있는 걸 알고, 더 많은 것을 이뤄낼 수 있을 것 같거든요. 누군가 이런 믿음을 보이면 더 해야겠다는 마음이 생기잖아요. 그렇게 서로 함께 나아가는 것 같아요.', '그런 이유에서인지 이례적인 성과를 내고 있어요. ‘불장난’, ‘휘파람’, ‘붐바야’ 등 유튜브 1억 뷰 뮤직비디오를 네 개나 만들었고, ‘마지막처럼’은 2억 뷰 돌파 기록을 세우는 등 모든 순위를 새로 쓰고 있죠. 이런 기록은 부담인가요, 원동력인가요? 지수 부담이라기보다 그다음을 준비할 때 즐거운 마음으로 임할 수 있는 원동력이에요. 저희를 찾아봐주고, 지켜봐준다는 사실만으로도요. 로제 수치나 상은 저희한테 크게 중요하지 않아요. 열심히 해서 사랑을 받는 거니까. 노력한 데 대한 선물이라고 생각하고 넷이서 되게 즐거워해요.', '부담에 짓눌리는 성향은 아니군요. 지수 네, 저희는 4명 다 그래서 다행이라고 생각해요. 그렇기 때문에 더 많은 꿈을 꿀 수 있는 것 같아요. 큰 상을 타고, 기록을 세우는 것도 중요하지만 그보다는 ‘우리가 이런 걸 하면 사람들이 어떤 반응을 할까?’가 더 궁금해요. ‘이거 하면 대박 날까?’보다는 ‘사람들이 우리를 어떻게 볼까?’에 더 초점을 둬요.', '<마리끌레르> 코리아 창간 25주년 커버 모델로서 10, 20대 여성을 대표해 각자 생각하는 아름다움에 대한 정의를 내려볼까요. 지수 아름다움은 스스로 생각하기에 따라 결정된다고 믿어요. 스스로 어떤 부분을 마음에 안 들어 하면 그 부분만 보이듯 말이에요. 타인의 시선도 중요하지만 자신이 바라 보는 스스로의 모습을 중요하게 생각해야 하지 않을까요? 로제 스스로 가장 좋아하는 것, 하고 싶은 일을 할 때 표정이나 태도에서 드러나는 여유로움과 행복이 그 사람을 아름답게 만들어준다고 생각해요. 제니 두 사람의 말에 모두 동의해요. 하나 더 보태면 언제나 사랑으로 가득했으면 좋겠어요. 미워하는 누군가가 생겨도 그걸 내 속에 있는 사랑으로 감싸는 사람이요. 그걸 해낼 수 있다면 아름답고 멋있는 사람인 것 같아요. 로제 오늘 뭔가 되게 많이 배우고 가는 느낌이야. 리사 언니들이 다 말한 것 같아요. 어제 결혼식 가서 느낀건데 누군가 진심으로 행복해하는 모습을 보면 덩달아 행복해지는 것 같아요. 그리고··· 이제 몰라요. 거기까지요.(웃음)', '태양 씨 결혼식 말이죠? 지수 리사가 감동받아서 울려고 하더라고요.', '나다운 것이 중요하다고 말하는 시대죠. 누군가 ‘블랙핑크답다’라고 말했을 때 그건 어떤 의미였으면 좋겠어요? 제니 멋있고 새롭다? 그리고 카리스마있고 예쁘고 귀여운, 섹시한 모습까지 모두 아우를 수 있었으면 좋겠어요. 욕심일 수 있겠지만 ‘블랙핑크스럽다’는 말이 이 모든 걸 함축했으면 좋겠어요. 지수 제니 말이 딱 맞는 것 같아요. 저희는 항상 이 앨범에서 어떤 새로운 모습을 보여줄까, 어떤 포인트를 만들까를 많이 생각하거든요. 블랙핑크가 선보이는 것들이 새롭고 처음 보는 것 같다는 생각이 든다면 저희가 원하는 방향으로 가고 있는 거예요.', '다음 앨범 준비는 잘되고 있나요? 힌트를 주자면요? 제니 곡 작업을 꾸준히 하고 있어요. 다음 앨범이 정규 앨범이 됐든 미니 앨범이 됐든 몇 곡이 될지는 아직 말하진 못하지만 다양한 장르의 곡을 준비하고 있다는 얘긴 하고 싶어요. 그중에서 또 어떤 곡들이 공개될지도 모르지만요. 그래도 하나 확실한 건 ‘마지막처럼’과는 다른 모습이라는 건 장담해요.', '마지막으로 여성 팬이 많은 걸 그룹이기도 하죠. 또래의 팬들에게 하고 싶은 말이 있다면요? 제니 영어로 하면 ‘Love Yourself’라고 하잖아요. 블랙핑크도 팬들도 지금 자신을 만들어나가는 시기 같아요. 타인에게 영향 받지 않고, 자신에게 가장 잘 맞고 행복한 일을 찾아서 내면과 외면을 건강하게 쌓아가는 게 중요한 것 같아요. 블랙핑크 와!(박수)', ' ', 'Ⓒ MARIECLAIREKOREA 사전동의 없이 본 콘텐츠의 무단 도용, 전재 및 복제, 배포를 금합니다.']|celebrity|0|0|['데뷔한 지 1년 반이 지났어요. 5년의 연습 기간까지 합하면 긴 시간을 함께했죠. 지금의 자리까지 잘 와준 서로를 칭찬하며 인터뷰를 훈훈하게 시작해볼까요? 지수 제니는 항상··· 서로 없을 때 대답하면 안 될까요?(웃음) 제니는 항상 블랙핑크만의 색을 만들고, 그 색이 확실히 드러날 수 있도록 고민하고 행동해요. 제니 아, 감사합니다.(웃음) 로제는 연습생 때의 초심을 잃지 않고 늘 열심히 해요. 그 태도만으로도 팀 전체에 좋은 자극을 줘요. 로제 우리 리사는 막내로, 또 친구로 늘 해피 바이브를 주는 사람이에요. 타인을 위로할 줄 알고, 힘이 될 줄 아는 아이요. 리사 (민망해서) 못 듣겠어요. 지수 죄송합니다. 저희가 이런 일이 잘 없어서···.(웃음) 제가 요약할 수 있을 것 같아요. 리사는 인간 비타민! 리사 지수 언니는 맏언니만의 리더십이 있어요. ‘우리 이렇게 하자, 하자’ 하면서 한 사람 한 사람에게 힘을 불어넣어줘요.', '모니터하면서 이불킥 할 만한 장면은 없었어요? 그때 왜 그랬나 싶고. 지수 나중에 하게 되지 않을까요? 내년쯤엔 다시 보지 못할 것 같 아요. 제니 내년이 뭐야, 다 끝나고 보기만 해도. 지수 맞아, 맞아.', '4명이 자매처럼 친해 보였어요. 제니 연습 기간이 길기도 했지만 저희처럼 합숙 기간이 긴 팀도 드물거든요. 같이 산 지 7년 정도 되니 이제 저희에겐 숙소가 집이고, 멤버들이 가족이에요. 지수 가족처럼 가까이 지내면서도 서로 지킬 건 지키는 터라 더 잘 지낼 수 있는 것 같아요. 제니 생활과 관련한 것 들은 각자 알아서 잘하는 편이고요. 이제는 서로를 워낙 잘 알아서 굳이 말을 하지 않더라도 누군가 힘들어 보이면 혼자 있을 시간을 주기도 하면서 방해하지 않으려 해요. 이제 그 정도는 잘 맞춰진 것 같아요.', '여럿이 섞여 바쁜 와중에도 지키고 싶은 나만의 모습이 있다면요? 리사 멤버들이 말해준 인간 비타민의 모습? 그렇게 쭉 가고 싶어요. 해피하게···. 로제 쉽게 감동하고 쉽게 빠져들고 설레는 저의 모습을 계속 지켜가고 싶어요. 이런 게 가끔씩 콤플렉스일 때도 있는데 그 또한 제 모습이니까요. 제니 저는 어릴 때부터 이런저런 걸 많이 배웠거든요. 아무래도 데뷔할 때까지는 여기에 집중하다 보니 다른 시도들은 하지 못했는데 아주 사소한 것이라도 배우고 직접 해보고 싶어요. 모험심을 잃지 않고 살고 싶어요. 무엇이든 배우면서. 블랙핑크 와!(박수) 제니 박수 뭐야.(웃음) 지수 생각이 많은 편이라 책 읽고 글 쓰는 걸 좋아해요. 읽고 쓰는 일이 중요해서 그걸 제대로 못하면 방황하게 되더라고요. 그 습관을 계속 유지하는 게 중요할 것 같아요.', '블랙핑크는 현재를 충분히 즐기고 있나요? 제니 저희는 4명 모두 욕심도 많고, 꿈도 커요. 누군가는 지금까지 이뤄낸 것만으로도 만족하고 즐겨도 좋다고 생각할 수 있겠지만 우리 스스로는 앞으로 해내야 할 것이 많다고 생각해요. ‘다음에는 이런 걸 해보자’ 하는 태도를 더 중요하게 생각하는 편이라 즐기기보다는 긴장하며 살고 있는 것 같아요.', '매사에 긴장하고 힘을 내는 게 쉬운 일은 아닐 텐데요. 지수 꿈을 이루고 나면 허무해질 수도 있잖아요. ‘어? 이제 어떡하지?’ 하는 느낌이요. 그런데 저희는 ‘이거 다음에는 이거, 그리고 그다음에는 다른 이거’ 하며 다음을 더 생각해요. 다행히 모두 같은 마음이라 힘내서 활동할 수 있는 것 같아요. 제니 맞아요. 서로 재촉해요. 더 해야 한다고.', '4명의 멤버가 한마음, 한뜻으로 움직일 수 있는 원동력은 뭐예요? 제니 자만하는 게 아니라 저희는 각자 서로에게 보이는 가능성을 믿어요. 저 역시 멤버들을 봤을 때 더 잘할 수 있는 걸 알고, 더 많은 것을 이뤄낼 수 있을 것 같거든요. 누군가 이런 믿음을 보이면 더 해야겠다는 마음이 생기잖아요. 그렇게 서로 함께 나아가는 것 같아요.', '<마리끌레르> 코리아 창간 25주년 커버 모델로서 10, 20대 여성을 대표해 각자 생각하는 아름다움에 대한 정의를 내려볼까요. 지수 아름다움은 스스로 생각하기에 따라 결정된다고 믿어요. 스스로 어떤 부분을 마음에 안 들어 하면 그 부분만 보이듯 말이에요. 타인의 시선도 중요하지만 자신이 바라 보는 스스로의 모습을 중요하게 생각해야 하지 않을까요? 로제 스스로 가장 좋아하는 것, 하고 싶은 일을 할 때 표정이나 태도에서 드러나는 여유로움과 행복이 그 사람을 아름답게 만들어준다고 생각해요. 제니 두 사람의 말에 모두 동의해요. 하나 더 보태면 언제나 사랑으로 가득했으면 좋겠어요. 미워하는 누군가가 생겨도 그걸 내 속에 있는 사랑으로 감싸는 사람이요. 그걸 해낼 수 있다면 아름답고 멋있는 사람인 것 같아요. 로제 오늘 뭔가 되게 많이 배우고 가는 느낌이야. 리사 언니들이 다 말한 것 같아요. 어제 결혼식 가서 느낀건데 누군가 진심으로 행복해하는 모습을 보면 덩달아 행복해지는 것 같아요. 그리고··· 이제 몰라요. 거기까지요.(웃음)', '나다운 것이 중요하다고 말하는 시대죠. 누군가 ‘블랙핑크답다’라고 말했을 때 그건 어떤 의미였으면 좋겠어요? 제니 멋있고 새롭다? 그리고 카리스마있고 예쁘고 귀여운, 섹시한 모습까지 모두 아우를 수 있었으면 좋겠어요. 욕심일 수 있겠지만 ‘블랙핑크스럽다’는 말이 이 모든 걸 함축했으면 좋겠어요. 지수 제니 말이 딱 맞는 것 같아요. 저희는 항상 이 앨범에서 어떤 새로운 모습을 보여줄까, 어떤 포인트를 만들까를 많이 생각하거든요. 블랙핑크가 선보이는 것들이 새롭고 처음 보는 것 같다는 생각이 든다면 저희가 원하는 방향으로 가고 있는 거예요.', '다음 앨범 준비는 잘되고 있나요? 힌트를 주자면요? 제니 곡 작업을 꾸준히 하고 있어요. 다음 앨범이 정규 앨범이 됐든 미니 앨범이 됐든 몇 곡이 될지는 아직 말하진 못하지만 다양한 장르의 곡을 준비하고 있다는 얘긴 하고 싶어요. 그중에서 또 어떤 곡들이 공개될지도 모르지만요. 그래도 하나 확실한 건 ‘마지막처럼’과는 다른 모습이라는 건 장담해요.', '마지막으로 여성 팬이 많은 걸 그룹이기도 하죠. 또래의 팬들에게 하고 싶은 말이 있다면요? 제니 영어로 하면 ‘Love Yourself’라고 하잖아요. 블랙핑크도 팬들도 지금 자신을 만들어나가는 시기 같아요. 타인에게 영향 받지 않고, 자신에게 가장 잘 맞고 행복한 일을 찾아서 내면과 외면을 건강하게 쌓아가는 게 중요한 것 같아요. 블랙핑크 와!(박수)']|Je|M
운동에 빠진 스타들 8|http://www.marieclairekorea.com/lifestyle/2017/04/%ec%9a%b4%eb%8f%99%ec%97%90-%eb%b9%a0%ec%a7%84-%ec%8a%a4%ed%83%80%eb%93%a4/|2017-04|['자기 관리에 철저한 두 사람은 운동 욕구를 끌어 올리는 충분한 자극제가 된다. 효린은 “소유만큼 열심히는 못해요.”라고 밝혔지만 발리 여행을 떠나서도 짐(Gym)을 빼놓지 않고 찾았다. 완벽한 몸매로 손꼽히는 한혜진도 화보 촬영 또는 컬렉션 기간을 앞두고는 허리와 힙 라인을 강조하기 위한 근력 운동에 소홀하지 않는다. 두 사람의 #헬스타그램 에서 몸에 맞는 운동복을 선택하고, 거울을 꾸준히 확인하며 몸의 변화와 운동의 효과를 지켜봐야 한다는 팁을 얻을 수 있다.', ' ', '걸그룹 안무에 익숙한 제니와 소진은 무용과 필라테스의 장점이 결합된 ‘플라잉 요가’를 시작했다. 해먹에 의지해 공중에서 몸의 균형을 잡아야 하는 플라잉 요가는 자세 교정과 바디 라인 형성에 탁월하다. 한 폭의 그림 같은 상황을 연출한 두 사람은 운동을 넘어 나에게 온전히 집중할 수 있는 시간을 만들어 준 새로운 취미에 푹 빠져있다고.', ' ', '닮고 싶은 라인을 가진 신세경과 설현. 체중 감량 이후 탄력과 균형, 두 마리 토끼를 동시에 잡기 위한 그녀들의 선택은 ‘필라테스’였다. 틀어진 골반, 짝다리와 같은 나의 부족한 부분을 채우고 몸의 근육을 최대한 활용할 수 있다는 것이 필라테스의 최대 장점. 조금 더 즐겁게, 오래 운동하기 위해 많은 스타들이 입문하는 운동 중 하나이다.', ' ', '액션으로 단련된 두 여배우는 지금 당장 운동 선수로 전향해도 될 만큼의 운동 신경과 실력을 갖추고 있다. 승마, 복싱, 수영, 다양한 종목을 섭렵해왔지만 그녀들이 꾸준히 이어오고 있는 운동은 바로 ‘러닝’이다. 하지원은 작품이 끝난 후 여행지에서 맞는 아침은 스트레칭과 가벼운 조깅으로 시작하고, 이시영은 SNS 피드가 러닝앱 화면으로 도배가 될 정도로 장소와 시간을 가리지 않고 뛰는 기록을 남긴다. 기초 체력을 높이고 뭉친 근육을 풀어주기에 뛰는 것만큼 접근성이 좋은 운동이 없기 때문이다.']|lifestyle|0|0|['걸그룹 안무에 익숙한 제니와 소진은 무용과 필라테스의 장점이 결합된 ‘플라잉 요가’를 시작했다. 해먹에 의지해 공중에서 몸의 균형을 잡아야 하는 플라잉 요가는 자세 교정과 바디 라인 형성에 탁월하다. 한 폭의 그림 같은 상황을 연출한 두 사람은 운동을 넘어 나에게 온전히 집중할 수 있는 시간을 만들어 준 새로운 취미에 푹 빠져있다고.']|Je|M
아이돌이 사랑하는 디자이너|http://www.marieclairekorea.com/fashion/2016/10/%ec%95%84%ec%9d%b4%eb%8f%8c%ec%9d%b4-%ec%82%ac%eb%9e%91%ed%95%98%eb%8a%94-%eb%94%94%ec%9e%90%ec%9d%b4%eb%84%88/|2016-10|[' ', '#라이언 하트 #뮤비의상\n모델들만 그를 아끼는 것이 아니죠. 그의 옷은 유독 걸그룹들의 사랑을 한 몸에 받고 있어요. 걸그룹 맏언니 소녀시대의 Lion Heart 뮤직 비디오 속 화이트 미니 원피스는 디자이너 윤춘호의 작품!', ' ', '#휘파람 #뮤비의상\n데뷔한지 얼마 안된 신인 그룹 블랙핑크의 뮤직 비디오 의상도 디자이너 윤춘호의 손을 거쳐 탄생했어요. 휘파람 뮤직 비디오에서 리사가 입었던 시스루 탑과 제니의 레드 티셔츠 모두 YCH. 풀샷으로 보면 더 예쁘다죠.', ' ', '#파니야 뒤를봐 #우리가 있어\n소녀시대 티파니를 응원하기 위해 팬미팅에도 참석했었죠. 미리 준비한 플랜카드를 언제 들어야할지 몰라 식은땀을 흘렸다는 비하인드 에피소드로 절친 사이를 인증했어요.', ' ', '#첸 #시우민 #공항패션\n엑소의 시우민과 첸의 공항 패션의 완성은 S’More 맨투맨. 아이돌이 유독 사랑하고 있는 디자이너인 것 같은 건 기분 탓인가요?']|fashion|0|0|['#휘파람 #뮤비의상\\n데뷔한지 얼마 안된 신인 그룹 블랙핑크의 뮤직 비디오 의상도 디자이너 윤춘호의 손을 거쳐 탄생했어요. 휘파람 뮤직 비디오에서 리사가 입었던 시스루 탑과 제니의 레드 티셔츠 모두 YCH. 풀샷으로 보면 더 예쁘다죠.']|Je|M
붐바야, 소녀들이 출격했다|http://www.marieclairekorea.com/lifestyle/2016/08/blackpink-debut/|2016-08|['YG가 2NE1 이후 7년만에 걸그룹 출격 소식을 전했다. 혹독하기로 소문난 YG의 연습생 기간을 4~6년 거친 소녀들의 예사롭지 않은 연습 영상이 가장 먼저 공개되었다. 4인조로 데뷔를 확정한 ‘블랙핑크‘가 대중과 처음 만난 순간이었다.', 'G-DRAGON(@Xxxibgdrgn)님이 게시한 사진님, 2016 8월 8 오전 4:15 PDT', '', '', 'TEDDY, GD, KUSH를 비롯한 YG의 오빠들부터, 양현석 대표 역시 인스타그램을 이토록 열심히 한 적이 있었나 싶을 정도로 소녀들의 지원 사격에 나섰다. 8월 8일 저녁 8시, YG가 꽁꽁 숨겨온 ‘블랙핑크’의 음원과 뮤직비디오가 공개되었다.', ' ', ' ', ' ', '뮤직비디오 속 강렬히 ‘붐바야’를 외쳤다가 금새 ‘오빠’라며 반전 애교를 선보인 것 처럼, 블랙핑크는 걸크러시와 소녀소녀함 사이를 자유자재로 넘나들며 신인 답지 않은 능숙함을 드러냈다. ‘붐바야’와 함께 공개된 ‘휘파람’은 전체 프로듀싱을 맡은 TEDDY가 블랙핑크에게 가장 처음 선물한 곡으로, 중독성은 물론이며 소녀들의 매력이 가장 잘 드러나는 곡이기도 하다.', ' ', ' ', ' ', '데뷔 전부터 YG 식구들과 호흡을 맞춰왔던 터라 낯이 익은 멤버들이 있다. 제니는 GD의 ‘그XX’ 뮤직비디오 속 여주인공 역할과 ‘블랙’의 피처링을 도우며 ‘지드래곤의 그녀’라고 불렸으며, 리사는 태국 출신으로 YG의 20년 역사상 최초 외국인 멤버로 알려졌다. 지수는 에픽하이의 ‘스포일러’, ‘헤픈엔딩’, 하이&수현의 ‘나는달라’ 뮤직비디오와 아이콘과 함께한 CF에서 얼굴을 알렸다. 가장 베일에 쌓인 로제는 팀의 막내이자 메인 보컬로 YG의 야심작이라고 전해진다. 벌써부터 음원 차트와 소셜 피드를 뜨겁게 달구고 있는 소녀들의 이름은 이제 모두 외웠고, 무대 위 그녀들의 모습이 기다려진다.', ' ', ' ']|lifestyle|0|0|['데뷔 전부터 YG 식구들과 호흡을 맞춰왔던 터라 낯이 익은 멤버들이 있다. 제니는 GD의 ‘그XX’ 뮤직비디오 속 여주인공 역할과 ‘블랙’의 피처링을 도우며 ‘지드래곤의 그녀’라고 불렸으며, 리사는 태국 출신으로 YG의 20년 역사상 최초 외국인 멤버로 알려졌다. 지수는 에픽하이의 ‘스포일러’, ‘헤픈엔딩’, 하이&수현의 ‘나는달라’ 뮤직비디오와 아이콘과 함께한 CF에서 얼굴을 알렸다. 가장 베일에 쌓인 로제는 팀의 막내이자 메인 보컬로 YG의 야심작이라고 전해진다. 벌써부터 음원 차트와 소셜 피드를 뜨겁게 달구고 있는 소녀들의 이름은 이제 모두 외웠고, 무대 위 그녀들의 모습이 기다려진다.']|Je|M
